Date,carry_pnl
2010-01-05,-1.0625872948649695
2010-01-06,1.7272657256716561
2010-01-07,0.9159772382142384
2010-01-08,-0.007681525750613538
2010-01-11,-0.07329487484306618
2010-01-12,-2.079380275298015
2010-01-13,0.7463116355371779
2010-01-14,0.6555282386869754
2010-01-15,-1.5005810043894785
2010-01-18,0.4627586260709027
2010-01-19,0.07819362713783473
2010-01-20,-1.2267877910144387
2010-01-21,-1.6280637313965451
2010-01-22,-0.9995335736783462
2010-01-25,1.1109740971782411
2010-01-26,-1.4418247837172382
2010-01-27,-0.016844474558230793
2010-01-28,-0.49374600819958037
2010-01-29,-0.5071945786588872
2010-02-01,1.4425099905797323
2010-02-02,-0.8635545678966627
2010-02-03,-0.14962537395974973
2010-02-04,-3.0775463878367715
2010-02-05,-0.2687111877003323
2010-02-08,-0.5312551674041766
2010-02-09,2.234582721611944
2010-02-10,0.14496792407785453
2010-02-11,1.333935279060694
2010-02-12,0.08737243233325476
2010-02-15,0.15316392944411117
2010-02-16,1.569761883696441
2010-02-17,0.6280342038178732
2010-02-18,-0.00974470453873888
2010-02-19,0.6895775431859485
2010-02-22,-0.24045981218032697
2010-02-23,-2.0739835448479793
2010-02-24,0.35403322928238
2010-02-25,-2.001424665654805
2010-02-26,0.6874812250378115
2010-03-01,0.7375537686520328
2010-03-02,0.10859503783173796
2010-03-03,-0.21572900899984315
2010-03-04,0.11021424176382855
2010-03-05,2.1702197590986794
2010-03-08,0.09567833384012125
2010-03-09,0.43559785090308
2010-03-10,0.3217607998294847
2010-03-11,0.44525761014979626
2010-03-12,-0.17053262806807634
2010-03-15,-0.343738415767314
2010-03-16,0.5651752056619275
2010-03-17,0.5764985239471665
2010-03-18,-0.10746328048296672
2010-03-19,-0.5089059498321502
2010-03-22,0.08986631672427414
2010-03-23,-0.016105527081822224
2010-03-24,1.1057223496342639
2010-03-25,0.24104760828917993
2010-03-26,-0.47335566946784535
2010-03-29,1.3402418148560802
2010-03-30,0.5752653082210069
2010-03-31,0.4436459386445657
2010-04-01,0.8835305441435626
2010-04-02,0.726605340841191
2010-04-05,-0.08885240362523916
2010-04-06,0.15248106563636732
2010-04-07,-0.5637097658706569
2010-04-08,0.3319147382337295
2010-04-09,0.22730877783438963
2010-04-12,-0.7218163910724051
2010-04-13,0.12689630115674255
2010-04-14,1.0360175068988564
2010-04-15,-0.49178658689918997
2010-04-16,-1.9414833135936949
2010-04-19,0.4709587692912187
2010-04-20,1.38509870599548
2010-04-21,-0.5207766947042725
2010-04-22,0.21953127338627532
2010-04-23,0.8279530196256157
2010-04-26,-0.025305965484090365
2010-04-27,-2.057283014540223
2010-04-28,1.7827754079669855
2010-04-29,0.6653200484795452
2010-04-30,-0.7549285348832147
2010-05-03,1.1438631958520684
2010-05-04,-1.8306808249991757
2010-05-05,-1.2490070505231987
2010-05-06,-5.444563598424468
2010-05-07,0.969944169204906
2010-05-10,3.4181338909515357
2010-05-11,-1.6537905678214226
2010-05-12,0.820942557986859
2010-05-13,-0.421000330125354
2010-05-14,-1.3491188397190879
2010-05-17,-0.8577501123731235
2010-05-18,-2.4455047163463473
2010-05-19,-2.040620152544159
2010-05-20,-6.54178726045358
2010-05-21,3.1627806929725555
2010-05-24,-0.8165373139230159
2010-05-25,0.5639671989975614
2010-05-26,-0.7925587808846668
2010-05-27,3.6230446134320804
2010-05-28,0.31561560577499925
2010-05-31,0.09681143501167888
2010-06-01,-1.7682055078305448
2010-06-02,2.319101710906657
2010-06-03,0.6792045130801005
2010-06-04,-3.1094322932658125
2010-06-07,-1.924244737785652
2010-06-08,1.6552276021487122
2010-06-09,0.4345760591352166
2010-06-10,2.0834909834186233
2010-06-11,0.7330317619537174
2010-06-14,0.9404869570185825
2010-06-15,0.5286837839067138
2010-06-16,-0.16991567777566718
2010-06-17,-0.12061034098096446
2010-06-18,0.33984370106574513
2010-06-21,0.8916694229681221
2010-06-22,-0.9087516519032279
2010-06-23,-0.48587400283894855
2010-06-24,-1.1268285383498666
2010-06-25,0.3444871680915673
2010-06-28,-0.36395916965605846
2010-06-29,-3.0781339014053666
2010-06-30,-1.2308673879744214
2010-07-01,-0.23859050062340348
2010-07-02,-0.434001826923347
2010-07-05,-0.6697647553092212
2010-07-06,1.4869672547705326
2010-07-07,1.6902321078599014
2010-07-08,2.388296354476771
2010-07-09,0.31710257903589945
2010-07-12,-0.15384531336002372
2010-07-13,1.1139548929176568
2010-07-14,-0.884371414614038
2010-07-15,-0.7283296926014815
2010-07-16,-2.541157655905768
2010-07-19,0.07394706360404069
2010-07-20,2.2192243520306354
2010-07-21,-1.0687325744376475
2010-07-22,2.3065126898784483
2010-07-23,0.5444685542151495
2010-07-26,0.21786005734092395
2010-07-27,0.860968822277175
2010-07-28,-1.374178990600261
2010-07-29,0.17826531373354992
2010-07-30,-0.013785109022035336
2010-08-02,1.1504962903694294
2010-08-03,-0.9357865698333301
2010-08-04,0.05012970151587748
2010-08-05,1.0043017851588898
2010-08-06,-0.6873958039567585
2010-08-09,-0.19407089874847738
2010-08-10,0.3858309563310014
2010-08-11,-0.9075590731917105
2010-08-12,-2.3566423429180583
2010-08-13,1.4598725617233077
2010-08-16,-0.2512393041530947
2010-08-17,-0.80855270721234
2010-08-18,1.4384507202123364
2010-08-19,-0.9314704171619725
2010-08-20,-0.9178390566174643
2010-08-23,-0.029067851793196375
2010-08-24,-0.2663220310633152
2010-08-25,-1.8628498000790694
2010-08-26,0.7421243805350697
2010-08-27,-0.4270945504080581
2010-08-30,3.436736465203283
2010-08-31,-2.348969379449106
2010-09-01,-0.26727633406897766
2010-09-02,2.1995784347203617
2010-09-03,-0.21239883133787885
2010-09-06,0.8736270616254815
2010-09-07,-0.201941654576121
2010-09-08,-1.1393871450390058
2010-09-09,1.0721887980448486
2010-09-10,0.5554992351888721
2010-09-13,1.1395704050656486
2010-09-14,-0.2182803051505644
2010-09-15,-0.1546921373343224
2010-09-16,3.0543937174499547
2010-09-17,-0.10015962622995644
2010-09-20,0.03543719921756949
2010-09-21,0.9657878785005458
2010-09-22,0.07221637501411138
2010-09-23,-0.7787460294506054
2010-09-24,-0.3112847640928784
2010-09-27,0.9282633019803699
2010-09-28,-0.11820031941294218
2010-09-29,0.3132211878674518
2010-09-30,0.05014391724387224
2010-10-01,-0.6596511307023434
2010-10-04,0.4724584925752007
2010-10-05,-0.22936872868672964
2010-10-06,0.093508595520575
2010-10-07,0.23797963260188126
2010-10-08,-0.11047878218377605
2010-10-11,0.09351896320997088
2010-10-12,-0.23927350173691408
2010-10-13,-0.07367586010635918
2010-10-14,0.5051409958368502
2010-10-15,-0.1968436829058895
2010-10-18,-0.5720220388609532
2010-10-19,-0.09145073791119174
2010-10-20,-1.5020117493408591
2010-10-21,0.9301183824788062
2010-10-22,-0.3607794660496211
2010-10-25,0.5331665015510412
2010-10-26,0.03344875850714857
2010-10-27,0.30982719803347436
2010-10-28,-0.9708624211129724
2010-10-29,0.011810945830070807
2010-11-01,-0.12405719064061405
2010-11-02,0.4256657165117028
2010-11-03,1.1586146059339386
2010-11-04,1.008054151092197
2010-11-05,0.7764803377771523
2010-11-08,0.6137487521112872
2010-11-09,-0.6251294883518055
2010-11-10,0.03559123246124063
2010-11-11,0.7733930490061214
2010-11-12,-0.5486531361836411
2010-11-15,-0.6360658347202675
2010-11-16,0.26710314804356816
2010-11-17,-0.4656810110171383
2010-11-18,0.2599664048278827
2010-11-19,1.4161699823045604
2010-11-22,-0.0909801818619771
2010-11-23,-0.5470690769155295
2010-11-24,-1.2958912456314087
2010-11-25,1.4058595608293034
2010-11-26,-0.6190975613405092
2010-11-29,-0.5005612038931462
2010-11-30,-0.4030585182018376
2010-12-01,-0.8623024590709294
2010-12-02,1.2658072041468627
2010-12-03,0.6479730652243942
2010-12-06,0.4327705857747999
2010-12-07,-0.4707053413892881
2010-12-08,0.4701911767976297
2010-12-09,0.3348390346699537
2010-12-10,0.20540199389242897
2010-12-13,0.1888407207347731
2010-12-14,0.46893652635036087
2010-12-15,0.6705433857620902
2010-12-16,-0.4277555622209883
2010-12-17,-0.08495036267783806
2010-12-20,-0.14323562620275343
2010-12-21,0.25330104456615654
2010-12-22,0.41647155859514395
2010-12-23,-0.06733401529770422
2010-12-24,-0.10446541355382255
2010-12-27,-0.44680335048170594
2010-12-28,0.3724209226323216
2010-12-29,-0.1414508225529021
2010-12-30,-0.10915747108619644
2010-12-31,-0.2529690227676129
2011-01-03,0.12198676151959909
2011-01-04,0.22953309187840887
2011-01-05,-0.4942123724010372
2011-01-06,0.6636190116592111
2011-01-07,-0.5241968414365417
2011-01-10,-0.034887945619255234
2011-01-11,-0.4316592998304891
2011-01-12,-0.47368538946797045
2011-01-13,1.033266674774147
2011-01-14,-0.15111495001205455
2011-01-17,-0.5309227093442725
2011-01-18,-0.03234343842306586
2011-01-19,0.40879240401032746
2011-01-20,-0.6009534742675626
2011-01-21,-0.1769694320496562
2011-01-24,0.0044124075205598245
2011-01-25,0.7623230050264773
2011-01-26,-0.6028261371884724
2011-01-27,0.37847378747768445
2011-01-28,-0.10327070974200936
2011-01-31,-1.2113968409226405
2011-02-01,1.0522476588316287
2011-02-02,0.4954499782932942
2011-02-03,0.1461101990659408
2011-02-04,0.5573510058996867
2011-02-07,0.5312775339993747
2011-02-08,0.19614129619895948
2011-02-09,0.14071953678085336
2011-02-10,-0.23221162153079788
2011-02-11,0.18522647444010332
2011-02-14,0.19310794289564281
2011-02-15,0.012460206577546984
2011-02-16,-0.08214153152961146
2011-02-17,0.4809830518428093
2011-02-18,0.4847381330378653
2011-02-21,0.05732167947243294
2011-02-22,-0.6026449885797369
2011-02-23,-1.188611131099293
2011-02-24,-0.10118792456896841
2011-02-25,0.290305967341542
2011-02-28,-0.1509865090801421
2011-03-01,0.7998016498603988
2011-03-02,-0.5334025360235195
2011-03-03,0.28459516580934263
2011-03-04,0.29824679823118316
2011-03-07,0.17643337804620352
2011-03-08,-0.28248623698168274
2011-03-09,0.3206219780512498
2011-03-10,0.10701592585853348
2011-03-11,-0.6836342840466081
2011-03-14,-1.174244280374337
2011-03-15,0.6177430135813289
2011-03-16,-2.4060215456379375
2011-03-17,-3.870469839398094
2011-03-18,0.9971903975850793
2011-03-21,3.2381359734296122
2011-03-22,1.0467148218677558
2011-03-23,0.1317114043865253
2011-03-24,0.23685367806498547
2011-03-25,0.8754354753456539
2011-03-28,0.9507233579612251
2011-03-29,0.39656599447273067
2011-03-30,1.306196609999155
2011-03-31,1.1929821264552665
2011-04-01,0.38594144091990135
2011-04-04,1.6751951573002133
2011-04-05,-0.4339090771873222
2011-04-06,0.8113168570955454
2011-04-07,1.321729592717369
2011-04-08,-0.18627066108363177
2011-04-11,1.1625419829069061
2011-04-12,-1.0785867584243602
2011-04-13,-1.7091863683387443
2011-04-14,0.6595395746266997
2011-04-18,-0.06247471107343472
2011-04-19,-1.7218173884794075
2011-04-20,0.7846678831868958
2011-04-21,1.2076061224803647
2011-04-22,-0.023022917158477263
2011-04-25,0.11215969048239405
2011-04-26,-0.3195978093468943
2011-04-27,0.21969434248820807
2011-04-28,1.395777970723544
2011-04-29,-0.0023768858625095035
2011-05-02,-0.14336927143776546
2011-05-03,-0.22427270446825354
2011-05-04,-1.0631846215539031
2011-05-05,-1.3514643229931789
2011-05-06,-1.5811828598512268
2011-05-09,1.4510965071970583
2011-05-10,0.18741127664845258
2011-05-11,1.3818255966982829
2011-05-12,-1.2084615461305237
2011-05-13,-0.46571897564793296
2011-05-16,-1.1997820236943957
2011-05-17,0.10861414527716384
2011-05-18,1.4258937249062686
2011-05-19,0.21406328463364765
2011-05-20,0.47245719695587773
2011-05-23,-0.3762594038018596
2011-05-24,-0.8319417525824324
2011-05-25,0.5685928277676222
2011-05-26,-0.18174686753593683
2011-05-27,-0.07200611690172387
2011-05-30,0.2817247300727965
2011-05-31,-0.022148750422035235
2011-06-01,0.531405083392178
2011-06-02,-1.067463465450702
2011-06-03,0.4116559804816955
2011-06-06,-0.15018341286399117
2011-06-07,-0.33378470627893897
2011-06-08,0.02998583705760005
2011-06-09,-1.0346703538999247
2011-06-10,0.34366994009205065
2011-06-13,-0.7651420328700587
2011-06-14,0.47352598687582237
2011-06-15,1.32023314323928
2011-06-16,-0.7333106792906552
2011-06-17,-0.4799682580312936
2011-06-20,-0.12947624615555764
2011-06-21,0.08667407636004931
2011-06-22,-0.0004103674820843395
2011-06-23,-0.19479935471840015
2011-06-24,-0.07476926739324874
2011-06-27,-0.5186662226095207
2011-06-28,0.308787299983182
2011-06-29,1.0999489115188776
2011-06-30,1.009486031930562
2011-07-01,0.04727398421828788
2011-07-04,0.9600689900618464
2011-07-05,-0.43614771913902395
2011-07-06,-0.07630976478574247
2011-07-07,-0.10641697561779573
2011-07-08,1.0858765431615236
2011-07-11,-1.1629875709483484
2011-07-12,-1.1745166347397085
2011-07-13,-1.703119574369305
2011-07-14,1.2987609822443513
2011-07-15,-0.15929257859617074
2011-07-18,-0.7534808360987411
2011-07-19,-0.4145655224476297
2011-07-20,1.2918522985921665
2011-07-21,-0.16419655730026683
2011-07-22,0.41965656988547373
2011-07-25,-0.15640136304833074
2011-07-26,-0.08282722350405614
2011-07-27,0.5598258836251535
2011-07-28,0.7488857427221607
2011-07-29,-0.5904197680553391
2011-08-01,-0.4855790373943236
2011-08-02,0.0019155513537816304
2011-08-03,-2.4941166819346217
2011-08-04,0.04866012903732564
2011-08-05,-0.32317077662569194
2011-08-08,-1.7601000485312213
2011-08-09,-3.278390597454739
2011-08-10,1.8171838171121335
2011-08-11,-2.918399640998026
2011-08-12,2.2295676521113306
2011-08-15,0.4120191224088465
2011-08-16,1.085224596572476
2011-08-17,-0.2639383385805383
2011-08-18,0.28892444816113194
2011-08-19,-1.3327379035155795
2011-08-22,0.23471362398135298
2011-08-23,0.24478170736947913
2011-08-24,0.9713886427744844
2011-08-25,-0.04310020689095584
2011-08-26,0.29748595270564504
2011-08-29,0.39566498643814896
2011-08-30,1.286552799824281
2011-08-31,-0.34114539893768114
2011-09-01,0.17117419562051595
2011-09-02,0.49917582892895496
2011-09-05,-1.011810495935217
2011-09-06,-0.8497871380281907
2011-09-07,0.7520510751024112
2011-09-08,1.0873776019877823
2011-09-09,-0.1127153903532907
2011-09-12,-1.62314759886093
2011-09-13,-1.2484523192129338
2011-09-14,-0.5766538286172462
2011-09-15,-0.7468309261629003
2011-09-16,0.5687677100216781
2011-09-19,0.1018604748319607
2011-09-20,-1.9199846427607525
2011-09-21,0.7506532191122517
2011-09-22,-1.6897286531630584
2011-09-23,-3.2896913708371223
2011-09-26,0.9767234392242141
2011-09-27,-0.33384065070345414
2011-09-28,1.5091096976934004
2011-09-29,-2.0193100740772074
2011-09-30,0.48094137010128435
2011-10-03,-0.21654706945719582
2011-10-04,-2.3621989915972863
2011-10-05,0.577063599468608
2011-10-06,0.8676014345321503
2011-10-07,0.9085882612338336
2011-10-10,0.4305151832820542
2011-10-11,2.1047959699677987
2011-10-12,-0.2787629337286157
2011-10-13,2.6989637864500926
2011-10-14,-0.4306203446309498
2011-10-17,2.31341998462522
2011-10-18,-2.1611325111514867
2011-10-19,0.7455577681106496
2011-10-20,-0.11223670390434481
2011-10-21,0.03794054545760428
2011-10-24,0.08834987627066582
2011-10-25,1.2632172501414685
2011-10-26,-0.36474472912104705
2011-10-27,-0.1894688074291162
2011-10-28,2.5362479266757942
2011-10-31,-0.44883117650931226
2011-11-01,2.1237941560300566
2011-11-02,-2.2981921713000286
2011-11-03,-0.6898090778078458
2011-11-04,1.4903620872560364
2011-11-07,-0.011109682924104192
2011-11-08,-0.433410214396579
2011-11-09,-0.31130200102773564
2011-11-10,-2.2660277358274694
2011-11-11,0.020632709111056968
2011-11-14,1.1584774231023331
2011-11-15,-1.3395748439224864
2011-11-16,-0.582449012656161
2011-11-17,-0.9172905235905748
2011-11-18,-0.8452176138255663
2011-11-21,0.009596501968989202
2011-11-22,-1.2768266868536937
2011-11-23,0.030353081724010522
2011-11-24,-1.1838786854049932
2011-11-25,-0.014829496852852841
2011-11-28,1.966670902845724
2011-11-29,1.3340000886073344
2011-11-30,0.9562601421070571
2011-12-01,1.8389290329295926
2011-12-02,-0.08969641667924133
2011-12-05,0.6500720144308803
2011-12-06,-0.17649493407094763
2011-12-07,-0.14546049210613088
2011-12-08,0.1919095858008868
2011-12-09,-0.9581498090285967
2011-12-12,0.22735445329307158
2011-12-13,-1.2249319977106543
2011-12-14,-0.45897763326248064
2011-12-15,-0.6420304862038817
2011-12-16,0.006665711222741955
2011-12-19,0.22462443716178004
2011-12-20,-0.18244131949669562
2011-12-21,1.3598337770871938
2011-12-22,0.2915781340123269
2011-12-23,0.7464349666786108
2011-12-26,0.04658896964679915
2011-12-27,0.04920132432426616
2011-12-28,-0.29206060299136194
2011-12-29,-0.5816410019150231
2011-12-30,0.22377208290536021
2012-01-02,-0.31015583151354775
2012-01-03,0.5619547989662577
2012-01-04,0.878522494604872
2012-01-05,-0.3036174878573883
2012-01-06,-0.23037228309761293
2012-01-09,-0.7912176450755481
2012-01-10,0.4449244231564675
2012-01-11,0.4340746295997233
2012-01-12,0.21331517126073063
2012-01-13,0.08179167840898227
2012-01-16,-0.284566303485434
2012-01-17,0.21581361861240378
2012-01-18,0.6062555811376269
2012-01-19,0.3342868161817725
2012-01-20,0.32202576174691355
2012-01-23,0.4427841873600791
2012-01-24,0.6126569213435351
2012-01-25,0.4359722049146475
2012-01-26,1.180999101267033
2012-01-27,-0.1488731795972642
2012-01-30,-0.7185146882715543
2012-01-31,-0.949293981585897
2012-02-01,0.09774543167571093
2012-02-02,0.920981385838604
2012-02-03,-0.1316502742227721
2012-02-06,0.972622008410351
2012-02-07,-0.2588770182465838
2012-02-08,1.0223702739047935
2012-02-09,0.2691242169506003
2012-02-10,0.6036941805468876
2012-02-13,-0.47253027533136205
2012-02-14,-0.24643007621352186
2012-02-15,1.082953321270863
2012-02-16,0.006876828463808771
2012-02-17,1.0125072749185504
2012-02-20,1.7614653673295955
2012-02-21,-0.9984735333457673
2012-02-22,-0.13651611107168282
2012-02-23,0.11090307548984324
2012-02-24,0.549191916871794
2012-02-27,1.6533533992280525
2012-02-28,-0.6474820055904162
2012-02-29,0.38018334431606515
2012-03-01,0.48199408142681754
2012-03-02,0.4090609187184402
2012-03-05,-0.1057857423929276
2012-03-06,-0.5468621542101371
2012-03-07,-2.092925046139138
2012-03-08,0.8350915828009509
2012-03-09,1.0532134987884856
2012-03-12,0.21764926499578952
2012-03-13,-0.2881955915223333
2012-03-14,0.8036920801330449
2012-03-15,0.13007834602078994
2012-03-16,0.34314083167985565
2012-03-19,0.7654189242294551
2012-03-20,-0.08949515055030055
2012-03-21,-0.7340027262741966
2012-03-22,-0.7717681470229554
2012-03-23,-1.378569753381198
2012-03-26,0.9637021135513679
2012-03-27,0.8618294098795776
2012-03-28,-0.7422129846407
2012-03-29,-0.7486235787618423
2012-03-30,-0.8407930015299048
2012-04-02,1.2799023665207798
2012-04-03,-1.5497079736491948
2012-04-04,0.37267414963544354
2012-04-05,-0.705988342237962
2012-04-06,-0.14348951649481023
2012-04-09,-1.1301006985863005
2012-04-10,0.6286067559774011
2012-04-11,-1.8913342893761786
2012-04-12,1.2293471286121793
2012-04-13,1.030112652135351
2012-04-16,-0.8944249719461617
2012-04-17,-0.5365585246162041
2012-04-18,1.3874516312629481
2012-04-19,-0.046556923536833494
2012-04-20,0.1378023148976837
2012-04-23,0.39060616330326425
2012-04-24,-1.3507941349067742
2012-04-25,0.6552857330208717
2012-04-26,0.14189484579478773
2012-04-27,-0.22656269798657647
2012-04-30,0.02408247321952217
2012-05-01,-0.9132523238168266
2012-05-02,-0.41397085688410495
2012-05-03,-0.3634509485570758
2012-05-04,-0.27993088405444677
2012-05-07,-1.8718628121195735
2012-05-08,1.0479711572320527
2012-05-09,-1.1631512413859069
2012-05-10,-0.6678818731565839
2012-05-11,0.2280535730714961
2012-05-14,-0.1322496812203866
2012-05-15,-0.6874433648048628
2012-05-16,0.3198988012120596
2012-05-17,-0.1153736443516129
2012-05-18,-1.5007468746630392
2012-05-21,-0.8644805009298651
2012-05-22,1.0897916201453528
2012-05-23,-0.7173206963668077
2012-05-24,-1.1206971542184752
2012-05-25,0.653609689758583
2012-05-28,0.49158692805857385
2012-05-29,0.0009609970644364196
2012-05-30,-0.006726532197709467
2012-05-31,-1.8951977461741043
2012-06-01,-0.430081656230219
2012-06-04,-1.304611678696177
2012-06-05,1.4335814933766455
2012-06-06,0.7659001852845959
2012-06-07,2.058358165773888
2012-06-08,0.5135031061149098
2012-06-11,0.6341626963935587
2012-06-12,-1.377747845944044
2012-06-13,1.035240355234257
2012-06-14,-0.2091588332693961
2012-06-15,0.7112433355348058
2012-06-18,0.57702163928528
2012-06-19,-0.10155736121444381
2012-06-20,0.7295500881368211
2012-06-21,0.6474745573941787
2012-06-22,-0.7533602513857263
2012-06-25,0.6051760148756413
2012-06-26,-1.3307899623995256
2012-06-27,0.11836876571960087
2012-06-28,0.5714980617040899
2012-06-29,-0.8916951085031544
2012-07-02,2.736018320442457
2012-07-03,-0.5232077545691105
2012-07-04,1.0249224738853258
2012-07-05,-0.08118491893185364
2012-07-06,0.07157361218208536
2012-07-09,-1.2878634501052533
2012-07-10,0.16457370913736113
2012-07-11,-0.3846300707456507
2012-07-12,0.8578685368922478
2012-07-13,-1.461149783448512
2012-07-16,0.8457461519076892
2012-07-17,-0.3658275825138446
2012-07-18,1.1038440512770364
2012-07-19,0.07536324195296373
2012-07-20,0.5393937635197688
2012-07-23,-1.176614461813874
2012-07-24,-0.8256982649094802
2012-07-25,-0.7978692995659564
2012-07-26,0.880781905978445
2012-07-27,1.1235326601433115
2012-07-30,0.9572526042547436
2012-07-31,-0.15897277149568012
2012-08-01,-0.13970853681277706
2012-08-02,0.19223218705224365
2012-08-03,-0.2838479254568371
2012-08-06,1.4842681299657823
2012-08-07,-0.48613408547926173
2012-08-08,0.31150594705271484
2012-08-09,-0.08745394466551648
2012-08-10,0.4298662181302815
2012-08-13,-0.596354866733817
2012-08-14,-0.29002250863385814
2012-08-15,0.38951249435494883
2012-08-16,0.3003921821241873
2012-08-17,0.6226545179028653
2012-08-20,-0.4872408501611414
2012-08-21,-0.06532760092146095
2012-08-22,0.00918997712868741
2012-08-23,-0.4308581263781308
2012-08-24,-0.6521057665294316
2012-08-27,-0.05538839454071187
2012-08-28,-0.37826314087390234
2012-08-29,-0.15907319230905603
2012-08-30,-0.10134607112750604
2012-08-31,-0.8175137059307724
2012-09-03,-0.303902791981292
2012-09-04,-0.2932232035042892
2012-09-05,-0.11557146507799043
2012-09-06,-0.23642085344517394
2012-09-07,1.4831831595642386
2012-09-10,-0.029159447467597133
2012-09-11,-0.2808175554725123
2012-09-12,0.3559432391988304
2012-09-13,0.3879309087570393
2012-09-14,0.4533093990883197
2012-09-17,0.9734364197079959
2012-09-18,-0.17332233960096755
2012-09-19,-0.10800262786980763
2012-09-20,-0.2438921077648315
2012-09-21,-0.604267304087247
2012-09-24,-0.09507157040506975
2012-09-25,-0.38062023004943324
2012-09-26,-0.7642217446685917
2012-09-27,0.03738060556452982
2012-09-28,0.5039883945040957
2012-10-01,-0.28102391523752157
2012-10-02,0.17076905903039563
2012-10-03,-0.8124092129972338
2012-10-04,0.08962556497309482
2012-10-05,0.18041173839951075
2012-10-08,-0.424328564765708
2012-10-09,-0.0955649015537352
2012-10-10,-0.3203151122991299
2012-10-11,0.13501816283076895
2012-10-12,0.7638216541876242
2012-10-15,-0.2343121621235289
2012-10-16,0.8222320619813539
2012-10-17,0.5231609199371379
2012-10-18,0.9555059165059498
2012-10-19,0.2764594559439226
2012-10-22,-0.6574881211428574
2012-10-23,1.1770537696899064
2012-10-24,-0.8542691683326664
2012-10-25,0.7927604304717173
2012-10-26,0.5809801952838756
2012-10-29,-0.7345017786714925
2012-10-30,0.06923998163526068
2012-10-31,0.15035509811600622
2012-11-01,0.3144007023721862
2012-11-02,0.8144254889679736
2012-11-05,-0.3106230227522655
2012-11-06,-0.04735893568090788
2012-11-07,0.6394669936133468
2012-11-08,-0.6109941057527379
2012-11-09,-0.6414733914782644
2012-11-12,-0.06398257726787371
2012-11-13,0.5037823706229183
2012-11-14,-0.002311963858669941
2012-11-15,0.18671653915465214
2012-11-16,0.87211518522059
2012-11-19,0.7409740172950041
2012-11-20,0.17298250270592064
2012-11-21,0.3743238400850224
2012-11-22,0.9638935990757602
2012-11-23,-0.26718026460894606
2012-11-26,0.9941970935642086
2012-11-27,-0.6622173016991972
2012-11-28,-0.032308728816854426
2012-11-29,0.36960768741671757
2012-11-30,-0.42258633381155875
2012-12-03,0.41890167617220087
2012-12-04,-0.348819752198426
2012-12-05,0.04552929276464557
2012-12-06,0.45615018919724637
2012-12-07,0.271743162210325
2012-12-10,0.26291146858659076
2012-12-11,-0.1829344428302404
2012-12-12,0.6669633112368567
2012-12-13,0.9251618169600073
2012-12-14,0.4401509353127553
2012-12-17,0.8061501333360255
2012-12-18,-0.36887487634735816
2012-12-19,0.2732254874277418
2012-12-20,-0.5516544406840351
2012-12-21,0.28078637154271835
2012-12-24,-0.793499542801257
2012-12-25,0.2242806948226539
2012-12-26,0.2692108968813445
2012-12-27,0.7065745181876304
2012-12-28,1.0089199460063591
2012-12-31,-0.4132042770568667
2013-01-01,0.8778371191605849
2013-01-02,-0.10324657752400768
2013-01-03,1.786300079017611
2013-01-04,0.1344755569774314
2013-01-07,0.976736370609177
2013-01-08,-0.9125332683677989
2013-01-09,-0.41828830011914064
2013-01-10,1.366320996959658
2013-01-11,1.977143677857196
2013-01-14,-0.05586121128315913
2013-01-15,0.20590915239990792
2013-01-16,-0.7695681666114673
2013-01-17,-0.22376775559518336
2013-01-18,1.2135329661854044
2013-01-21,0.04895597477074798
2013-01-22,-0.5584843833753794
2013-01-23,-0.7348169476841804
2013-01-24,-0.19554659461329393
2013-01-25,1.3692613504093565
2013-01-28,0.39190863967950573
2013-01-29,-0.7035412602062863
2013-01-30,0.778252129046475
2013-01-31,-0.17757801168425402
2013-02-01,0.8710658577206987
2013-02-04,1.1155279375626215
2013-02-05,-0.5012277759149475
2013-02-06,1.032770943332495
2013-02-07,-0.8290372528475975
2013-02-08,-0.14786930698933443
2013-02-11,-0.7427753730283371
2013-02-12,1.2201465011712154
2013-02-13,-0.22205573883791185
2013-02-14,0.13429953745405232
2013-02-15,-0.3531687030979169
2013-02-18,0.3474040341849616
2013-02-19,0.08554708951031831
2013-02-20,0.3293166838731709
2013-02-21,-0.9870482887081478
2013-02-22,-0.06259449383019255
2013-02-25,1.1818652416395459
2013-02-26,-2.2440960527655873
2013-02-27,-0.63737893480178
2013-02-28,0.24425448464999722
2013-03-01,0.15069991100091773
2013-03-04,0.8627170606143153
2013-03-05,-0.10152814292740953
2013-03-06,0.5023458382273249
2013-03-07,0.3592067617806949
2013-03-08,1.453311606253327
2013-03-11,0.7871637829460099
2013-03-12,1.064815715372025
2013-03-13,-0.33517027335301375
2013-03-14,-0.04368267154777339
2013-03-15,0.7313252942000803
2013-03-18,-1.3786187039502629
2013-03-19,0.8849983668375971
2013-03-20,-0.6109721896765619
2013-03-21,1.1147162700322122
2013-03-22,-0.5157311988144953
2013-03-25,0.067042840914322
2013-03-26,-0.8159495900889047
2013-03-27,0.8286751273165693
2013-03-28,-0.5549070704889081
2013-03-29,-0.420196456935229
2013-04-01,0.06061364676310799
2013-04-02,-0.9321105748649083
2013-04-03,0.4031856589594929
2013-04-04,-0.5313599483557363
2013-04-05,3.476714437805195
2013-04-08,1.689083067471464
2013-04-09,1.2177046849694895
2013-04-10,0.3011474002220238
2013-04-11,1.2180515166754224
2013-04-12,0.04789227193329193
2013-04-15,-1.5389793614416059
2013-04-16,-3.3075973510604095
2013-04-17,1.2721589020609825
2013-04-18,-0.35552728552687984
2013-04-19,0.1342048584399569
2013-04-22,1.4088852784320371
2013-04-23,-0.6930842158757722
2013-04-24,0.46274274743252075
2013-04-25,-0.07819288431962779
2013-04-26,0.07640311948218237
2013-04-29,-1.5676718406594015
2013-04-30,0.6162993878223721
2013-05-01,-0.4083912209285723
2013-05-02,-0.9234378081105499
2013-05-03,0.5505705035492303
2013-05-06,1.6376621808495972
2013-05-07,-0.30224837608401334
2013-05-08,-1.191048023648933
2013-05-09,0.2244891257141779
2013-05-10,0.7761545899904077
2013-05-13,0.24448284568214795
2013-05-14,-0.4161258486357733
2013-05-15,-0.05581474666105368
2013-05-16,-0.055847161031796766
2013-05-17,-0.8401510821301139
2013-05-20,-0.03569516537651474
2013-05-21,-0.01855736791995799
2013-05-22,0.3290437877853547
2013-05-23,-0.861400169040416
2013-05-24,-0.5730056427971641
2013-05-27,-1.7548890346043233
2013-05-28,-0.033709514933577545
2013-05-29,0.7606119751797591
2013-05-30,-0.8855712344289168
2013-05-31,0.5373045331836357
2013-06-03,-1.0839866191869607
2013-06-04,0.6446221425667087
2013-06-05,-0.5991062397495472
2013-06-06,-2.6749775057779868
2013-06-07,-1.1568467395483228
2013-06-10,-0.5409476404300673
2013-06-11,1.0403692497361394
2013-06-12,-2.7529624484478266
2013-06-13,0.009439432297719819
2013-06-14,1.179298779476623
2013-06-17,-1.932018275768721
2013-06-18,0.1622963583099324
2013-06-19,0.2691813650024688
2013-06-20,-1.0770150521169253
2013-06-21,-0.24525948397635666
2013-06-24,1.6967711584815692
2013-06-25,-0.6494484211630347
2013-06-26,0.6595326429719162
2013-06-27,-0.12266047089588561
2013-06-28,0.670371944390924
2013-07-01,-0.7427938065747153
2013-07-02,1.5579486031179979
2013-07-03,0.013428402626436409
2013-07-04,-1.3666704088255432
2013-07-05,0.8268185356172797
2013-07-08,0.28403405157084727
2013-07-09,0.33237446263405523
2013-07-10,0.6201584112343728
2013-07-11,-1.4924580252179798
2013-07-12,-0.5527407703609821
2013-07-15,-0.8561541774097403
2013-07-16,0.8889759151264887
2013-07-17,0.8655463743708847
2013-07-18,0.41533420731210136
2013-07-19,0.3220285874526052
2013-07-22,0.28472928977492096
2013-07-23,-0.6075264195270602
2013-07-24,0.5225115762622412
2013-07-25,-0.7879254418803772
2013-07-26,0.03231699443460023
2013-07-29,-1.1551249126963814
2013-07-30,-0.555906822299912
2013-07-31,-1.3676213627932032
2013-08-01,-1.5238340707706133
2013-08-02,1.4806516197624742
2013-08-05,-0.8400674385659945
2013-08-06,-0.6036219021990252
2013-08-07,-0.12564184933636646
2013-08-08,-0.5923136992201261
2013-08-09,1.3756502124592895
2013-08-12,0.10316837137385182
2013-08-13,0.46354932076879685
2013-08-14,0.7960025426065886
2013-08-15,0.194676397807525
2013-08-16,-0.9524908316020042
2013-08-19,1.385608987292497
2013-08-20,-1.0040200330304838
2013-08-21,-0.8265935126693602
2013-08-22,-0.5482231354059675
2013-08-23,1.679174828905028
2013-08-26,-0.05481800326687658
2013-08-27,-0.6259956975753322
2013-08-28,-2.13728582029451
2013-08-29,0.8717954468348221
2013-08-30,0.337891139528379
2013-09-02,0.257497988003208
2013-09-03,1.8951599362601712
2013-09-04,0.5908353706568725
2013-09-05,1.4836225997270525
2013-09-06,-0.1915207572324995
2013-09-09,0.715152390756546
2013-09-10,0.12867128524307603
2013-09-11,1.3392946141504325
2013-09-12,-0.10499601800884051
2013-09-13,-1.0104995146692275
2013-09-16,0.11044719094603916
2013-09-17,0.029425874830302234
2013-09-18,0.40406065702507377
2013-09-19,0.6063498997949779
2013-09-20,0.6539272063654344
2013-09-23,-0.5498028576514047
2013-09-24,-0.325847144391922
2013-09-25,-0.409192368066158
2013-09-26,-0.4905305312810526
2013-09-27,0.4330459707068357
2013-09-30,-1.7158827258558995
2013-10-01,0.7879783262309203
2013-10-02,0.3136906190238875
2013-10-03,-0.6939871880326187
2013-10-04,0.10508395510608892
2013-10-07,0.5086225423043933
2013-10-08,-0.7232920142167032
2013-10-09,0.3863757559159353
2013-10-10,0.6063828668780857
2013-10-11,0.8029553567921788
2013-10-14,0.04127064816186188
2013-10-15,1.0299285088808396
2013-10-16,0.19190051980846334
2013-10-17,0.43599059651926453
2013-10-18,-0.15185924533565043
2013-10-21,0.40528147124445635
2013-10-22,0.192457563520243
2013-10-23,0.44037993370800166
2013-10-24,-1.3422595218250954
2013-10-25,-0.23843941378363098
2013-10-28,-0.02833394934154132
2013-10-29,-0.5064301373334246
2013-10-30,-0.11470084602995811
2013-10-31,0.2588407687817984
2013-11-01,-0.2626778021328491
2013-11-04,0.43466950135486737
2013-11-05,0.4338852465612497
2013-11-06,-0.2976933886738031
2013-11-07,0.47423532970949367
2013-11-08,-1.2102256878335105
2013-11-11,0.14353915637144166
2013-11-12,-0.13124131146184936
2013-11-13,-0.17028364234468185
2013-11-14,0.2792733091449229
2013-11-15,0.4480028991619811
2013-11-18,0.7426121490820448
2013-11-19,-0.44662267383861476
2013-11-20,1.0421791390158752
2013-11-21,-1.1508387940633469
2013-11-22,0.006459317502738315
2013-11-25,-0.6650013877443017
2013-11-26,0.364397055308352
2013-11-27,-0.8950006907634922
2013-11-28,0.5359957265963722
2013-11-29,0.10350542939026042
2013-12-02,0.6411080773721656
2013-12-03,0.38778514123851693
2013-12-04,-0.3949727336467923
2013-12-05,-1.053597341094381
2013-12-06,-0.27989580855383167
2013-12-09,1.8392936677611216
2013-12-10,-0.06160738078770933
2013-12-11,0.205670231705124
2013-12-12,-1.3642484717599324
2013-12-13,-0.3737178663818064
2013-12-16,0.08032014150802791
2013-12-17,-0.3771168561035765
2013-12-18,-0.587020761808521
2013-12-19,0.7018735503537599
2013-12-20,0.24311352254144936
2013-12-23,0.432294651858256
2013-12-24,0.23448834333699153
2013-12-25,0.027328547552496474
2013-12-26,0.17737151618932856
2013-12-27,0.016882633047465845
2013-12-30,0.08333784888516771
2013-12-31,0.35036434259918536
2014-01-01,0.2307760153093419
2014-01-02,-0.1545813947234187
2014-01-03,-0.280109332624523
2014-01-06,0.7561523357345612
2014-01-07,-0.6506117102844655
2014-01-08,-0.07170679583383688
2014-01-09,-0.17451805827777278
2014-01-10,0.06022035366290979
2014-01-13,0.47773813932276976
2014-01-14,-0.3796037144554454
2014-01-15,0.038721477705561114
2014-01-16,-0.22298841609718068
2014-01-17,-1.2351492962162425
2014-01-20,-0.5581375806485989
2014-01-21,0.3624735900950249
2014-01-22,-0.005200040235298076
2014-01-23,0.8615294467706036
2014-01-24,-2.1838700507268882
2014-01-27,-1.9986388713412184
2014-01-28,1.0236382117195575
2014-01-29,1.17981018867086
2014-01-30,-1.3285694952312355
2014-01-31,0.9782834076872859
2014-02-03,-0.9755349308731454
2014-02-04,-1.1068536308285193
2014-02-05,2.400228317563391
2014-02-06,-0.05946465157573577
2014-02-07,0.8159823836894287
2014-02-10,0.42846038825077315
2014-02-11,-0.3584691288408326
2014-02-12,1.2296572696946395
2014-02-13,0.009789048928654509
2014-02-14,-0.734867873151801
2014-02-17,0.26340356573175683
2014-02-18,0.2508006253624462
2014-02-19,0.0509913222331182
2014-02-20,-0.23434205086290127
2014-02-21,0.1183866575719339
2014-02-24,-0.13348556734591455
2014-02-25,0.6424917400574603
2014-02-26,-0.6328819315762235
2014-02-27,-0.34927446769148496
2014-02-28,-0.21074627836727977
2014-03-03,-1.4267304607738618
2014-03-04,0.3770869531709131
2014-03-05,1.0560553911488135
2014-03-06,0.45953024800118314
2014-03-07,2.08449578808958
2014-03-10,-0.36587762582691585
2014-03-11,-0.3021236915578207
2014-03-12,-1.0586377125414437
2014-03-13,0.3315432192417589
2014-03-14,-0.6074248297958995
2014-03-17,-0.43725424923748424
2014-03-18,1.1424225055992387
2014-03-19,0.05519531613078499
2014-03-20,-0.047457455986688046
2014-03-21,0.04224036353646099
2014-03-24,0.4617290528034834
2014-03-25,0.35439261437923975
2014-03-26,0.46442319227884
2014-03-27,0.21720509677560784
2014-03-28,0.7770851196328366
2014-03-31,0.659165230452774
2014-04-01,0.4412651596180206
2014-04-02,0.06470120931008072
2014-04-03,0.3407843928102894
2014-04-04,-0.1132219966990311
2014-04-07,0.05504120492785258
2014-04-08,-0.4705907263788722
2014-04-09,-0.22613291524702372
2014-04-10,0.4704842841288803
2014-04-11,-0.4625274076230701
2014-04-14,-0.07681093433611341
2014-04-15,0.7549978918951483
2014-04-16,-0.7502047836587478
2014-04-17,0.6434142001263021
2014-04-18,-0.22335753226367938
2014-04-21,0.15575719320801706
2014-04-22,0.17106095716103997
2014-04-23,0.33106208524567027
2014-04-24,-1.0167187016379975
2014-04-25,-0.37761786199739245
2014-04-28,-0.1755085309415927
2014-04-29,0.22510956781343072
2014-04-30,0.27144498692657226
2014-05-01,-0.22780152754062755
2014-05-02,-0.02178753613710782
2014-05-05,-0.042505843730222814
2014-05-06,0.006259680039999438
2014-05-07,0.3180746573152149
2014-05-08,-0.10224260054121359
2014-05-09,0.23269642029912774
2014-05-12,0.18032928530613557
2014-05-13,0.29460139499466464
2014-05-14,0.12678109946495653
2014-05-15,-0.34272606251049
2014-05-16,-0.4506765544543434
2014-05-19,0.1577916803675583
2014-05-20,-0.3902516652737553
2014-05-21,-1.2883603443479608
2014-05-22,0.17136037358067568
2014-05-23,0.24046592509705533
2014-05-26,0.38498210599307026
2014-05-27,0.07660438055347996
2014-05-28,0.22060350905892534
2014-05-29,-0.6390164509787688
2014-05-30,0.897406439639159
2014-06-02,0.02922688994997369
2014-06-03,-0.13393787688453784
2014-06-04,0.3899209435573425
2014-06-05,0.2635284584407316
2014-06-06,0.3237238385157326
2014-06-09,0.16203094653801653
2014-06-10,0.10272048317112592
2014-06-11,0.14437327482124118
2014-06-12,-0.19496544639467928
2014-06-13,0.18421722448866973
2014-06-16,-0.055535606495582535
2014-06-17,-0.06341520488684083
2014-06-18,-0.3210287263687661
2014-06-19,0.43757190234376964
2014-06-20,-0.017536704539367065
2014-06-23,0.03652916244412108
2014-06-24,0.16606708272810522
2014-06-25,-0.5322807699874588
2014-06-26,0.3337201999597639
2014-06-27,-0.13348165481419372
2014-06-30,-0.0935147607660669
2014-07-01,-0.01710082783219491
2014-07-02,0.9314257116159297
2014-07-03,-0.3045016533705258
2014-07-04,-0.5530630688054039
2014-07-07,0.06587437146261532
2014-07-08,-0.15155007758336225
2014-07-09,0.07885962317990547
2014-07-10,0.15831286014229562
2014-07-11,-0.5964965749464923
2014-07-14,0.04433479649017524
2014-07-15,0.27660886272107277
2014-07-16,-0.16086348138282247
2014-07-17,0.004048619926155794
2014-07-18,-0.6232796237664928
2014-07-21,0.6657583589907423
2014-07-22,-0.22459570583261979
2014-07-23,0.28710105149185594
2014-07-24,0.6345833110431798
2014-07-25,-0.01742237388739909
2014-07-28,-0.1588999320999429
2014-07-29,0.1778859517814979
2014-07-30,-0.015343090876296372
2014-07-31,0.11925969232855493
2014-08-01,-0.31302866451747846
2014-08-04,-0.09668078008913117
2014-08-05,0.2243992711987275
2014-08-06,-0.2728544529873922
2014-08-07,0.016007869941514485
2014-08-08,-0.8733193673430506
2014-08-11,0.1944195638666768
2014-08-12,-0.0878164359557232
2014-08-13,0.14274940118355062
2014-08-14,0.5186562758799695
2014-08-15,0.20608961254664493
2014-08-18,-0.05466879320794593
2014-08-19,0.270361339884051
2014-08-20,0.04535232693561042
2014-08-21,0.6107410862015605
2014-08-22,0.34668396226074094
2014-08-25,0.3070875272991769
2014-08-26,-0.36249580977765206
2014-08-27,0.43869481476610517
2014-08-28,0.024106735618545372
2014-08-29,0.015339022287363946
2014-09-01,0.2189790020747706
2014-09-02,0.24095991038297626
2014-09-03,0.22402091409903235
2014-09-04,0.3441199206567269
2014-09-05,0.6399155557242686
2014-09-08,-0.07184716305410621
2014-09-09,-0.015768001846794277
2014-09-10,-0.7510676216487155
2014-09-11,0.12626448337105245
2014-09-12,-0.3993055748968466
2014-09-15,-0.7094932353893357
2014-09-16,0.07892846324955016
2014-09-17,0.566071090293363
2014-09-18,-0.1013684005666704
2014-09-19,0.5166981887865241
2014-09-22,-0.334174376275187
2014-09-23,-0.8702241078543338
2014-09-24,-0.4326370557057757
2014-09-25,0.7500304140721781
2014-09-26,-1.255412703662362
2014-09-29,-0.03258793230334067
2014-09-30,-0.24492551483890068
2014-10-01,0.4985180773254827
2014-10-02,-0.48310678363063797
2014-10-03,0.11973864407759383
2014-10-06,-0.3066522871593813
2014-10-07,0.3770636890165102
2014-10-08,-0.2834600690695188
2014-10-09,0.4139169480552818
2014-10-10,-1.1870042350792032
2014-10-13,-1.3825082876147698
2014-10-14,0.6345334263318181
2014-10-15,-0.28139887133817876
2014-10-16,-0.2939327032549732
2014-10-17,0.16116324922139658
2014-10-20,0.5481709168610349
2014-10-21,-0.014727796437319363
2014-10-22,0.05990631095491583
2014-10-23,0.11418236977267515
2014-10-24,0.8187848241003381
2014-10-27,0.5705754242837591
2014-10-28,-0.309698909224454
2014-10-29,0.9017677022213677
2014-10-30,-0.3614019632575127
2014-10-31,0.9889654612233345
2014-11-03,2.4849386578483346
2014-11-04,0.04203500243866731
2014-11-05,0.4851954241193335
2014-11-06,-0.9620455085248336
2014-11-07,0.276779662310056
2014-11-10,0.4287608048642033
2014-11-11,0.0157953057792648
2014-11-12,1.7101022885362527
2014-11-13,-0.04305922352629832
2014-11-14,0.17198374028410957
2014-11-17,1.4491845292742722
2014-11-18,-0.6936194832278586
2014-11-19,0.21769297293581236
2014-11-20,-0.16746814275261368
2014-11-21,0.3308975934863456
2014-11-24,0.3176285661238287
2014-11-25,-0.3128063104934631
2014-11-26,-1.0932437512465532
2014-11-27,-0.4404935615521799
2014-11-28,0.07743627802929698
2014-12-01,-0.11671788369700398
2014-12-02,0.026522031466758023
2014-12-03,0.5138123826366581
2014-12-04,-0.11552579247551265
2014-12-05,-0.21915948225261772
2014-12-08,0.5261550992712527
2014-12-09,-0.8434031031847589
2014-12-10,-1.0736064200941975
2014-12-11,-0.9706153829845299
2014-12-12,0.06060512908749871
2014-12-15,-1.1272743168656563
2014-12-16,-0.30421750227329625
2014-12-17,-0.8544074012397651
2014-12-18,0.6397943170420639
2014-12-19,0.7082906777987397
2014-12-22,0.19001458799567938
2014-12-23,0.24210370377346635
2014-12-24,0.30596085548335594
2014-12-25,-0.20725323973360688
2014-12-26,-0.08359324116682387
2014-12-29,0.11193630686683331
2014-12-30,0.5153153248143028
2014-12-31,-0.4032786690436829
2015-01-01,-0.05033326425838425
2015-01-02,0.3530176615689662
2015-01-05,-0.8862208360747248
2015-01-06,-0.450019066912688
2015-01-07,-0.8615647816735184
2015-01-08,0.4928831019007873
2015-01-09,0.8635218820741919
2015-01-12,0.04750972354254923
2015-01-13,-0.7795850466038701
2015-01-14,-0.16261567350177586
2015-01-15,-0.7155638137076537
2015-01-16,-0.09581941927185866
2015-01-19,1.2827348645607861
2015-01-20,-0.23057528206402722
2015-01-21,0.437985404701724
2015-01-22,-1.478564842009522
2015-01-23,-0.22840364280583003
2015-01-26,-2.9875750867646156
2015-01-27,1.5904723732923287
2015-01-28,-0.6440960747028157
2015-01-29,-0.5104029945093735
2015-01-30,-0.823110753249523
2015-02-02,-0.8981231264488132
2015-02-03,0.5801151103040025
2015-02-04,-0.45091801859691305
2015-02-05,-0.30564748969450495
2015-02-06,0.7168474552525117
2015-02-09,0.7384749252542511
2015-02-10,0.16508032245485804
2015-02-11,0.46242036128345543
2015-02-12,-0.09745582355675797
2015-02-13,-0.6141639211801442
2015-02-16,-0.12799386332276175
2015-02-17,-0.19516291765910854
2015-02-18,1.3334776364393397
2015-02-19,-0.48817856912191093
2015-02-20,0.11274165483416976
2015-02-23,0.7215219135359829
2015-02-24,-0.7397455133220321
2015-02-25,0.4149530982968441
2015-02-26,0.5980809597595949
2015-02-27,-0.5539489876091652
2015-03-02,0.17222302828647784
2015-03-03,-0.03699005494750551
2015-03-04,0.3111165005354799
2015-03-05,0.0711156111383282
2015-03-06,-0.14595070856211478
2015-03-09,-0.22649392929725565
2015-03-10,0.09587623343838558
2015-03-11,-0.8920629415409387
2015-03-12,-0.15320483570731014
2015-03-13,1.2525265221684734
2015-03-16,-1.1493250936594812
2015-03-17,0.39966854788531236
2015-03-18,-0.3299620069784126
2015-03-19,1.0006110755477415
2015-03-20,-0.9736582715211384
2015-03-23,1.0432161801229967
2015-03-24,0.9531526909251298
2015-03-25,-0.12036892390971943
2015-03-26,-0.6545037998274772
2015-03-27,-0.23626800338369947
2015-03-30,-1.1730991552821202
2015-03-31,-0.3721426553384255
2015-04-01,-0.569306608343001
2015-04-02,-0.4548913405298505
2015-04-03,-0.22087190960788927
2015-04-06,0.1037372289567351
2015-04-07,-0.16270670489191286
2015-04-08,1.3532395072830328
2015-04-09,0.428848241113422
2015-04-10,0.637945275313645
2015-04-13,-0.7237367820800422
2015-04-14,-1.2035068606938593
2015-04-15,-0.11713908664210404
2015-04-16,0.5716844150519096
2015-04-17,1.3644133160642946
2015-04-20,0.05446618011060167
2015-04-21,-0.7690429378847119
2015-04-22,0.2793796312920316
2015-04-23,0.7031742512431771
2015-04-24,0.0546614231857534
2015-04-27,0.1843664152463731
2015-04-28,0.6171821184178805
2015-04-29,1.3606126688955777
2015-04-30,0.13429128495998643
2015-05-01,-0.7902285537698672
2015-05-04,-0.31999576557557585
2015-05-05,0.09899349631521392
2015-05-06,1.0622100573225213
2015-05-07,-0.15995982732757152
2015-05-08,-0.4050287886639081
2015-05-11,0.36013975536104414
2015-05-12,-0.02965237264980214
2015-05-13,0.9006902538130968
2015-05-14,0.9991343824178545
2015-05-15,-0.3347221180982407
2015-05-18,-0.3102067638718564
2015-05-19,-0.1687067003451892
2015-05-20,-0.2913386231673476
2015-05-21,-0.09409952610057726
2015-05-22,0.1163950713701789
2015-05-25,-0.6735220166958156
2015-05-26,0.20821144812084302
2015-05-27,0.11356023429442974
2015-05-28,0.47832121155464424
2015-05-29,-0.9655523900855334
2015-06-01,0.1695485660792473
2015-06-02,0.16011192898859328
2015-06-03,1.2774401485263542
2015-06-04,0.3464008274721042
2015-06-05,-1.0175898999026156
2015-06-08,0.13276846476719673
2015-06-09,0.012127508392145714
2015-06-10,-0.13127811220381425
2015-06-11,-0.635911829799829
2015-06-12,0.7759976760274068
2015-06-15,-0.4492951443504145
2015-06-16,0.4702312687691279
2015-06-17,-0.13483902894839694
2015-06-18,-0.20210491091225968
2015-06-19,0.42062913706275573
2015-06-22,-0.47939689798333074
2015-06-23,0.018663588651923746
2015-06-24,0.582797030117943
2015-06-25,-0.43532551916629636
2015-06-26,0.11673124840458904
2015-06-29,-2.205608914705759
2015-06-30,0.6551993919430732
2015-07-01,0.036685518809020934
2015-07-02,0.07045706925370432
2015-07-03,-0.21482181115533017
2015-07-06,-2.5268781936911067
2015-07-07,0.07615981163549002
2015-07-08,-0.39011629110530244
2015-07-09,-1.8329626396041743
2015-07-10,1.2238322162887005
2015-07-13,0.1871370570985187
2015-07-14,0.5012467805948884
2015-07-15,0.4939036105872763
2015-07-16,-0.5294223672789311
2015-07-17,0.7808906546129979
2015-07-20,-0.61921353614387
2015-07-21,0.2448872051707074
2015-07-22,0.26891562945050573
2015-07-23,-0.45502363409197777
2015-07-24,-0.41981448588113146
2015-07-27,-1.1904607395681444
2015-07-28,-0.37427673519183635
2015-07-29,1.2389883099989785
2015-07-30,-0.3791084991231042
2015-07-31,0.08062874033059053
2015-08-03,0.06865524018633273
2015-08-04,-0.40430211711672825
2015-08-05,1.5973548532435267
2015-08-06,0.07875426401344754
2015-08-07,-0.08700542586677074
2015-08-10,0.43103366408581145
2015-08-11,0.4290777151459757
2015-08-12,-1.0471916657842861
2015-08-13,0.33288910462303534
2015-08-14,0.008476013810287952
2015-08-17,-0.11029839551981446
2015-08-18,0.12785543247488818
2015-08-19,-0.5000907756821604
2015-08-20,-0.16481682925091334
2015-08-21,-0.6071869705062127
2015-08-24,-2.447254074319849
2015-08-25,-3.556864538921989
2015-08-26,-1.2223086057469246
2015-08-27,1.541505569637458
2015-08-28,1.5004074864428674
2015-08-31,-0.21162610944265303
2015-09-01,-0.6098886395422998
2015-09-02,-2.539055436682025
2015-09-03,1.2395685164939163
2015-09-04,-0.8222973054941907
2015-09-07,-1.9382073365947106
2015-09-08,0.3263510046883855
2015-09-09,1.8988458868455016
2015-09-10,-0.8376411937116135
2015-09-11,1.8002260569380812
2015-09-14,0.5677248306555471
2015-09-15,0.5229022130270433
2015-09-16,-0.42149982261778796
2015-09-17,1.0842451874667258
2015-09-18,-0.5334001425155055
2015-09-21,-0.005158828739637578
2015-09-22,-0.443807999421475
2015-09-23,-1.0582923170490144
2015-09-24,-1.0167987821213753
2015-09-25,0.23800093385415444
2015-09-28,0.20957502065377387
2015-09-29,-1.1183172285404996
2015-09-30,0.45691404021490634
2015-10-01,0.12241578532474762
2015-10-02,0.3648096181370519
2015-10-05,0.31055562517070534
2015-10-06,0.9621692387391079
2015-10-07,0.8067882972785156
2015-10-08,0.24547621252120067
2015-10-09,1.0110562284322278
2015-10-12,0.869777304109709
2015-10-13,0.271587192711209
2015-10-14,-1.9082093534877664
2015-10-15,0.5809343199055128
2015-10-16,0.33018634016110937
2015-10-19,-0.7404700239862283
2015-10-20,0.1252695723263919
2015-10-21,0.4346523329631147
2015-10-22,-0.6679867777905635
2015-10-23,0.7782980163751674
2015-10-26,0.546749976384886
2015-10-27,0.06911704612315717
2015-10-28,-1.1745720537480686
2015-10-29,-0.9354611010029323
2015-10-30,-0.07756679592905158
2015-11-02,0.2753706874727424
2015-11-03,0.5724509903810571
2015-11-04,0.6830471100598423
2015-11-05,-0.37119439745287863
2015-11-06,0.25514796263941264
2015-11-09,-0.2470007073135161
2015-11-10,0.07783801489544828
2015-11-11,-0.06973945822865701
2015-11-12,0.05133295300021601
2015-11-13,0.8215545885764897
2015-11-16,-0.6164343665190142
2015-11-17,0.6143922564447735
2015-11-18,0.39218746386744385
2015-11-19,0.14069999397916533
2015-11-20,0.5396795838989554
2015-11-23,0.5630108508514642
2015-11-24,-0.5535046303669411
2015-11-25,0.6078061876553242
2015-11-26,0.1198939978760194
2015-11-27,-0.576346504234948
2015-11-30,-0.290039504965689
2015-12-01,0.9867983711254968
2015-12-02,1.0283867441471362
2015-12-03,-0.0036604515895266587
2015-12-04,-0.13712263779344092
2015-12-07,0.6149061948989898
2015-12-08,-1.020025158019644
2015-12-09,-0.7734869556306645
2015-12-10,-0.8931945527056673
2015-12-11,0.5719359743873387
2015-12-14,-2.1204263185824024
2015-12-15,1.3926310374517303
2015-12-16,-0.2421715850904338
2015-12-17,0.718420968597
2015-12-18,-1.0968188461754291
2015-12-21,-0.41610937913227897
2015-12-22,0.37628950626920066
2015-12-23,0.3440670141507507
2015-12-24,-0.08165099870436343
2015-12-25,0.04182517136803732
2015-12-28,0.07514127146921457
2015-12-29,-0.26251142227038393
2015-12-30,0.6550430979954225
2015-12-31,-0.17591866740382933
2016-01-01,-0.2688390959117104
2016-01-04,0.252130138168849
2016-01-05,-2.1057157770248747
2016-01-06,-0.627097879614924
2016-01-07,-1.608235165746974
2016-01-08,-1.7267933819570036
2016-01-11,-1.510196881609338
2016-01-12,1.1752594582176368
2016-01-13,0.14506919242207594
2016-01-14,-1.0710029991589654
2016-01-15,1.5239814898442727
2016-01-18,-3.0003190275380787
2016-01-19,0.614269160115688
2016-01-20,0.7275343385113597
2016-01-21,-0.08831306783005921
2016-01-22,1.846352470867485
2016-01-25,0.3753108914725134
2016-01-26,-1.2456887808406147
2016-01-27,1.1042637926761412
2016-01-28,0.24141161831745528
2016-01-29,1.4035883985089814
2016-02-01,1.7386749829646497
2016-02-02,0.20346492762632895
2016-02-03,-1.9379718362190657
2016-02-04,0.3348210771173088
2016-02-05,-0.4987982435107119
2016-02-08,-1.4623105942936476
2016-02-09,-1.2247955519923748
2016-02-10,-0.5914751918053573
2016-02-11,-1.1456076312743368
2016-02-12,-0.3783651734592608
2016-02-15,0.9502885556697649
2016-02-16,1.0240095490335444
2016-02-17,-0.6418132637309837
2016-02-18,1.0092807804636061
2016-02-19,-1.2749383990452001
2016-02-22,-0.7603293804581135
2016-02-23,1.6721496256394852
2016-02-24,-1.4624533436897513
2016-02-25,0.17293953039987375
2016-02-26,1.5159317857295074
2016-02-29,-1.0551554369609306
2016-03-01,-0.8877631325703739
2016-03-02,1.9062573368579194
2016-03-03,1.0744006898192993
2016-03-04,1.1253171876179913
2016-03-07,0.8857214606599495
2016-03-08,0.2659753577376023
2016-03-09,-0.9930340265449367
2016-03-10,1.015721639321665
2016-03-11,-0.45684337826727983
2016-03-14,2.178807307674324
2016-03-15,-0.5016107207745257
2016-03-16,-1.4008437170232035
2016-03-17,0.7845708091686276
2016-03-18,0.09946504991606986
2016-03-21,-0.5728358965157998
2016-03-22,0.3239953248396432
2016-03-23,0.7319708845652251
2016-03-24,-0.990043852916056
2016-03-25,0.28497875661290806
2016-03-28,0.22926938711713696
2016-03-29,0.6509654215131278
2016-03-30,0.4819323847889301
2016-03-31,0.005433743818716863
2016-04-01,0.22611105776185747
2016-04-04,-0.6594876387379767
2016-04-05,-1.3048551918037332
2016-04-06,-1.5250409281938437
2016-04-07,0.28740951749167687
2016-04-08,-2.4757430116290613
2016-04-11,0.5932551763591309
2016-04-12,0.04214154009588578
2016-04-13,1.868703449603315
2016-04-14,0.39884500180319415
2016-04-15,0.34857191460201387
2016-04-18,-1.905509738493416
2016-04-19,2.6975452830238944
2016-04-20,0.5045788524911665
2016-04-21,0.6060287416797316
2016-04-22,-1.1200015074213865
2016-04-25,1.3880543653521205
2016-04-26,-0.1715912561675359
2016-04-27,0.49183654905361474
2016-04-28,-1.6350274631195538
2016-04-29,-2.781906485236829
2016-05-02,-1.6845179973661417
2016-05-03,0.5672976633945614
2016-05-04,-1.8839734129765917
2016-05-05,-0.1965560576426606
2016-05-06,0.44005453395594696
2016-05-09,-1.2657186691379274
2016-05-10,0.14260601213684776
2016-05-11,1.538902449400914
2016-05-12,-0.8912519079760317
2016-05-13,0.060129713203127544
2016-05-16,-0.9559609394516166
2016-05-17,0.5727610813443418
2016-05-18,0.19477698526209064
2016-05-19,-0.059091586345094704
2016-05-20,-0.15348930666656546
2016-05-23,0.09290547768502355
2016-05-24,-0.6752005811788253
2016-05-25,0.26294500191681447
2016-05-26,-0.06830725970472518
2016-05-27,0.16282791183861445
2016-05-30,0.3588010272168929
2016-05-31,0.24362038743166448
2016-06-01,0.4055551080074715
2016-06-02,-0.8433701856047526
2016-06-03,-0.8734955893407004
2016-06-06,-0.34571871123835196
2016-06-07,1.0709494421128007
2016-06-08,0.7632176241225808
2016-06-09,0.21765432655161954
2016-06-10,-0.7492742402180119
2016-06-13,-1.1050413306689433
2016-06-14,-0.12383052332539668
2016-06-15,-0.5181141705887682
2016-06-16,0.5738314075265039
2016-06-17,-1.4034888370342613
2016-06-20,0.5279772509266034
2016-06-21,-0.38948720393680025
2016-06-22,0.7152335540047461
2016-06-23,0.775131731729195
2016-06-24,0.5087896410082338
2016-06-27,-4.051034262682062
2016-06-28,-1.2569754311661518
2016-06-29,1.4946407182520383
2016-06-30,0.976314933597211
2016-07-01,0.008787254564013303
2016-07-04,-0.3874628534871416
2016-07-05,0.9383719654145084
2016-07-06,-2.496109871670682
2016-07-07,1.0201454167449997
2016-07-08,-0.6721588663655131
2016-07-11,0.7455562736245813
2016-07-12,1.5635808769202564
2016-07-13,3.048734509189388
2016-07-14,-0.755038665633001
2016-07-15,1.2781976693662545
2016-07-18,-0.03660957288409428
2016-07-19,0.45498247349800014
2016-07-20,-0.874796758339591
2016-07-21,0.49563666664032
2016-07-22,-0.8190326852582919
2016-07-25,0.073775996201908
2016-07-26,-0.6795613066829409
2016-07-27,-0.1688768858522982
2016-07-28,0.13045409613818837
2016-07-29,-0.2680589534615363
2016-08-01,-1.3000761732977928
2016-08-02,-0.7689515420873372
2016-08-03,-0.3311975011920376
2016-08-04,0.14350885705851635
2016-08-05,0.5244145216244389
2016-08-08,0.5868407470247305
2016-08-09,0.7833347614051744
2016-08-10,-0.3153606494357364
2016-08-11,-0.12387829525597471
2016-08-12,0.42645502922702416
2016-08-15,-1.0048539197935469
2016-08-16,0.21941403240288704
2016-08-17,-0.7281556450151827
2016-08-18,-0.7505505225329445
2016-08-19,0.3797525953246561
2016-08-22,-0.4581611351427206
2016-08-23,0.008181359657277731
2016-08-24,-0.14884908051471246
2016-08-25,0.20048537200991756
2016-08-26,0.16748433350659564
2016-08-29,0.3189134656053305
2016-08-30,0.35874725424969167
2016-08-31,0.3264881897422134
2016-09-01,0.356321427322559
2016-09-02,0.37562004902111923
2016-09-05,0.8480678913793227
2016-09-06,-0.037761295196947486
2016-09-07,-0.7020094739988103
2016-09-08,0.07084555967011852
2016-09-09,0.23576955245463438
2016-09-12,-1.2423085185452543
2016-09-13,-0.38989961314133126
2016-09-14,-0.5520145139929156
2016-09-15,0.21430673080402585
2016-09-16,-0.1301293530610259
2016-09-19,0.1717870187307291
2016-09-20,0.02506949685310289
2016-09-21,-0.023148858461929933
2016-09-22,-0.14055004658928283
2016-09-23,0.6404409526747479
2016-09-26,-0.3602471677364605
2016-09-27,-0.3060771048946087
2016-09-28,0.6173739585557669
2016-09-29,0.7567182784395499
2016-09-30,-0.5900634174055952
2016-10-03,0.5887923222956837
2016-10-04,0.8035964296368769
2016-10-05,0.05656814330941007
2016-10-06,0.7119045089857723
2016-10-07,-0.2892418948568176
2016-10-10,-0.4068663216168722
2016-10-11,0.6814903119203075
2016-10-12,-0.8457386842992909
2016-10-13,0.8477588437820538
2016-10-14,-0.4536790265540658
2016-10-17,0.7327252847881938
2016-10-18,0.4070939875060242
2016-10-19,0.46948828145254584
2016-10-20,0.20096517150121063
2016-10-21,-0.4992143090978507
2016-10-24,-0.5908386691160117
2016-10-25,0.2558198209368756
2016-10-26,0.6223685116691025
2016-10-27,0.3825252590301753
2016-10-28,-0.1585031432461248
2016-10-31,-0.4997767759676086
2016-11-01,0.36612088960272793
2016-11-02,-0.19416582968472262
2016-11-03,-0.5781433394817181
2016-11-04,0.10151192703875545
2016-11-07,1.0216795948656654
2016-11-08,0.7714231256989112
2016-11-09,0.9169184485488646
2016-11-10,-0.4764197085680433
2016-11-11,0.4676330434431275
2016-11-14,-0.8034730269185331
2016-11-15,1.4821441864575124
2016-11-16,0.5985530986246435
2016-11-17,-1.0198053976729238
2016-11-18,0.03733202447810946
2016-11-21,-0.3522683523914494
2016-11-22,0.4635051241616228
2016-11-23,0.7488283738644075
2016-11-24,0.9459264837648806
2016-11-25,1.214856358085603
2016-11-28,-0.1779759529898839
2016-11-29,-0.17960275595210184
2016-11-30,0.5499013211310189
2016-12-01,0.6768292874410609
2016-12-02,-0.23094279785254024
2016-12-05,-0.04538062413919075
2016-12-06,0.7025077861306794
2016-12-07,0.16511147959898942
2016-12-08,-0.09090736853667458
2016-12-09,-0.06865414619929844
2016-12-12,1.0499218167544955
2016-12-13,0.3050683731364412
2016-12-14,0.15488288581937404
2016-12-15,0.5839236030947159
2016-12-16,0.3088792581016353
2016-12-19,-1.4106559225846693
2016-12-20,-1.1953579238249912
2016-12-21,0.9402488919914465
2016-12-22,-0.6670318439315981
2016-12-23,-0.2523642763576195
2016-12-26,-0.7669912413412971
2016-12-27,-0.0932334472277585
2016-12-28,0.4087485826359316
2016-12-29,-0.4158050110973033
2016-12-30,-0.008881590961395958
2017-01-02,-0.0052297127786982145
2017-01-03,0.5154937919904068
2017-01-04,0.6270221111841945
2017-01-05,0.321193220755811
2017-01-06,-0.8610949014681513
2017-01-09,1.2488041661063765
2017-01-10,-0.3467641359134799
2017-01-11,-0.04972847027233662
2017-01-12,0.4919824349865376
2017-01-13,0.17792028707082075
2017-01-16,-0.22881077883858403
2017-01-17,-0.4006334870180428
2017-01-18,-0.07672721954210537
2017-01-19,1.0906810555454616
2017-01-20,0.9434192403890318
2017-01-23,-0.899913615374226
2017-01-24,-0.7844759078022623
2017-01-25,1.0698249041384944
2017-01-26,-0.7251494008482684
2017-01-27,0.4937327193542007
2017-01-30,0.4685905739072904
2017-01-31,-0.7270651075417245
2017-02-01,-0.6235558128245944
2017-02-02,0.5411615689806415
2017-02-03,0.5116441508725811
2017-02-06,0.15145369353843918
2017-02-07,-1.1136348235106008
2017-02-08,0.18416318269071086
2017-02-09,-0.24600040319729954
2017-02-10,1.2419299759788172
2017-02-13,1.015634760681916
2017-02-14,-0.5444262911299513
2017-02-15,0.8693415390647385
2017-02-16,0.5253855022994469
2017-02-17,-0.9996663001815231
2017-02-20,-0.7366127747157059
2017-02-21,0.5915623307167661
2017-02-22,0.1946271720467796
2017-02-23,0.03856071750726331
2017-02-24,-0.42755403795639024
2017-02-27,-0.9761923810219564
2017-02-28,0.5639368804890244
2017-03-01,-0.13689871170192713
2017-03-02,1.1273941833790824
2017-03-03,-0.9328501161434799
2017-03-06,-0.11456453213523066
2017-03-07,-0.006218958928694285
2017-03-08,0.08513279339850133
2017-03-09,-0.4824226096738604
2017-03-10,0.39715462183880224
2017-03-13,0.12935803423992365
2017-03-14,0.465345074326895
2017-03-15,-0.22842423990574456
2017-03-16,0.7427703716611278
2017-03-17,-0.5512341768552309
2017-03-20,-0.05419196730962472
2017-03-21,0.16643945733554322
2017-03-22,-1.6137957776783507
2017-03-23,-0.2227412261131212
2017-03-24,-0.7717278465052102
2017-03-27,-0.4049097815383762
2017-03-28,0.15459474010974805
2017-03-29,0.715241285867596
2017-03-30,0.140397301943751
2017-03-31,0.3754710535899486
2017-04-03,-0.763060730038756
2017-04-04,-0.8179558646398966
2017-04-05,-0.3420435145481071
2017-04-06,-0.4306010102336777
2017-04-07,0.12148238080410545
2017-04-10,-0.15007926769134983
2017-04-11,-0.4748075852891609
2017-04-12,-1.05440625719323
2017-04-13,-0.1503695071708555
2017-04-14,0.5303183821102508
2017-04-17,-0.4829577203924629
2017-04-18,0.8772259965331153
2017-04-19,-0.9662364828748493
2017-04-20,-0.562996253499326
2017-04-21,0.8125177365594483
2017-04-24,1.0542635445482063
2017-04-25,-0.26570989841671055
2017-04-26,0.9804957885912402
2017-04-27,-0.6154948224140866
2017-04-28,-0.14378063481274017
2017-05-01,0.2964608329900309
2017-05-02,1.106455075463797
2017-05-03,0.2935795445448419
2017-05-04,-0.8114430652074511
2017-05-05,-0.41931200753998477
2017-05-08,0.19474943885452456
2017-05-09,0.12024424724147442
2017-05-10,-0.21596657412740194
2017-05-11,0.7549518638604424
2017-05-12,-0.15643031132356322
2017-05-15,-0.2663951950295895
2017-05-16,0.6791029826426764
2017-05-17,-0.8511575746299571
2017-05-18,-1.210351599419346
2017-05-19,0.1349375298249078
2017-05-22,0.3109760729622324
2017-05-23,-0.10436982112841386
2017-05-24,0.9761124814244737
2017-05-25,-0.041209300671030125
2017-05-26,-0.3876622014965414
2017-05-29,-0.5472438809592695
2017-05-30,-0.1359510096099137
2017-05-31,-0.0671418382976463
2017-06-01,-0.44206215387196934
2017-06-02,-0.05413250614552112
2017-06-05,-0.19913799794036846
2017-06-06,0.7279942787245197
2017-06-07,-0.4930981930820977
2017-06-08,0.7625730656356744
2017-06-09,-0.1975104318337806
2017-06-12,0.40252711958405074
2017-06-13,-0.06204039511281678
2017-06-14,-0.04761026625379472
2017-06-15,0.1645035867899658
2017-06-16,1.3259301461188144
2017-06-19,0.47385914018446273
2017-06-20,0.27944196521021425
2017-06-21,-0.513732970992109
2017-06-22,-0.3544782492821419
2017-06-23,-0.13985280115402787
2017-06-26,0.3232317998391854
2017-06-27,0.7757797998967142
2017-06-28,0.3278802386383006
2017-06-29,0.8000521070429478
2017-06-30,0.35099860748433187
2017-07-03,0.26676064553541323
2017-07-04,0.7142950287057581
2017-07-05,-1.083132725621938
2017-07-06,0.02865305694005338
2017-07-07,-0.2775610975971232
2017-07-10,1.0820585503367397
2017-07-11,0.08955931592945499
2017-07-12,0.15396960061823117
2017-07-13,0.16523113775012144
2017-07-14,0.8703361022636913
2017-07-17,0.20274715665324905
2017-07-18,-0.2735901609116076
2017-07-19,1.1030142788501451
2017-07-20,0.43185783723865834
2017-07-21,-0.14748539908419067
2017-07-24,-1.1171847812169844
2017-07-25,0.2825082967084058
2017-07-26,0.775932899301035
2017-07-27,0.06498828045519156
2017-07-28,-0.35975777790134833
2017-07-31,-0.39230251504829283
2017-08-01,0.057471829227528914
2017-08-02,-0.46363916963616525
2017-08-03,0.28155389802750896
2017-08-04,-0.7374728053275437
2017-08-07,0.4656011077729283
2017-08-08,-0.2180148592126674
2017-08-09,-0.829836334825762
2017-08-10,-0.09937709818248486
2017-08-11,-1.1587763693766018
2017-08-14,0.5958263761582594
2017-08-15,0.021586406174067818
2017-08-16,0.235570989194267
2017-08-17,0.8017649536997684
2017-08-18,-1.3042044846242273
2017-08-21,0.6539887543473122
2017-08-22,-0.2094948355688242
2017-08-23,0.3816569626506894
2017-08-24,-0.7462940576725696
2017-08-25,0.39693280611348136
2017-08-28,0.3900102893156565
2017-08-29,-0.7531061187780796
2017-08-30,1.3804614929232795
2017-08-31,-0.04846453372828741
2017-09-01,0.1461606584210684
2017-09-04,0.020724860260612488
2017-09-05,-0.22246355404847984
2017-09-06,-0.33331931194992004
2017-09-07,0.5101522616146936
2017-09-08,-0.16640984868093733
2017-09-11,-0.12033558956026091
2017-09-12,0.7384068275474553
2017-09-13,0.7172193729206078
2017-09-14,-0.24268077484524975
2017-09-15,-0.2592183514917523
2017-09-18,1.1118880801899156
2017-09-19,-0.05313802712795246
2017-09-20,0.48023038817793795
2017-09-21,1.0448327510477973
2017-09-22,-1.165230972204656
2017-09-25,0.4211845710706985
2017-09-26,-0.9450835948402792
2017-09-27,-0.1943969334159079
2017-09-28,0.0900640607428449
2017-09-29,-0.4063367150318187
2017-10-02,0.4355341608709318
2017-10-03,-0.3848169959108416
2017-10-04,0.1898223122849041
2017-10-05,0.30003130480695805
2017-10-06,-0.953169294909606
2017-10-09,-0.3192848236169943
2017-10-10,-0.16500982384799467
2017-10-11,0.0819517351342336
2017-10-12,0.30554024235833754
2017-10-13,0.13289343488918082
2017-10-16,0.4124306279640444
2017-10-17,-0.2194236895347812
2017-10-18,0.101855105067572
2017-10-19,0.6085603741371459
2017-10-20,0.12597280092461194
2017-10-23,0.34782205405990974
2017-10-24,-0.5454620669021137
2017-10-25,0.05611769770619279
2017-10-26,-1.2075991492480176
2017-10-27,-0.12387160464164548
2017-10-30,-0.24864072242175572
2017-10-31,-0.2312441379834551
2017-11-01,0.07891970664316572
2017-11-02,0.678628161934014
2017-11-03,0.3630389676133272
2017-11-06,-0.6570728663547354
2017-11-07,0.11290215319669228
2017-11-08,-0.4324136289158287
2017-11-09,0.46369825097477557
2017-11-10,-0.4288621142485849
2017-11-13,-0.175848907956333
2017-11-14,-0.5066985686857817
2017-11-15,0.028493155845754625
2017-11-17,-0.8739942101875231
2017-11-20,-1.3198542334360686
2017-11-21,0.4817172302292394
2017-11-22,0.21688020253253226
2017-11-23,-0.5348046131001927
2017-11-24,0.11154314348623684
2017-11-27,0.19870644251537284
2017-11-28,-0.5503317410764486
2017-11-29,0.4528065194190911
2017-11-30,-0.18914627607174994
2017-12-01,0.44811740610779527
2017-12-04,0.6391963534484679
2017-12-05,-0.12198483152532358
2017-12-06,-0.042579508186846304
2017-12-07,-0.62468327375933
2017-12-08,0.06067769508197873
2017-12-11,0.2698647581998115
2017-12-12,0.29942378686398374
2017-12-13,0.3626856977626547
2017-12-14,0.33700673168068906
2017-12-15,0.08781352282778432
2017-12-18,0.0729196838157753
2017-12-19,0.10043583947318968
2017-12-20,0.20681332986207668
2017-12-21,0.47498639516343477
2017-12-22,0.5220462076370724
2017-12-25,0.08470344304967181
2017-12-26,0.15514890605443643
2017-12-27,-0.006093653997552018
2017-12-28,0.587613038334589
2017-12-29,-0.04694439452694876
2018-01-01,-0.088660407119312
2018-01-02,0.059934542078765585
2018-01-03,-0.02993371510268128
2018-01-04,0.2598326742202395
2018-01-05,0.62072192694268
2018-01-08,0.3019905635026965
2018-01-09,-0.18378206158852217
2018-01-10,-0.7841726844342589
2018-01-11,-0.7012028699109885
2018-01-12,0.3637748182634737
2018-01-15,0.1253110431051474
2018-01-16,0.19295215502669327
2018-01-17,-0.040128814206552565
2018-01-18,0.9127063735902552
2018-01-19,0.10662286646766495
2018-01-22,-0.34359983148176676
2018-01-23,0.3378541360449794
2018-01-24,-0.8241366825019747
2018-01-25,-0.14912086922921342
2018-01-26,0.10188530485780722
2018-01-29,0.08406490694022883
2018-01-30,0.047294988384238845
2018-01-31,-0.11041556641272487
2018-02-01,-0.08099999028521321
2018-02-02,-0.0640064989327227
2018-02-05,-1.091949445356577
2018-02-06,-1.2348231888171801
2018-02-07,0.7395118479909479
2018-02-08,-1.3863085090304095
2018-02-09,-0.9825727504792381
2018-02-12,0.6860103333568679
2018-02-13,0.3983510420495273
2018-02-14,-0.8258143620425207
2018-02-15,-0.2440258763313663
2018-02-16,-0.24345777832761595
2018-02-19,-0.25352485178899986
2018-02-20,0.393608352618835
2018-02-21,0.27045061704502604
2018-02-22,-0.8849122182890801
2018-02-23,-0.16287349617962743
2018-02-26,0.24401818113639617
2018-02-27,0.14827452733474633
2018-02-28,-0.38564624788592905
2018-03-01,-1.1201196675039826
2018-03-02,-0.4279498896228917
2018-03-05,-0.6836509008178893
2018-03-06,0.7988745227969885
2018-03-07,-0.4086991919718175
2018-03-08,1.1430131868338078
2018-03-09,-0.2572113370048479
2018-03-12,1.3930059133498873
2018-03-13,-0.4632846786724487
2018-03-14,0.05085478538606747
2018-03-15,-0.05072991920356262
2018-03-16,-1.0051157084119966
2018-03-19,-1.2475643541016601
2018-03-20,-0.0777293182231853
2018-03-21,0.20723320576123694
2018-03-22,0.59859596945262
2018-03-23,-1.9552991226594374
2018-03-26,0.10310357859669717
2018-03-27,1.208220948109573
2018-03-28,-0.8982904223700183
2018-03-29,0.9031232535142264
2018-03-30,0.011579556671725832
2018-04-02,-0.14749941807771227
2018-04-03,-0.878710111557901
2018-04-04,0.9838830225833095
2018-04-05,0.8204308340744926
2018-04-06,-0.41275006716655627
2018-04-09,0.08948238561222732
2018-04-10,0.0504933809127972
2018-04-11,1.1800245728927794
2018-04-12,-0.26789402353567526
2018-04-13,0.296837007802242
2018-04-16,0.4769732716672359
2018-04-17,-0.4214925168160133
2018-04-18,-0.1099907152070867
2018-04-19,0.5681758139690518
2018-04-20,-0.7270603562130273
2018-04-23,-0.4220753586682391
2018-04-24,0.06959808874079654
2018-04-25,0.08285448215586966
2018-04-26,0.0827835320801884
2018-04-27,-0.24486708022096737
2018-04-30,0.05150093868137029
2018-05-01,-0.3340108387988372
2018-05-02,-0.15862539689045496
2018-05-03,0.021274777799329403
2018-05-04,-0.11623075818748552
2018-05-07,0.0017764441871737091
2018-05-08,-0.26036441487166107
2018-05-09,-0.8443091437758787
2018-05-10,0.8808758056870425
2018-05-11,0.5472022152613776
2018-05-14,0.24194386420037794
2018-05-15,0.02967595092538966
2018-05-16,-0.2516011041831745
2018-05-17,0.7264547186155768
2018-05-18,0.2786993579243835
2018-05-21,0.2912245646415901
2018-05-22,0.8683864452170398
2018-05-23,-0.2694663421819121
2018-05-24,-0.9332065722626459
2018-05-25,-0.44061270663749985
2018-05-28,0.09366142932933919
2018-05-29,-0.34890129790271507
2018-05-30,-1.7631790564272776
2018-05-31,1.4816935252926933
2018-06-01,-0.07838591451708732
2018-06-04,0.8761403009093893
2018-06-05,1.4109387065850298
2018-06-06,-0.43058084170862765
2018-06-07,0.772616126643777
2018-06-08,-1.0498307616335745
2018-06-11,-0.3806849853908556
2018-06-12,0.8994156288691157
2018-06-13,-0.33225940535853704
2018-06-14,-0.23389127377356767
2018-06-15,-1.023098738954753
2018-06-18,-0.35588804406780916
2018-06-19,-0.9259347645784843
2018-06-20,-0.2646827942167307
2018-06-21,0.03254796035919716
2018-06-22,-0.2788852404019715
2018-06-25,0.8183446808680994
2018-06-26,-0.6497168066200154
2018-06-27,0.1776966275972902
2018-06-28,-0.5564442472597464
2018-06-29,0.30166590261989645
2018-07-02,0.9326703224735389
2018-07-03,-0.6743797373897742
2018-07-04,0.13079108811302476
2018-07-05,0.11592548323777763
2018-07-06,0.15865752395196608
2018-07-09,0.536686019822985
2018-07-10,0.9461708350963605
2018-07-11,-0.8864881233733968
2018-07-12,0.3724358132396688
2018-07-13,1.1930533097237017
2018-07-16,-0.04592656340923762
2018-07-17,-0.0845082417114007
2018-07-18,0.06665995043029227
2018-07-19,0.0989929749486862
2018-07-20,-0.8623287393441537
2018-07-23,-0.21228008597123926
2018-07-24,-0.3404113759974514
2018-07-25,0.424037811421929
2018-07-26,0.09745212837994899
2018-07-27,-0.8301500726226152
2018-07-30,0.1334859129184074
2018-07-31,0.1467031105343075
2018-08-01,0.9040031714647068
2018-08-02,-0.3471943888904594
2018-08-03,-0.5781526700912476
2018-08-06,0.10758822039899085
2018-08-07,-0.032235826440141224
2018-08-08,0.5173630039263966
2018-08-09,-0.3946253805015676
2018-08-10,-0.5207008394445989
2018-08-13,-1.5527935318974007
2018-08-14,-0.2702626781534878
2018-08-15,0.12108650169442292
2018-08-16,-0.6401445734562028
2018-08-17,0.7479704101034823
2018-08-20,0.21359173889611283
2018-08-21,-0.08498116984578807
2018-08-22,0.4915183376033472
2018-08-23,0.047407722358849824
2018-08-24,-0.5299303209511219
2018-08-27,1.320821816600748
2018-08-28,-0.0643098588885227
2018-08-29,-0.08028875606957975
2018-08-30,0.10713618628108712
2018-08-31,-1.3243665899217216
2018-09-03,-0.8445421132310837
2018-09-04,0.1967637923418919
2018-09-05,-0.004509790741791253
2018-09-06,0.16898545500602102
2018-09-07,-0.9316557657206403
2018-09-10,-0.6604551304891348
2018-09-11,0.10429416193685759
2018-09-12,0.4627359364721584
2018-09-13,0.49450836703582857
2018-09-14,0.9590063538142402
2018-09-17,-0.6577870800903884
2018-09-18,-0.22110037619637035
2018-09-19,1.659840094329501
2018-09-20,0.4691186613013598
2018-09-21,0.5597504099148387
2018-09-24,-0.08983382173943788
2018-09-25,-0.10209129114585602
2018-09-26,0.13498939076933558
2018-09-27,-0.1167277193751759
2018-09-28,-0.15482666985923155
2018-10-01,0.6693848881752951
2018-10-02,0.18656311846708684
2018-10-03,-0.8739301449153358
2018-10-04,-0.48082351769783704
2018-10-05,-0.7321448654532658
2018-10-08,-0.5393993712796918
2018-10-09,-0.27546866635960177
2018-10-10,0.5268206415538601
2018-10-11,-1.51237913281429
2018-10-12,0.8443617979925322
2018-10-15,-0.132648843973171
2018-10-16,0.08071784079733968
2018-10-17,0.500557502400556
2018-10-18,-0.12803506463651138
2018-10-19,-0.6032201711449026
2018-10-22,0.522744947169973
2018-10-23,-0.32502799250039294
2018-10-24,-0.007037247679020364
2018-10-25,-0.7827109289776479
2018-10-26,0.5601636078935379
2018-10-29,-0.14705455710994908
2018-10-30,-0.10913478215502925
2018-10-31,1.156006465361925
2018-11-01,-0.4002736172445176
2018-11-02,1.5942761653798043
2018-11-05,0.2907303563567165
2018-11-06,0.2936599412412533
2018-11-07,0.5330540433570063
2018-11-08,0.6198965470322171
2018-11-09,0.23158559749555385
2018-11-12,-0.6281315294238698
2018-11-13,-0.8416537516917288
2018-11-14,0.8647877348240463
2018-11-15,-0.17088618907600273
2018-11-16,0.5276345834487883
2018-11-19,-0.0877522528654584
2018-11-20,-0.5561815914213342
2018-11-21,-0.8491067703405464
2018-11-22,0.9039645915786543
2018-11-23,-0.20554027145150977
2018-11-26,-0.2610895449258077
2018-11-27,0.3904712902433771
2018-11-28,0.3196927437874364
2018-11-29,0.8144535231992989
2018-11-30,0.14889847197409045
2018-12-03,1.0241676266227961
2018-12-04,-0.37439998673209907
2018-12-05,-0.9420732665522902
2018-12-06,-0.7537043650797326
2018-12-07,-0.8085649737476164
2018-12-10,-0.8500266962406244
2018-12-11,0.7455050202870073
2018-12-12,0.4896900869280518
2018-12-13,-0.0018454969701320323
2018-12-14,0.3144011744320441
2018-12-17,-0.8036836645201384
2018-12-18,-0.4737745502948254
2018-12-19,-0.12178167074679003
2018-12-20,-1.1348948394835912
2018-12-21,-1.0696123351383147
2018-12-24,-1.020342226783344
2018-12-25,-0.6698984461816604
2018-12-26,0.02997806058000485
2018-12-27,1.1394798219610092
2018-12-28,-0.872855758226665
2018-12-31,-0.3147477668732912
2019-01-01,-0.707163956932988
2019-01-02,0.14668705927575187
2019-01-03,-3.901006162867049
2019-01-04,1.6085431587610333
2019-01-07,2.3357281458883272
2019-01-08,0.3503442358100517
2019-01-09,0.4351914967179904
2019-01-10,-0.3519408843575822
2019-01-11,0.2512843549366539
2019-01-14,0.359113873312078
2019-01-15,-0.20212485336009722
2019-01-16,0.4779256340602056
2019-01-17,-0.1145944638950458
2019-01-18,0.3501712979350091
2019-01-21,0.09428729028485572
2019-01-22,-0.039039957247333223
2019-01-23,-0.8065986750698362
2019-01-24,0.4488621766113421
2019-01-25,-0.6704801940729088
2019-01-28,1.0894036057580991
2019-01-29,-0.3158690208129866
2019-01-30,-0.0008523712198393874
2019-01-31,0.9704483624455196
2019-02-01,0.13319195056399336
2019-02-04,0.22474090242222688
2019-02-05,0.025669924202709193
2019-02-06,0.3867127955469729
2019-02-07,-1.8334475912774484
2019-02-08,-0.39563794249383166
2019-02-11,0.11664878635616605
2019-02-12,0.0337349899194872
2019-02-13,0.6931183938204799
2019-02-14,0.1671274328070349
2019-02-15,-0.15612172051088224
2019-02-18,0.6234543461826836
2019-02-19,-0.1668159090879695
2019-02-20,0.48745830917987787
2019-02-21,0.1983914390374042
2019-02-22,-0.8876922624100669
2019-02-25,0.7558747941195709
2019-02-26,0.4472509471021513
2019-02-27,-0.15915513034380213
2019-02-28,-0.31703689026959525
2019-03-01,-0.1966589439050037
2019-03-04,0.49820844432917344
2019-03-05,-0.25031723796847816
2019-03-06,0.01806934551255024
2019-03-07,-1.0100101524386784
2019-03-08,-0.1041835971348104
2019-03-11,-0.25565747285918317
2019-03-12,0.7229719186989558
2019-03-13,-0.18519910975199894
2019-03-14,0.259595394165657
2019-03-15,0.23741649218783634
2019-03-18,0.031563391212974246
2019-03-19,0.07758059227648273
2019-03-20,-0.13251262054653212
2019-03-21,-0.02367247015274687
2019-03-22,-0.2368275244477691
2019-03-25,-1.0112183080646764
2019-03-26,0.49059249330997146
2019-03-27,0.7090928747845449
2019-03-28,-0.7722403086727891
2019-03-29,0.09359657449515835
2019-04-01,0.7910616191090458
2019-04-02,0.3696876974799479
2019-04-03,-0.8513300888908781
2019-04-04,0.912850921487196
2019-04-05,0.144187364391557
2019-04-08,-0.07668878517113065
2019-04-09,0.07484388468735892
2019-04-10,-0.2177356454562962
2019-04-11,0.4364495175097516
2019-04-12,-0.0485572133139045
2019-04-15,1.058947272988986
2019-04-16,-0.03807683322604172
2019-04-17,-0.0754683152433544
2019-04-18,0.1350423711098947
2019-04-19,-0.39860154816319104
2019-04-22,-0.05472320929578167
2019-04-23,-0.145928426620634
2019-04-24,-0.664296900883754
2019-04-25,-0.8670206635505218
2019-04-26,-0.4291400213729646
2019-04-29,0.43855418276055325
2019-04-30,0.2025018443001847
2019-05-01,-0.3072971896880272
2019-05-02,-0.4424988130072638
2019-05-03,-0.23272220851180414
2019-05-06,-1.0871102783960196
2019-05-07,0.4440143443910305
2019-05-08,-0.2633211398590962
2019-05-09,-0.4276745026415174
2019-05-10,-0.2834388658798037
2019-05-13,-0.16088057126507627
2019-05-14,-1.0142361844409198
2019-05-15,0.35975391553795255
2019-05-16,-0.32890644461249785
2019-05-17,-0.1726614300555429
2019-05-20,0.4608307629831665
2019-05-21,0.1881811505820341
2019-05-22,-0.09560846071949847
2019-05-23,-0.38554458708994765
2019-05-24,-0.28380046845657425
2019-05-27,0.3349518095332571
2019-05-28,-0.06966877586349618
2019-05-29,-0.08028451242876322
2019-05-30,0.0728709362634472
2019-05-31,-0.3250054015833559
2019-06-03,-0.6921081686222297
2019-06-04,0.4348571687520897
2019-06-05,0.4990927191103056
2019-06-06,-0.22124769323406124
2019-06-07,0.17832749288653194
2019-06-10,0.30667257499478184
2019-06-11,-0.578037731813974
2019-06-12,0.09908014709332225
2019-06-13,-0.41580272063146406
2019-06-14,-0.41623453013241996
2019-06-17,-0.2324416061439183
2019-06-18,-0.413648841980474
2019-06-19,0.4397025476545524
2019-06-20,-0.3450377164390117
2019-06-21,-0.23711447022323195
2019-06-24,0.3564716024283432
2019-06-25,0.32255151135249793
2019-06-26,-0.238775958147186
2019-06-27,0.9313479454285956
2019-06-28,0.25843018014584107
2019-07-01,0.8732218075449438
2019-07-02,-0.8480670722620265
2019-07-03,-0.09381036850780733
2019-07-04,0.4872567991344279
2019-07-05,-0.033990493771896
2019-07-08,-0.020133009611456032
2019-07-09,0.11781852819731098
2019-07-10,-0.4691254761799546
2019-07-11,-0.06730606402679529
2019-07-12,0.42523242789761495
2019-07-15,-0.03996339762659673
2019-07-16,0.3710071388765779
2019-07-17,-0.044431149634338585
2019-07-18,-0.3692064960910568
2019-07-19,0.35802928015645774
2019-07-22,0.04712569820775059
2019-07-23,-0.11563389001559843
2019-07-24,-0.15669587699110865
2019-07-25,-0.2866813473995866
2019-07-26,0.018869564403434236
2019-07-29,-0.6421174108506733
2019-07-30,0.12287638451676797
2019-07-31,-0.6381429555677554
2019-08-01,-0.1983361594778188
2019-08-02,-1.8906399259174478
2019-08-05,-0.9607934691793218
2019-08-06,-1.3407909989497035
2019-08-07,0.6936121532027606
2019-08-08,-0.26032960052981835
2019-08-09,0.547943963472175
2019-08-12,-0.9725378411231667
2019-08-13,-0.3282024351530133
2019-08-14,1.7867560712513608
2019-08-15,-1.2723085302027926
2019-08-16,0.40326376713206713
2019-08-19,0.5362505423263997
2019-08-20,-0.31621264442343033
2019-08-21,0.03619402149395157
2019-08-22,0.4421886792894014
2019-08-23,-0.5671439423260871
2019-08-26,-2.202074540151866
2019-08-27,1.9892951160426442
2019-08-28,-0.44840769509875145
2019-08-29,0.09242929550081769
2019-08-30,0.2906186251918186
2019-09-02,-0.4092996706957508
2019-09-03,-0.16114815957264383
2019-09-04,0.46484967093940455
2019-09-05,0.934288465565114
2019-09-06,0.9106196461582172
2019-09-09,0.4000528768206002
2019-09-10,0.6346441725764151
2019-09-11,0.13987228411256325
2019-09-12,0.6325136614925064
2019-09-13,-0.0065458122194606005
2019-09-16,-0.15445928372740392
2019-09-17,0.14580465919378227
2019-09-18,-0.013282136232461994
2019-09-19,-0.2845369535266151
2019-09-20,-0.8303124383480132
2019-09-23,-0.7038278450824387
2019-09-24,0.0317096199468736
2019-09-25,-0.08633688130208483
2019-09-26,-0.09740693492847896
2019-09-27,0.035876307867965807
2019-09-30,0.2680395484099818
2019-10-01,-0.025279555476231952
2019-10-02,-0.9345144758358015
2019-10-03,-0.5181786879716488
2019-10-04,0.23001622987103287
2019-10-07,0.219910150108249
2019-10-08,-0.0034157319772742945
2019-10-09,-0.3336113351804504
2019-10-10,0.05493005566464815
2019-10-11,1.3253746671866184
2019-10-14,1.0291923655161073
2019-10-15,-0.36759881805316086
2019-10-16,0.05931105491859823
2019-10-17,-0.09863136296309749
2019-10-18,0.9580414110558766
2019-10-21,0.16953711652736292
2019-10-22,0.5060737788397662
2019-10-23,-0.23675782135682555
2019-10-24,-0.005926039152914786
2019-10-25,-0.5327807483948566
2019-10-28,0.2223252292024691
2019-10-29,0.4594243321535241
2019-10-30,0.1563412832604416
2019-10-31,0.5379763960584927
2019-11-01,-0.8047016191621958
2019-11-04,0.5357762498208185
2019-11-05,0.05025771055480188
2019-11-06,0.4513017745088055
2019-11-07,-0.40422967672297805
2019-11-08,0.6330469846048237
2019-11-11,-0.6190492694438721
2019-11-12,-0.3214614479824407
2019-11-13,-0.12113321623774542
2019-11-14,-0.21130225356051913
2019-11-15,-1.035356657836073
2019-11-18,0.6049281308103449
2019-11-19,-0.18699531653016965
2019-11-20,0.09408900496470363
2019-11-21,-0.40266311187846515
2019-11-22,0.010310537390068042
2019-11-25,0.18133507792490455
2019-11-26,0.004871833008901483
2019-11-27,0.2523663732690862
2019-11-28,-0.03431296422011787
2019-11-29,0.14664843642930858
2019-12-02,-0.027286521124492147
2019-12-03,0.32557858234326664
2019-12-04,0.11375792255913231
2019-12-05,0.1780436641601546
2019-12-06,-0.3755324197664778
2019-12-09,-0.01779537346398019
2019-12-10,-0.18119328516640332
2019-12-11,-0.03698860718138741
2019-12-12,0.6627844453503839
2019-12-13,1.6091674085678576
2019-12-16,-0.7632357801032663
2019-12-17,0.1390305276165349
2019-12-18,-0.3623925041082665
2019-12-19,0.08608372004296205
2019-12-20,0.35180031664262534
2019-12-23,0.3257908457189762
2019-12-24,0.17793773312803074
2019-12-25,-0.0559696698975487
2019-12-26,0.0642317264070491
2019-12-27,0.4790446373133306
2019-12-30,0.4352975844515994
2019-12-31,-0.22974683754976022
2020-01-01,-0.03590979705169195
2020-01-02,0.12278485344708878
2020-01-03,-0.6632338126247084
2020-01-06,-1.096015404555739
2020-01-07,0.30980859275558936
2020-01-08,-1.4796157352150785
2020-01-09,1.1428653278289347
2020-01-10,0.13415202958905192
2020-01-13,0.747264982982021
2020-01-14,0.3718340558599764
2020-01-15,-0.1785851092285795
2020-01-16,0.20525469659850026
2020-01-17,0.12197158538814756
2020-01-20,-0.21098080940128439
2020-01-21,-0.0849538457286747
2020-01-22,-0.6720378194728815
2020-01-23,-0.23071368855237528
2020-01-24,-0.19253446877062208
2020-01-27,-1.2372187577077365
2020-01-28,-0.47740972526012504
2020-01-29,0.22999853185577956
2020-01-30,-0.3262593922629953
2020-01-31,-0.7441485501977652
2020-02-03,-0.6683953264421838
2020-02-04,0.17703149857493106
2020-02-05,1.3812195238778857
2020-02-06,0.6137846056089247
2020-02-07,-0.12346313053057667
2020-02-10,-1.184135515158946
2020-02-11,0.38412850696964984
2020-02-12,0.49115013291622933
2020-02-13,-0.08060505072149393
2020-02-14,0.010223986167567922
2020-02-17,0.14450528799194728
2020-02-18,-0.2121163556561667
2020-02-19,-0.17449976750156804
2020-02-20,1.0085598843976529
2020-02-21,-0.3444264765209537
2020-02-24,-0.45537599473286505
2020-02-25,-0.5476142249613458
2020-02-26,-0.6151519636073521
2020-02-27,-0.8153460380226241
2020-02-28,-0.12948875754916767
2020-03-02,-2.7843131680682864
2020-03-03,1.206792406348245
2020-03-04,-0.7874907815349497
2020-03-05,1.2550844940566241
2020-03-06,-1.5125261684129976
2020-03-09,-2.2248059656784447
2020-03-10,-1.0415141562649888
2020-03-11,0.3359606356319267
2020-03-12,-0.7591531029164544
2020-03-13,-3.1621254921135433
2020-03-16,0.39783144508362955
2020-03-17,-1.7257777418999476
2020-03-18,-0.6914348686968497
2020-03-19,-2.1760985028669966
2020-03-20,1.4983569099648042
2020-03-23,-0.5393115460992304
2020-03-24,2.458236336411246
2020-03-25,1.9649706959956381
2020-03-26,-1.3650810333775576
2020-03-27,1.2425962044875005
2020-03-30,0.07929385473073314
2020-03-31,0.39083847382410664
2020-04-01,-0.9797116103450576
2020-04-02,-0.9725905584757277
2020-04-03,0.21027251116102486
2020-04-06,-0.5014734099312967
2020-04-07,2.440947051499498
2020-04-08,0.11158563200487359
2020-04-09,1.5938298112120663
2020-04-10,1.2187935914085402
2020-04-13,-0.15200175573912844
2020-04-14,0.36298888902527304
2020-04-15,0.06176118160846622
2020-04-16,-1.4934235590533418
2020-04-17,1.0922047377144417
2020-04-20,-0.5865633786405589
2020-04-21,0.11649290344838414
2020-04-22,-0.7766526353899628
2020-04-23,0.11874474507639343
2020-04-24,1.1582213360077476
2020-04-27,0.15896980239817893
2020-04-28,0.6103370044878376
2020-04-29,0.3355916087361188
2020-04-30,0.6656149406151557
2020-05-01,-0.28295783165870336
2020-05-04,-2.3471653051485575
2020-05-05,0.7328055541237388
2020-05-06,-0.10864057103667779
2020-05-07,-0.9455102110328406
2020-05-08,1.9352005559356789
2020-05-11,1.0209182390418903
2020-05-12,-0.19402627737987732
2020-05-13,-0.8242726628653552
2020-05-14,-0.20762098780153782
2020-05-15,0.6406336598171469
2020-05-18,-0.8346317540128823
2020-05-19,1.6908450776346617
2020-05-20,0.6340186402963743
2020-05-21,0.6032534224664543
2020-05-22,-0.37492927563651524
2020-05-25,-0.2100733302484059
2020-05-26,-0.009120653344774077
2020-05-27,1.3280808683442613
2020-05-28,-0.11402766781760665
2020-05-29,0.05545016984391804
2020-06-01,0.45239885316031847
2020-06-02,1.7107781895274399
2020-06-03,3.0646541812179406
2020-06-04,0.3630344683939746
2020-06-05,0.32082170147343936
2020-06-08,1.3374581396290997
2020-06-09,-0.8285254045894086
2020-06-10,-1.7576203171401183
2020-06-11,-0.3487131254063969
2020-06-12,-2.1594033740235496
2020-06-15,0.3896450855678357
2020-06-16,2.0912729347270065
2020-06-17,-0.9680379888885704
2020-06-18,-0.7622981619104352
2020-06-19,-0.16940877299683743
2020-06-22,-0.6690199979591749
2020-06-23,1.6609678407024986
2020-06-24,-0.3114202226075613
2020-06-25,-0.6511068010375376
2020-06-26,0.5321844172601842
2020-06-29,-0.2961880932760397
2020-06-30,0.5106672401987367
2020-07-01,0.7827485102844034
2020-07-02,-0.46388338031632115
2020-07-03,0.27946164496884807
2020-07-06,0.4891480188821906
2020-07-07,0.1985883135892874
2020-07-08,-0.28272736823885536
2020-07-09,0.32696722714994353
2020-07-10,-0.4004640513682989
2020-07-13,-0.4409414910134468
2020-07-14,0.17559408482058503
2020-07-15,0.6703762843091821
2020-07-16,-0.011246133781817047
2020-07-17,-0.08738510780385012
2020-07-20,0.19982249128159824
2020-07-21,0.3853914231744082
2020-07-22,1.253481736395845
2020-07-23,0.35431725439806216
2020-07-24,-0.8446178724310083
2020-07-27,-0.8317020332391567
2020-07-28,0.17342843672826236
2020-07-29,-0.16791103106646998
2020-07-30,0.13226942525595975
2020-07-31,0.08170217236785904
2020-08-03,0.34794394240669213
2020-08-04,-0.25201695603285224
2020-08-05,0.43846543805785565
2020-08-06,0.2524742792070267
2020-08-07,0.4747674814815195
2020-08-10,-0.781411367721363
2020-08-11,0.10369517890320701
2020-08-12,0.3746325087282454
2020-08-13,0.5550185027897836
2020-08-14,-0.07111161400490396
2020-08-17,0.2048185472397268
2020-08-18,-0.23701011425001361
2020-08-19,-0.15630227951164422
2020-08-20,-0.13031398993894605
2020-08-21,-0.11867138091292695
2020-08-24,-0.4267388044740361
2020-08-25,0.22476248136498178
2020-08-26,0.7703497455587627
2020-08-27,0.13389935653811413
2020-08-28,1.0929819439101873
2020-08-31,0.33205448484667777
2020-09-01,0.5522219625890057
2020-09-02,-0.09128016582432563
2020-09-03,-0.35948021246453576
2020-09-04,-1.17370941018623
2020-09-07,0.6151084757671343
2020-09-08,-0.027309992987134546
2020-09-09,-1.2905942686772032
2020-09-10,1.175899861129015
2020-09-11,-0.2958649013584558
2020-09-14,0.26166047297915274
2020-09-15,-0.3414119764370116
2020-09-16,-0.14861579837263106
2020-09-17,-0.3156952238658195
2020-09-18,-0.1271063978154241
2020-09-21,-0.44265242464029964
2020-09-22,-0.6957220062123848
2020-09-23,-0.4361645475251197
2020-09-24,-1.230318588306989
2020-09-25,-0.08654092497238919
2020-09-28,-0.06072245953603339
2020-09-29,0.6486500646842086
2020-09-30,0.9031575876551234
2020-10-01,0.11064452577679296
2020-10-02,0.2967583515785299
2020-10-05,-0.12321821173035818
2020-10-06,0.42262438970585015
2020-10-07,-1.1983779796196914
2020-10-08,0.6629541653145998
2020-10-09,0.6033936234960513
2020-10-12,0.329055808873302
2020-10-13,-0.4800403843555068
2020-10-14,-0.5180951440133641
2020-10-15,-0.6339705990194511
2020-10-16,-0.5321711112075023
2020-10-19,0.1454085308782771
2020-10-20,-0.5490392787594112
2020-10-21,-0.018087605158501052
2020-10-22,0.02359695067640777
2020-10-23,0.5250886158623458
2020-10-26,-0.16913325782550448
2020-10-27,-0.0381230149076317
2020-10-28,-0.18708653109525963
2020-10-29,-1.181236080890502
2020-10-30,-0.015569980257412741
2020-11-02,-0.40739041318468283
2020-11-03,0.8009483963208219
2020-11-04,1.832714645061595
2020-11-05,-0.3257924597921735
2020-11-06,0.329227081237049
2020-11-09,-0.012128383677023624
2020-11-10,1.7150400061193616
2020-11-11,0.15184912917872717
2020-11-12,0.1737722862453439
2020-11-13,-0.9063244522441116
2020-11-16,0.2925247403409936
2020-11-17,0.2712987357964658
2020-11-18,-0.6644537343429291
2020-11-19,-0.19846848211478862
2020-11-20,-0.5071293152491996
2020-11-23,0.6167183852059277
2020-11-24,0.4248068629911672
2020-11-25,0.9531222178435272
2020-11-26,-0.14778996173351322
2020-11-27,-0.24576818072826745
2020-11-30,0.43197315067721176
2020-12-01,-0.373093491576737
2020-12-02,0.3295238492665775
2020-12-03,0.6012545863342766
2020-12-04,-0.28541645833891627
2020-12-07,0.2661371132600121
2020-12-08,-0.3722902004098194
2020-12-09,0.005537093510421531
2020-12-10,0.4607281395503926
2020-12-11,1.1217185908503624
2020-12-14,0.12471809439046355
2020-12-15,-0.11312722750375093
2020-12-16,-0.11326587760386309
2020-12-17,0.038661567307729516
2020-12-18,0.27190960286486154
2020-12-21,-0.06392410770751367
2020-12-22,-0.2688425248938642
2020-12-23,-0.14027932777137542
2020-12-24,0.3986961541249223
2020-12-25,0.29297932731747744
2020-12-28,0.10896716799672079
2020-12-29,-0.14824774340705948
2020-12-30,0.1616309662210491
2020-12-31,0.6076002112622825
2021-01-01,-1.1502542970156182
2021-01-04,1.556841482671134
2021-01-05,-0.6714761653765611
2021-01-06,0.812708647624738
2021-01-07,0.9876657433864788
2021-01-08,0.15546022331934806
2021-01-11,-0.4029096641430363
2021-01-12,-0.06568788757165267
2021-01-13,0.5086348914055239
2021-01-14,-0.29640083880516643
2021-01-15,0.33917766238856784
2021-01-18,-1.0178331814134522
2021-01-19,-0.2390709309218697
2021-01-20,0.5409492096749235
2021-01-21,0.22970168849808514
2021-01-22,0.02024053074246579
2021-01-25,-0.31576030609533623
2021-01-26,-0.01092387601629996
2021-01-27,0.3120996884607652
2021-01-28,-0.8123287921611433
2021-01-29,0.40747051528756684
2021-02-01,-0.2819972813647764
2021-02-02,0.39072855259854045
2021-02-03,-0.20971561816724993
2021-02-04,0.30772075417542233
2021-02-05,0.12002374894559686
2021-02-08,0.8447878800494246
2021-02-09,0.21263098024468796
2021-02-10,-0.17863644181699279
2021-02-11,-0.20124168744151127
2021-02-12,0.4855878918231138
2021-02-15,0.4691763503279711
2021-02-16,0.6004983106362882
2021-02-17,0.06367288195154863
2021-02-18,0.028320226640632384
2021-02-19,-0.08373210907888229
2021-02-22,1.4106638141965222
2021-02-23,-0.15757426486051607
2021-02-24,0.20651820829020728
2021-02-25,1.3637096771756507
2021-02-26,-0.8458476538228954
2021-03-01,-1.3716657313755376
2021-03-02,0.5824714768880024
2021-03-03,0.5958539239619642
2021-03-04,-0.5819651128693093
2021-03-05,0.28528709410523545
2021-03-08,0.34137076488877094
2021-03-09,-0.19971177307162025
2021-03-10,0.43580404560595865
2021-03-11,0.06714989107886593
2021-03-12,0.8449574483334277
2021-03-15,0.18796971818467734
2021-03-16,-0.15775732625221695
2021-03-17,-0.136312306386277
2021-03-18,0.7447880791267347
2021-03-19,-0.7228360398364164
2021-03-22,-0.46185897713865165
2021-03-23,0.2070787284341402
2021-03-24,-2.069751290754873
2021-03-25,0.06331872659587345
2021-03-26,0.4064154894685923
2021-03-29,1.1081103290742633
2021-03-30,0.08661555134920063
2021-03-31,0.023705341731250495
2021-04-01,0.1931600853148696
2021-04-02,0.19397521773243387
2021-04-05,0.08990086428940502
2021-04-06,0.06669647045802751
2021-04-07,-0.2465075968745678
2021-04-08,-0.6373356015344056
2021-04-09,0.0851623667757595
2021-04-12,-0.08393550550936935
2021-04-13,-0.25229702416342814
2021-04-14,-0.1568510534382339
2021-04-15,0.9859093919178941
2021-04-16,0.15236535831590903
2021-04-19,-0.4630839435841305
2021-04-20,0.07659338753935874
2021-04-21,-0.4978335501455211
2021-04-22,0.32790394365254105
2021-04-23,-0.7256744006894023
2021-04-26,0.42206089184207984
2021-04-27,1.003371045299084
2021-04-28,0.1294267253194592
2021-04-29,0.2049013580219361
2021-04-30,0.05935340485569984
2021-05-03,-0.42025475714705385
2021-05-04,0.34594896539282827
2021-05-05,-0.35952945496174893
2021-05-06,0.38733716197282275
2021-05-07,0.3069811931706634
2021-05-10,0.4697448242393265
2021-05-11,0.024927759806459004
2021-05-12,-0.1509603054609454
2021-05-13,-0.4843894318277475
2021-05-14,-0.24409996176891768
2021-05-17,0.5938522616138031
2021-05-18,-0.22321613796966178
2021-05-19,-0.13876783770029322
2021-05-20,-0.5034052673012046
2021-05-21,0.2595910804581325
2021-05-24,-0.47905246310268046
2021-05-25,0.2329107689129084
2021-05-26,-0.06251345948832254
2021-05-27,0.21357438058177136
2021-05-28,0.6197530460237632
2021-05-31,-0.3596115379954745
2021-06-01,0.08530940812591092
2021-06-02,0.16298811968292748
2021-06-03,-0.058536206697323845
2021-06-04,-0.462586588318048
2021-06-07,0.4392491972762036
2021-06-08,-0.11285104970827353
2021-06-09,-0.06928112158804955
2021-06-10,0.031047767606084964
2021-06-11,0.05345193189848496
2021-06-14,-0.25525855064512104
2021-06-15,0.36632685242100615
2021-06-16,-0.30059077720355765
2021-06-17,-0.3098027706716855
2021-06-18,-1.1599747132010285
2021-06-21,-0.8505840317171165
2021-06-22,0.563702145930256
2021-06-23,0.5557730765982094
2021-06-24,0.5705390485252537
2021-06-25,0.03127592091557441
2021-06-28,0.028408651979261457
2021-06-29,-0.49659963409712793
2021-06-30,-0.7840482743260657
2021-07-01,0.3225512530897867
2021-07-02,-0.02963973136885789
2021-07-05,0.31159243920944046
2021-07-06,0.10324893549228387
2021-07-07,-0.8943758419859171
2021-07-08,-0.12275180098105798
2021-07-09,-1.430277093269916
2021-07-12,1.1293413516636042
2021-07-13,-0.05294766255360406
2021-07-14,-0.26545006647674674
2021-07-15,-0.0142147188916808
2021-07-16,-0.9498519250711879
2021-07-19,-0.41330050280541375
2021-07-20,-0.9405805177016169
2021-07-21,0.3418729559652278
2021-07-22,0.4814547129289637
2021-07-23,0.28619533790884555
2021-07-26,0.19039190199634515
2021-07-27,0.03720113651178858
2021-07-28,-0.7264603713246109
2021-07-29,0.2239104855985219
2021-07-30,-0.17742602344691383
2021-08-02,-0.46217313914522773
2021-08-03,-0.1425132464922707
2021-08-04,0.2338385973280066
2021-08-05,0.2939214192162365
2021-08-06,0.48895383965305017
2021-08-09,-0.46521903797056563
2021-08-10,-0.018182020453483272
2021-08-11,0.4249050114008779
2021-08-12,0.1849275349310564
2021-08-13,-0.37402795409428036
2021-08-16,-0.3796523847597433
2021-08-17,-0.6781885353399519
2021-08-18,-0.9027922306542702
2021-08-19,-0.0587878738258385
2021-08-20,-1.2437449579934312
2021-08-23,-0.07797474900435031
2021-08-24,0.8262424066833529
2021-08-25,0.6348152058203493
2021-08-26,0.6158291837293217
2021-08-27,-0.4593057716838156
2021-08-30,0.883498056872356
2021-08-31,-0.2650290225513774
2021-09-01,0.47580352372535994
2021-09-02,0.6982395361769589
2021-09-03,0.29215353150140455
2021-09-06,0.4622333449828653
2021-09-07,-0.05475230493223737
2021-09-08,-0.2424147807475352
2021-09-09,-0.408031420031052
2021-09-10,-0.3132259958400718
2021-09-13,0.08874716351986445
2021-09-14,0.08306766323451509
2021-09-15,-0.9122575633077945
2021-09-16,0.022759259071558624
2021-09-17,-0.39146976678214873
2021-09-20,-0.13536588474186706
2021-09-21,-0.5407061757076947
2021-09-22,-0.7228154497666006
2021-09-23,0.7008270599752064
2021-09-24,1.3397141378921118
2021-09-27,-0.05615458891424785
2021-09-28,0.412149182661703
2021-09-29,0.00651979301415917
2021-09-30,-0.5420477017013647
2021-10-01,0.2663242606029126
2021-10-04,0.1746603125860502
2021-10-05,0.22065757735298952
2021-10-06,0.44689767285430726
2021-10-07,-0.1560865846857329
2021-10-08,0.7054467230471761
2021-10-11,0.2418952384750539
2021-10-12,1.7267023736870168
2021-10-13,-0.06808804894320453
2021-10-14,0.4437485313654843
2021-10-15,0.8813124366641834
2021-10-18,0.6025200859620994
2021-10-19,-0.16826672296850198
2021-10-20,1.0031347698542081
2021-10-21,0.4282246812213675
2021-10-22,-1.155719662820287
2021-10-25,-0.09315503267505187
2021-10-26,0.398893927934596
2021-10-27,0.6494315306214471
2021-10-28,-0.5373308199088545
2021-10-29,0.282411524101045
2021-11-01,0.36511412226065687
2021-11-02,-0.08582428401627817
2021-11-03,-1.268681624507162
2021-11-04,0.5618296830514402
2021-11-05,-1.0177297584592737
2021-11-08,-0.5005018410713546
2021-11-09,0.07304593676819016
2021-11-10,-0.8307099270247975
2021-11-11,0.3049164087821743
2021-11-12,-0.463992598144769
2021-11-15,0.5074111426771388
2021-11-16,0.31460461663760375
2021-11-17,0.07430835161800209
2021-11-18,-1.073398954622784
2021-11-19,0.17372932064970703
2021-11-22,-0.731632667440163
2021-11-23,0.5188275813926224
2021-11-24,0.23034426000808628
2021-11-25,-0.050141135952908034
2021-11-26,-0.6853896606760501
2021-11-29,-1.6158707863094257
2021-11-30,0.12219793440481075
2021-12-01,-0.7303274640335089
2021-12-02,-0.6122304951818314
2021-12-03,-0.16182051467218406
2021-12-06,-0.9774814771240758
2021-12-07,0.8201914702559265
2021-12-08,1.0934355612657876
2021-12-09,0.7887684608162027
2021-12-10,-0.5311577784053667
2021-12-13,0.32740752864600653
2021-12-14,-0.440821517168144
2021-12-15,-0.2085907333542969
2021-12-16,1.2266829023840686
2021-12-17,-0.3008422571309288
2021-12-20,-0.9513502734846635
2021-12-21,0.03623822465700366
2021-12-22,0.8248236489747485
2021-12-23,0.9847201286291907
2021-12-24,0.6037505738069826
2021-12-27,-0.14160666710515413
2021-12-28,0.4770467508536158
2021-12-29,-0.08155991154600306
2021-12-30,0.5327256374272005
2021-12-31,-0.02482330408376532
2022-01-03,0.31818166193642305
2022-01-04,-0.8325097658543279
2022-01-05,1.3302740068540486
2022-01-06,-0.291440498973794
2022-01-07,-1.0330300992766994
2022-01-10,0.005803178691143884
2022-01-11,-0.26752882310200343
2022-01-12,0.46199885338070734
2022-01-13,0.4203593465271438
2022-01-14,-0.49308502657942066
2022-01-17,-0.73706943700107
2022-01-18,0.1590250264008275
2022-01-19,-0.3379695558604845
2022-01-20,0.21387215109823776
2022-01-21,-0.3007022410798421
2022-01-24,-0.587909396549291
2022-01-25,-0.2567964470628348
2022-01-26,-0.045046280801630534
2022-01-27,0.1988344950241916
2022-01-28,-0.6690444118635619
2022-01-31,-0.631967978389758
2022-02-01,0.9064812227729924
2022-02-02,0.5799420282287748
2022-02-03,-0.4847149300514886
2022-02-04,0.8074147679414168
2022-02-07,-0.6552144080474664
2022-02-08,0.539515783121125
2022-02-09,0.6578328936073241
2022-02-10,0.5029890029720541
2022-02-11,0.16643412829520088
2022-02-14,-0.6399557293805702
2022-02-15,-0.2118273035289775
2022-02-16,0.28632508957988634
2022-02-17,0.4567114031545749
2022-02-18,-0.5383895140585793
2022-02-21,-0.15296208978926584
2022-02-22,-0.12591357725346697
2022-02-23,1.0189735642222253
2022-02-24,-0.15970483596152718
2022-02-25,-0.35794746932040766
2022-02-28,0.3628596867203737
2022-03-01,0.5873761405106315
2022-03-02,-0.21181098917466556
2022-03-03,1.0575362571941582
2022-03-04,0.5578098911900753
2022-03-07,0.32025691294513825
2022-03-08,-0.5175748692831661
2022-03-09,-0.5571405544831265
2022-03-10,0.8612286406233238
2022-03-11,0.9029708266252712
2022-03-14,0.20051639719443903
2022-03-15,-0.7606377933916164
2022-03-16,-0.03848766935385939
2022-03-17,1.8349067949089637
2022-03-18,0.9365865699129117
2022-03-21,1.0383154489444713
2022-03-22,0.09078942953379965
2022-03-23,2.341356174920506
2022-03-24,0.3167807084441421
2022-03-25,1.1692860535151617
2022-03-28,0.013937481068493351
2022-03-29,0.8982436718089737
2022-03-30,-0.23072765009040097
2022-03-31,-1.076572049926483
2022-04-01,-0.37402767122676206
2022-04-04,0.6490996784367487
2022-04-05,0.9081133816895681
2022-04-06,1.2630777764650825
2022-04-07,-1.0133738726100239
2022-04-08,-0.04386020007156599
2022-04-11,-0.20940723278596307
2022-04-12,0.4495469698868826
2022-04-13,0.4785652625713732
2022-04-14,-0.0628276440303166
2022-04-15,0.05595651372092281
2022-04-18,0.14631576623821418
2022-04-19,-0.10657837177541207
2022-04-20,2.2348758797569923
2022-04-21,-0.33806648906018477
2022-04-22,-0.8247261706823883
2022-04-25,-1.5762963761862703
2022-04-26,-1.447219118046994
2022-04-27,-0.8726467360417933
2022-04-28,0.6363385318109538
2022-04-29,1.604101926594681
2022-05-02,-1.199481101843769
2022-05-03,-0.14613887820398297
2022-05-04,0.7613012194505497
2022-05-05,1.4063976150284763
2022-05-06,-0.994146671326801
2022-05-09,-0.7435077185463324
2022-05-10,-1.5329367550543704
2022-05-11,-0.3469463277613105
2022-05-12,-0.4992670774593311
2022-05-13,-1.7691990598295515
2022-05-16,1.7262962816840255
2022-05-17,-0.007942933008875386
2022-05-18,1.2326807545318008
2022-05-19,-2.212369739389297
2022-05-20,1.1192924937085014
2022-05-23,0.35441716531084966
2022-05-24,0.33143243844322434
2022-05-25,-0.6466567521791422
2022-05-26,0.11195037313220801
2022-05-27,0.04421024288796538
2022-05-30,1.0518993478365712
2022-05-31,0.8749912272955296
2022-06-01,0.5737227141876855
2022-06-02,0.9461742762099878
2022-06-03,1.1335254250082305
2022-06-06,-0.23341910129242027
2022-06-07,0.8890980988890296
2022-06-08,0.9501288531950647
2022-06-09,0.7137376025168618
2022-06-10,-1.2678526169605742
2022-06-13,-0.8085047679876611
2022-06-14,-1.5252743900311283
2022-06-15,0.020347398781617176
2022-06-16,0.9632357533807867
2022-06-17,-0.9129106288501165
2022-06-20,0.8628255751246483
2022-06-21,0.11369989851602869
2022-06-22,0.7608537808526106
2022-06-23,-0.990631789303531
2022-06-24,-0.896310566773717
2022-06-27,0.744856826102569
2022-06-28,-0.020296918750506432
2022-06-29,0.1949812657516259
2022-06-30,0.039347908804920895
2022-07-01,-0.32267026529158027
2022-07-04,-1.739711217014095
2022-07-05,1.4393813095116004
2022-07-06,-1.4149556538850971
2022-07-07,0.20212586810839372
2022-07-08,0.9015469580728963
2022-07-11,0.2423778544829447
2022-07-12,-0.6903471107313264
2022-07-13,-0.41729423504051066
2022-07-14,0.44159865006510035
2022-07-15,1.3010383949796145
2022-07-18,0.39548731583588514
2022-07-19,-0.09735926438894094
2022-07-20,1.2472399924427835
2022-07-21,0.009809389720172312
2022-07-22,-0.42230680868085013
2022-07-25,-0.8433880256633386
2022-07-26,0.7710200361807695
2022-07-27,0.3456729732535857
2022-07-28,0.05604753080448166
2022-07-29,-1.219261770185276
2022-08-01,-1.1100504033557335
2022-08-02,-0.6228705877109775
2022-08-03,-0.5441027829563794
2022-08-04,1.1162493179860178
2022-08-05,-0.6861081649864431
2022-08-08,1.011101567385142
2022-08-09,1.0752411235704251
2022-08-10,-0.2058626306071787
2022-08-11,0.07027470918847811
2022-08-12,0.40488486354011144
2022-08-15,0.4279820749052754
2022-08-16,-1.4681744416988884
2022-08-17,0.8549250509434891
2022-08-18,-0.7840284817326904
2022-08-19,0.35508810930036105
2022-08-22,0.4285448133971692
2022-08-23,0.4169120535536308
2022-08-24,-0.009832430201495157
2022-08-25,0.0736460860024657
2022-08-26,0.45285874901672685
2022-08-29,-0.23778993599167242
2022-08-30,0.9158316615073048
2022-08-31,-0.6206309039048286
2022-09-01,-0.017944326480590078
2022-09-02,0.08715399740713003
2022-09-05,0.22859418920023744
2022-09-06,0.28157629818674756
2022-09-07,0.7229557200142178
2022-09-08,1.0008988365143967
2022-09-09,0.028834102975361375
2022-09-12,0.3213529252913294
2022-09-13,0.6912714595624703
2022-09-14,-0.9393505274596148
2022-09-15,-0.8872101066755622
2022-09-16,-0.6487919216613403
2022-09-19,0.17087662421469973
2022-09-20,0.3981197350141574
2022-09-21,-0.2836406178499562
2022-09-22,-0.7436370381047386
2022-09-23,-0.8814137635058561
2022-09-26,-0.8683772015702362
2022-09-27,-0.22238163686973955
2022-09-28,-0.41927579801099846
2022-09-29,0.8777985469926808
2022-09-30,0.09988268484968366
2022-10-03,-1.100804846945569
2022-10-04,1.0760733824458302
2022-10-05,-0.3137635383628212
2022-10-06,0.43862069692933714
2022-10-07,-1.0982654967930938
2022-10-10,-0.5456891979545242
2022-10-11,-0.8724134707780107
2022-10-12,-0.3129497676458759
2022-10-13,0.7765952793108322
2022-10-14,0.7168440333186754
2022-10-17,-0.2831326227719311
2022-10-18,1.4393312595783025
2022-10-19,0.47080861451637146
2022-10-20,-0.4320592166803583
2022-10-21,0.4208209946845787
2022-10-24,-0.024296257526601472
2022-10-25,0.06443760163844514
2022-10-26,0.2784084358481098
2022-10-27,0.42638958016362194
2022-10-28,-0.5583118302100343
2022-10-31,0.2912549493472971
2022-11-01,0.7733581329738892
2022-11-02,-0.7608229186878757
2022-11-03,-0.9149497547272678
2022-11-04,-0.4465838480062101
2022-11-07,1.337377061338585
2022-11-08,0.4153023061275962
2022-11-09,-0.3731488734096122
2022-11-10,-0.5881878539450658
2022-11-11,-0.3865109237859099
2022-11-14,-0.15065966402769693
2022-11-15,0.31335993008941854
2022-11-16,0.332627300390953
2022-11-17,-0.1719669168853355
2022-11-18,0.025957978254964598
2022-11-21,-0.19282392185495656
2022-11-22,0.18910073596635213
2022-11-23,-0.024103195361047103
2022-11-24,0.08135112416417511
2022-11-25,-0.15411684981972984
2022-11-28,-0.253022814420345
2022-11-29,-1.3271104364618869
2022-11-30,0.5073282649787347
2022-12-01,0.7133611572810228
2022-12-02,-1.4379655526750579
2022-12-05,-0.4506221340930483
2022-12-06,0.021523019705993462
2022-12-07,0.07388723854995227
2022-12-08,0.07166551115136421
2022-12-09,0.900461415616638
2022-12-12,0.1753325420928431
2022-12-13,0.17765127977402706
2022-12-14,-0.08747470959886705
2022-12-15,0.05908025526211169
2022-12-16,-0.473273082833936
2022-12-19,-1.1136126394807877
2022-12-20,0.5686006081025763
2022-12-21,-4.0290984095392
2022-12-22,0.7302932342847956
2022-12-23,-0.5152289923589404
2022-12-26,1.2476626353478903
2022-12-27,0.09118750201966286
2022-12-28,0.31174301594147913
2022-12-29,0.697513671863037
2022-12-30,-0.5493587790617038
2023-01-02,-0.7931875866896032
2023-01-03,-0.19920639446170396
2023-01-04,-0.8321002464586225
2023-01-05,2.298897266828537
2023-01-06,-0.27434092327903725
2023-01-09,0.9537062080291481
2023-01-10,0.14365151199352555
2023-01-11,0.04577262494792622
2023-01-12,0.09623721979289401
2023-01-13,-1.2504166972939212
2023-01-16,-0.7836371721644309
2023-01-17,0.13828918081842945
2023-01-18,0.29330239389776525
2023-01-19,-0.4063336280518359
2023-01-20,-0.6006053472684125
2023-01-23,1.8025770390710516
2023-01-24,1.6164112511018236
2023-01-25,-0.01664688449353191
2023-01-26,0.11952741870394634
2023-01-27,0.5263526134981267
2023-01-30,-0.022402492978690347
2023-01-31,-0.20309208863799055
2023-02-01,-0.37838421689845303
2023-02-02,0.17664529399229467
2023-02-03,-0.8918059589176575
2023-02-06,0.3304659775459129
2023-02-07,0.007826918932807292
2023-02-08,-0.08307890474873458
2023-02-09,-0.2456182425116249
2023-02-10,0.2645554814382334
2023-02-13,-0.33548414747075483
2023-02-14,1.392635112718843
2023-02-15,0.7760435108333685
2023-02-16,-0.45605601087491676
2023-02-17,-0.5147219227468081
2023-02-20,0.3111568469307713
2023-02-21,0.6065310438097105
2023-02-22,-0.18844705591208877
2023-02-23,-0.769236624746561
2023-02-24,-0.25800297091195246
2023-02-27,0.23927036448698757
2023-02-28,0.033958873912720566
2023-03-01,-0.11675470807940291
2023-03-02,0.33052668564185206
2023-03-03,-0.013231128813673276
2023-03-06,-0.169196300458474
2023-03-07,-0.3382980658984791
2023-03-08,-1.1153647933251576
2023-03-09,-0.021360463946995534
2023-03-10,-0.6913034107474458
2023-03-13,-1.1759668960941494
2023-03-14,-0.1708009446104497
2023-03-15,1.4402788496105878
2023-03-16,-2.1561604024940784
2023-03-17,1.0195650368956977
2023-03-20,-0.04781505433194555
2023-03-21,-0.6060776715958283
2023-03-22,0.14885734276758322
2023-03-23,-0.5543938533787318
2023-03-24,-0.496954711452291
2023-03-27,-0.6518101979915092
2023-03-28,0.6500905740457363
2023-03-29,0.5584193606961052
2023-03-30,0.8131315471454514
2023-03-31,0.9768002611558857
2023-04-03,-0.7170223324254432
2023-04-04,1.1576068818168195
2023-04-05,-1.0885911373094026
2023-04-06,-1.0291031104292636
2023-04-07,-0.039202278754102426
2023-04-10,0.3439502189423682
2023-04-11,0.6746119425776853
2023-04-12,0.18763390211494757
2023-04-13,0.270390465131809
2023-04-14,0.8466409140112652
2023-04-17,-0.026457770300314376
2023-04-18,0.27546082712838205
2023-04-19,0.25925984334674856
2023-04-20,0.04848542018031088
2023-04-21,0.02633675972368854
2023-04-24,-0.7409066927730801
2023-04-25,0.27265477240921987
2023-04-26,-1.272398490231963
2023-04-27,-0.5916308014056626
2023-04-28,0.5885463103048827
2023-05-01,1.6891815989325765
2023-05-02,0.998932046452039
2023-05-03,-0.07962273890850247
2023-05-04,-1.8527640986737537
2023-05-05,0.5841829389802045
2023-05-08,1.5501531780747535
2023-05-09,0.4097726679655467
2023-05-10,-0.03652417192480106
2023-05-11,-0.6702609643716051
2023-05-12,-0.891108655667272
2023-05-15,0.21537810965114312
2023-05-16,0.9915477291060903
2023-05-17,-0.36433521793733936
2023-05-18,0.8230325776608205
2023-05-19,0.34844706235711564
2023-05-22,-0.18662557814858038
2023-05-23,0.5869320327568261
2023-05-24,-0.583511229254563
2023-05-25,-0.5387788018224149
2023-05-26,-0.20042331844919437
2023-05-29,1.098596728829515
2023-05-30,-0.26731176544089186
2023-05-31,-0.6176118144575304
2023-06-01,-0.6684755386134111
2023-06-02,0.8660519598102989
2023-06-05,1.3718763904583264
2023-06-06,-0.3420122139563664
2023-06-07,1.1062527681860668
2023-06-08,-0.040460860852153946
2023-06-09,0.07331092302730324
2023-06-12,0.8879250686185225
2023-06-13,0.19918134003445997
2023-06-14,0.7611160415400664
2023-06-15,0.27524779479345396
2023-06-16,1.4388004373743324
2023-06-19,1.0528213719412038
2023-06-20,-0.2755342411634776
2023-06-21,-1.3008582646467315
2023-06-22,0.4032249819454381
2023-06-23,0.3996258623510829
2023-06-26,-0.8111503510829676
2023-06-27,-0.13297102647619186
2023-06-28,0.4133959853778957
2023-06-29,-0.8581869506815498
2023-06-30,0.5667037848579137
2023-07-03,0.350136951539759
2023-07-04,0.3807628143863595
2023-07-05,0.16647276957074686
2023-07-06,-0.49718862483955073
2023-07-07,-0.7625256383948398
2023-07-10,-0.2857200589321929
2023-07-11,-0.7986175441238808
2023-07-12,-0.5799781613311183
2023-07-13,0.18160233571634654
2023-07-14,1.2415348568670992
2023-07-17,-0.26249668035769336
2023-07-18,-0.35865076370994453
2023-07-19,0.26062812572943406
2023-07-20,-0.20555137634531429
2023-07-21,0.3164742225189143
2023-07-24,0.5972570627098994
2023-07-25,-0.04237994318027072
2023-07-26,0.38826171754949845
2023-07-27,-0.7803677783421947
2023-07-28,-1.7881680713169978
2023-07-31,0.6293142273217311
2023-08-01,1.9548356053705862
2023-08-02,-1.0245962358530147
2023-08-03,-0.8924209957768103
2023-08-04,-0.21519286923644687
2023-08-07,-0.26729225187035466
2023-08-08,0.44770937936123856
2023-08-09,-0.07211690299603335
2023-08-10,0.3727412859953705
2023-08-11,0.4382502247670561
2023-08-14,-0.2583931555927843
2023-08-15,0.3222129744226865
2023-08-16,-0.3338687918037597
2023-08-17,-0.17404772805252877
2023-08-18,-0.527281536536528
2023-08-21,-0.12404669422431125
2023-08-22,0.6433064677829559
2023-08-23,-0.14887499684786976
2023-08-24,0.11685074663948525
2023-08-25,-0.07418797110939623
2023-08-28,0.41399337204729436
2023-08-29,0.14298944096163835
2023-08-30,0.43835221100846367
2023-08-31,0.11901812313367399
2023-09-01,-0.27029249362801044
2023-09-04,-0.1266451505753441
2023-09-05,0.44215928047371955
2023-09-06,-0.6535846178866378
2023-09-07,0.2703660646668937
2023-09-08,-0.299127859981263
2023-09-11,0.18129987769426315
2023-09-12,0.24785842617151
2023-09-13,0.2906555974612979
2023-09-14,0.035473357117299376
2023-09-15,0.27610507260936723
2023-09-18,0.4185579954998797
2023-09-19,-0.17593284791169728
2023-09-20,0.4845234504872509
2023-09-21,-0.035972305242848446
2023-09-22,-0.8600542436245973
2023-09-25,1.0460093149576632
2023-09-26,-0.022322183226941572
2023-09-27,-0.2833363032814673
2023-09-28,-0.4074497477996153
2023-09-29,1.1127962610078534
2023-10-02,0.36829385731538267
2023-10-03,-0.9378159665227703
2023-10-04,-1.2810324697580033
2023-10-05,0.17667263976183234
2023-10-06,0.29493315393328556
2023-10-09,0.5143581122665886
2023-10-10,0.25393235996132857
2023-10-11,0.39361179016913495
2023-10-12,0.0685822789646795
2023-10-13,-1.075850411927537
2023-10-16,-0.22395798065417694
2023-10-17,0.4603889514393944
2023-10-18,0.5182278096958259
2023-10-19,-0.47289168252532265
2023-10-20,-0.08178369616241854
2023-10-23,-0.0005948347237882956
2023-10-24,0.2262520472472107
2023-10-25,0.43690188339712277
2023-10-26,-0.8667771784286349
2023-10-27,0.8101862200705301
2023-10-30,-0.31076329333759034
2023-10-31,0.05215007779869607
2023-11-01,1.0019318307686542
2023-11-02,0.8609848672229137
2023-11-03,0.03326618118685287
2023-11-06,0.6961626579511271
2023-11-07,-0.03159260505790629
2023-11-08,-0.6336993376351185
2023-11-09,-0.0587931632722527
2023-11-10,-0.35752581771718583
2023-11-13,0.15506869336084916
2023-11-14,0.365703749029922
2023-11-15,1.0931549812162156
2023-11-16,0.6963835408164587
2023-11-17,-0.9784875700765139
2023-11-20,0.2006863622333266
2023-11-21,-0.3166752491219005
2023-11-22,-0.18796278853808746
2023-11-23,0.6682314641540787
2023-11-24,0.4035020234354536
2023-11-27,0.30729236577807795
2023-11-28,-0.28554213299881726
2023-11-29,-0.2475971374901076
2023-11-30,-0.5878759498458952
2023-12-01,0.5007303614347869
2023-12-04,0.07906914597471948
2023-12-05,-0.33545060879367483
2023-12-06,-1.0629695761682711
2023-12-07,-0.004891364390591235
2023-12-08,-1.3383321831956785
2023-12-11,0.30384811445755
2023-12-12,0.5480680449784892
2023-12-13,-0.5435390830808018
2023-12-14,-0.2203016603871788
2023-12-15,0.23321215362850367
2023-12-18,-0.0005631226545843582
2023-12-19,0.3719224263024401
2023-12-20,1.6816096381233159
2023-12-21,-0.5759611055302649
2023-12-22,-0.18391660864667259
2023-12-25,0.3586031334780082
2023-12-26,-0.04486312552050009
2023-12-27,0.45091420006091454
2023-12-28,-0.2808985834527711
2023-12-29,-0.3821755055241738
2024-01-01,-0.2975028608617758
2024-01-02,-0.11040735540925883
2024-01-03,0.08972132038767011
2024-01-04,0.14366486772148246
2024-01-05,0.8070438133904068
2024-01-08,0.16688980678943865
2024-01-09,-0.32527425679076405
2024-01-10,-0.3264215492644995
2024-01-11,1.1712272134027257
2024-01-12,-0.5179877009167777
2024-01-15,-0.043131979539434706
2024-01-16,-0.11507487032293984
2024-01-17,0.06738451071626184
2024-01-18,0.00964442600739357
2024-01-19,0.47962627842979
2024-01-22,0.2677572795064198
2024-01-23,-0.3544009635819245
2024-01-24,0.27744560744717983
2024-01-25,-0.5647887834121734
2024-01-26,0.2217244334427937
2024-01-29,0.24469818982774116
2024-01-30,0.10299735689274225
2024-01-31,-0.3478029195980392
2024-02-01,-0.7475207652367533
2024-02-02,-0.15331030179533967
2024-02-05,0.3564908599166583
2024-02-06,-0.2765284027139603
2024-02-07,0.16936963266954708
2024-02-08,0.11011201246581281
2024-02-09,0.44464763482628955
2024-02-12,0.38500951726715416
2024-02-13,0.23645359876899308
2024-02-14,-0.2747538580301412
2024-02-15,0.5878253143919321
2024-02-16,0.0290653304042654
2024-02-19,0.3187787109903195
2024-02-20,0.021868376314071458
2024-02-21,0.14916183726808585
2024-02-22,0.2799812336750418
2024-02-23,0.18406875284197044
2024-02-26,0.13531348690075662
2024-02-27,-0.3492981204798684
2024-02-28,0.04316654455066571
2024-02-29,-0.653644489105687
2024-03-01,-0.28427007861244746
2024-03-04,0.4931134475632204
2024-03-05,-0.06395309728866039
2024-03-06,-0.3260229080044752
2024-03-07,0.45234815584640486
2024-03-08,-0.09763152882076298
2024-03-11,-0.6600055472026911
2024-03-12,-0.15013349212447125
2024-03-13,0.4854199696619155
2024-03-14,0.32283409431004273
2024-03-15,-0.26168748272956677
2024-03-18,0.15160068367767732
2024-03-19,0.14154108324841985
2024-03-20,0.7836334025212999
2024-03-21,0.9125556663624579
2024-03-22,0.19945280846620506
2024-03-25,-1.0357065475673943
2024-03-26,0.4034133259418482
2024-03-27,0.12370209507643892
2024-03-28,-0.43854613775575757
2024-03-29,0.00855860010231524
2024-04-01,0.29763791694457087
2024-04-02,-0.5503387272334015
2024-04-03,0.39106348888939824
2024-04-04,0.8648605093067419
2024-04-05,0.11687174763361785
2024-04-08,0.029349084791907565
2024-04-09,0.6416453971726854
2024-04-10,0.32009238951424823
2024-04-11,-1.0548893092114708
2024-04-12,0.6713960879687564
2024-04-15,-0.9002407221147868
2024-04-16,0.09403696451937282
2024-04-17,-0.13360629562890747
2024-04-18,0.20281876671977006
2024-04-19,-0.04893966509926795
2024-04-22,0.07463617347067686
2024-04-23,0.4953703426173073
2024-04-24,0.5687591506903233
2024-04-25,0.47351943134377183
2024-04-26,0.6301442089495568
2024-04-29,1.9809116970338936
2024-04-30,-0.9009897975281289
2024-05-01,-0.39208979952609635
2024-05-02,-0.41732296632390753
2024-05-03,-1.1078592758997585
2024-05-06,0.9430446211272647
2024-05-07,0.6714304568560481
2024-05-08,-0.1796072295346951
2024-05-09,0.2553647549529581
2024-05-10,0.6171803746560345
2024-05-13,0.045069043999856895
2024-05-14,0.42966106200605925
2024-05-15,0.38644812686039476
2024-05-16,-0.27062359784222334
2024-05-17,0.4352358696542824
2024-05-20,0.5618318610521422
2024-05-21,-0.02209153194037139
2024-05-22,-0.1401076225029163
2024-05-23,-0.41569828721319535
2024-05-24,-0.08983097515053995
2024-05-27,0.31001038005424864
2024-05-28,0.4704421328164843
2024-05-29,0.16271433476406916
2024-05-30,-0.2893655622565161
2024-05-31,-0.14986340409099963
2024-06-03,0.5634493958375453
2024-06-04,-0.17991984012393214
2024-06-05,-1.2598931522495027
2024-06-06,0.6399947532002459
2024-06-07,0.10395257600024355
2024-06-10,-0.551922086990575
2024-06-11,0.5159152137341083
2024-06-12,0.06343182453536489
2024-06-13,0.6481241332996435
2024-06-14,-0.2310232076157659
2024-06-17,-0.047223441021126966
2024-06-18,0.2455072170208128
2024-06-19,0.7303081867900518
2024-06-20,0.3021091501106854
2024-06-21,0.41280374842680434
2024-06-24,0.2165272919728567
2024-06-25,0.20645705992754504
2024-06-26,-0.13264567125303994
2024-06-27,0.5894075077670147
2024-06-28,0.14629589330275028
2024-07-01,0.5076837534455647
2024-07-02,0.1054740362315787
2024-07-03,0.21966344260726522
2024-07-04,0.7100583547177575
2024-07-05,0.06492530700552557
2024-07-08,-0.09659418566132505
2024-07-09,0.09908153759137228
2024-07-10,0.2803122198108188
2024-07-11,0.33460408386258855
2024-07-12,-1.900295494185622
2024-07-15,0.16413781227340163
2024-07-16,-0.20057354050320164
2024-07-17,-0.32477336446112837
2024-07-18,-1.7088290203575607
2024-07-19,0.5796336885544928
2024-07-22,0.06756959539957474
2024-07-23,-1.169044632811067
2024-07-24,-1.1287572030270088
2024-07-25,-1.7675927332389652
2024-07-26,-0.6360743935672541
2024-07-29,0.5206540993185405
2024-07-30,-0.2254459980230994
2024-07-31,-0.8986944392150864
2024-08-01,-1.8375580859190332
2024-08-02,-1.1452848647627523
2024-08-05,-2.389125701687589
2024-08-06,0.43622533831562116
2024-08-07,-0.7498579023088592
2024-08-08,0.9990903150113528
2024-08-09,2.2145099338340746
2024-08-12,-0.7187354237647936
2024-08-13,0.20238490433892586
2024-08-14,0.8025042055297416
2024-08-15,-0.3658897568793673
2024-08-16,1.5235284422522977
2024-08-19,0.09697059247051332
2024-08-20,0.08293629849451811
2024-08-21,-0.7387590086779472
2024-08-22,-0.10221830623762251
2024-08-23,0.13348964188684143
2024-08-26,-0.3059825238197922
2024-08-27,0.1480532238403942
2024-08-28,-0.13721983701322493
2024-08-29,0.25633421026616254
2024-08-30,0.5120232818982107
2024-09-02,0.645749388569894
2024-09-03,0.5305886436233198
2024-09-04,-2.0168836554506075
2024-09-05,-1.3665572929491443
2024-09-06,0.42890707214096047
2024-09-09,-1.642568647113385
2024-09-10,0.2873921622329245
2024-09-11,-0.7060901917820939
2024-09-12,0.5916741563034567
2024-09-13,0.019454220915937626
2024-09-16,-0.6637595145907005
2024-09-17,0.5712711670298187
2024-09-18,1.0378389951073874
2024-09-19,0.5220764945056633
2024-09-20,0.7830040077118294
2024-09-23,0.8413010851144209
2024-09-24,0.11063038367473688
2024-09-25,0.5799381471006892
2024-09-26,-0.016309466781683213
2024-09-27,1.3176841439437315
2024-09-30,-1.1813384658664772
2024-10-01,0.6166123796638612
2024-10-02,-0.4973845105275654
2024-10-03,2.061130294739355
2024-10-04,-0.33833963404279466
2024-10-07,0.6467243231831121
2024-10-08,-1.1249047393503186
2024-10-09,-0.19907701747396978
2024-10-10,0.35799898551149845
2024-10-11,0.036994420940983375
2024-10-14,0.3300695826881084
2024-10-15,0.12042686144630999
2024-10-16,-0.9837414706493686
2024-10-17,0.06724009479452953
2024-10-18,0.8820334410660546
2024-10-21,-0.08527881612383492
2024-10-22,-0.24440663274014618
2024-10-23,0.8324294913182317
2024-10-24,0.357959394559737
2024-10-25,-0.6363090975067376
2024-10-28,0.318729086983649
2024-10-29,-0.1584211895171439
2024-10-30,-0.26309167526004096
2024-10-31,0.16608237487658606
2024-11-01,-0.7325360184277319
2024-11-04,0.45245957267880943
2024-11-05,-0.10758724143387077
2024-11-06,0.3128262743471222
2024-11-07,0.779793158521036
2024-11-08,0.931476070957471
2024-11-11,-1.538755880670517
2024-11-12,0.2759050393651652
2024-11-13,0.04273970722006304
2024-11-14,-0.05434191354170004
2024-11-15,0.08831728326028632
2024-11-18,-0.9890496442764407
2024-11-19,0.6373422229034365
2024-11-20,0.6215938888502581
2024-11-21,-0.07100267613719957
2024-11-22,-0.7154893149037722
2024-11-25,0.24509163258497058
2024-11-26,-0.8074038882917467
2024-11-27,-0.7222402514028392
2024-11-28,-0.7164761155377786
2024-11-29,0.04459623110766309
2024-12-02,-0.8942269782149515
2024-12-03,-0.6674363575912334
2024-12-04,0.26279242608722164
2024-12-05,-0.2148846690064321
2024-12-06,0.06164354650173287
2024-12-09,-0.9283928374318462
2024-12-10,1.5838817722946263
2024-12-11,-0.688063120200022
2024-12-12,0.4049652435164308
2024-12-13,-0.010564582088301577
2024-12-16,0.5925644370456284
2024-12-17,0.5724519971651798
2024-12-18,-0.9164596883547649
2024-12-19,-1.3876774396509806
2024-12-20,2.3240394203733583
2024-12-23,-0.3350379938435344
2024-12-24,0.2253848771583744
2024-12-25,-0.13179662391569202
2024-12-26,0.17732970057351416
2024-12-27,0.06709346966240481
2024-12-30,0.14615926004826196
2024-12-31,-0.6485001642113186
2025-01-02,0.05654962361338889
2025-01-03,-0.0885117395313495
2025-01-06,0.42747396083926414
2025-01-07,0.4834814326011516
2025-01-08,0.25241729224709797
2025-01-09,-0.39137397054489487
2025-01-10,-0.42672424714329527
2025-01-13,-0.6361424445452402
2025-01-14,0.2821825288604307
2025-01-15,0.42873628330821756
2025-01-16,-0.41418689692271915
2025-01-17,-0.9772916367719597
2025-01-20,0.40301373355047243
2025-01-21,0.7045290308246299
2025-01-22,0.03752855381680131
2025-01-23,0.6221496397270654
2025-01-24,-0.01356736117872348
2025-01-27,-0.07757618496422314
2025-01-28,-0.9849545218145517
2025-01-29,0.2620315873654411
2025-01-30,-0.45697876245427427
2025-01-31,-1.0817148938325305
2025-02-03,-0.30338136892169576
2025-02-04,1.1518960578446258
2025-02-05,-0.20248192374681118
2025-02-06,-0.43741366661893544
2025-02-07,-0.9715888246921711
2025-02-10,0.09660919523637457
2025-02-11,0.14049937280602443
2025-02-12,1.0909029185903751
2025-02-13,0.7341843103821244
2025-02-14,-0.25345056797196897
2025-02-17,0.018918058825234674
2025-02-18,-0.3777377149071004
2025-02-19,0.2881611928942096
2025-02-20,-0.652099269210149
2025-02-21,-0.22903212543163853
2025-02-24,-0.4896236448510338
2025-02-25,-0.17820075628400822
2025-02-26,-0.2988874599747948
2025-02-27,-0.8001044523271883
2025-02-28,-0.4573715384653898
2025-03-03,0.3516722897807911
2025-03-04,-1.0731269518996944
2025-03-05,1.2087012968647892
2025-03-06,0.5079899848782654
2025-03-07,-0.6111367140755553
2025-03-10,-0.7556191272498181
2025-03-11,-0.7487474511453263
2025-03-12,0.9249514645252477
2025-03-13,0.6770954695739073
2025-03-14,-0.8456504156065803
2025-03-17,1.0836191684192586
2025-03-18,1.4063187539355093
2025-03-19,-0.26133203139566685
2025-03-20,-0.5991119220924324
2025-03-21,-0.8619445868117692
2025-03-24,0.5020303377335944
2025-03-25,0.7011854341899992
2025-03-26,-0.2047482026962255
2025-03-27,0.04036883659213064
2025-03-28,0.4906393415264221
2025-03-31,-1.0828454841897317
2025-04-01,-0.4669947029162236
2025-04-02,0.7063936355409917
2025-04-03,-1.6807172017933025
2025-04-04,-0.16968064117397486
2025-04-07,-5.99022310951598
2025-04-08,1.8027523102485121
2025-04-09,-2.028313765405687
2025-04-10,4.020707491045461
2025-04-11,-1.0412087513739676
2025-04-14,1.2292700956921587
2025-04-15,-0.020123723828979756
2025-04-16,0.20509035319398183
2025-04-17,-0.301760106615645
2025-04-22,0.12041244486908909
2025-04-23,0.5597971398908941
2025-04-24,0.21507938060854048
2025-04-25,0.33064089393886054
2025-04-28,0.39589127528680823
2025-04-29,-0.412856786175797
2025-04-30,-0.5818156983821821
2025-05-01,0.9407132916499528
2025-05-02,1.2880369571480088
2025-05-05,0.3798460040586482
2025-05-06,-0.4205996438295223
2025-05-07,0.2752548110437125
2025-05-08,-0.5887324790792015
2025-05-09,0.9091814256415809
2025-05-12,0.3311578822429828
2025-05-13,0.9344606701404246
2025-05-14,1.0486052833702963
2025-05-15,-1.3052029727962378
2025-05-16,-1.0220487888775054
2025-05-19,-0.13470422699148887
2025-05-20,0.5151100254026098
2025-05-21,-0.9148288853932485
2025-05-22,-0.26484209083550425
2025-05-23,-0.2775278309079532
2025-05-26,0.744895669121326
2025-05-27,-0.44165761009757887
2025-05-28,0.5445546444200033
2025-05-29,0.7095854839483273
2025-05-30,-0.9869656537421889
2025-06-02,0.007719985036169774
2025-06-03,-0.087063703265855
2025-06-04,0.47468258482634695
2025-06-05,-0.3928621387326636
2025-06-06,0.8904787280859416
2025-06-09,0.6682681777046451
2025-06-10,0.17691276173934511
2025-06-11,0.3492389714121913
2025-06-12,-0.6959232528576997
2025-06-13,-0.415907041114405
2025-06-16,0.16029707790266023
2025-06-17,0.6497004536925033
2025-06-18,0.015421586772035312
2025-06-19,0.1406081454917718
2025-06-20,-0.13631786426762105
2025-06-23,0.10674490704656314
2025-06-24,0.2919245703195905
2025-06-25,-0.4054790773162509
2025-06-26,0.40452955935332824
2025-06-27,0.22996150675851368
2025-06-30,-0.31129828662481707
2025-07-01,0.1900389461222396
2025-07-02,-0.21221922079037725
2025-07-03,0.13403222378247648
2025-07-04,0.7304652146200574
2025-07-07,-0.4912538259882693
2025-07-08,0.26857043590817753
2025-07-09,0.9455520405110107
2025-07-10,-0.31402350210161245
2025-07-11,1.0051878751429655
2025-07-14,0.451333168417567
2025-07-15,-0.14180811879729305
2025-07-16,0.2537987100930117
2025-07-17,-0.4106060301949377
2025-07-18,-0.08837017809080194
2025-07-21,0.23738882879416057
2025-07-22,-0.43995545775787903
2025-07-23,-0.011748280066203876
2025-07-24,0.4239839682641744
2025-07-25,0.37173738733766726
2025-07-28,0.19718058159645668
2025-07-29,-0.2962091080403795
2025-07-30,-0.1449704880467806
2025-07-31,-0.485600785964202
2025-08-01,0.76570338184212
2025-08-04,-1.6532767296391082
2025-08-05,-0.2845038035145242
2025-08-06,0.5020032568471722
2025-08-07,0.18231854266066438
2025-08-08,0.16010624486766378
2025-08-11,0.4664646737525313
2025-08-12,0.27016358280367303
2025-08-13,-0.0068958528560036925
2025-08-14,-0.08571635906260422
2025-08-15,-0.43536438218774176
2025-08-18,-0.04910685749925925
2025-08-19,0.19620381333640413
2025-08-20,-0.7384404111754561
2025-08-21,-0.5582523506933113
2025-08-22,0.5640147294927234
2025-08-25,0.15698297710655673
2025-08-26,0.3631414991863702
2025-08-27,-0.017450061247159532
2025-08-28,0.15784370589948526
2025-08-29,-0.027840945041979204
2025-09-01,0.4051051763313218
2025-09-02,0.20248191343033017
2025-09-03,0.4088867789001194
2025-09-04,0.030076901713838033
2025-09-05,-0.07115818609759739
2025-09-08,0.5035228199813169
2025-09-09,0.00015485295252748443
2025-09-10,-0.17280740765428515
2025-09-11,0.4945947172708687
2025-09-12,0.6360331728466173
2025-09-15,0.0638711541241399
2025-09-16,0.19970745466457718
2025-09-17,-0.425659700235026
2025-09-18,-0.2154858605262211
2025-09-19,0.20366390732580175
2025-09-22,-0.3124673899705499
2025-09-23,-0.06132020698783602
2025-09-24,-0.11373283256383981
2025-09-25,0.603191798804148
2025-09-26,-0.00998600655444104
2025-09-29,-0.04530592801703648
2025-09-30,-0.12656340851096015
2025-10-01,0.08917372839463145
2025-10-02,-0.5461488273032833
2025-10-03,-0.2138829313435897
2025-10-06,1.619428942270229
2025-10-07,0.8433483542947373
2025-10-08,0.5958375816685235
2025-10-09,0.48901014890783134
2025-10-10,-0.16384979137187283
2025-10-13,-1.5303985806114362
2025-10-14,0.45875937152459745
2025-10-15,-0.759275471601728
2025-10-16,-0.24881351177368227
2025-10-17,-0.9448387232065647
2025-10-20,0.8418981519485058
2025-10-21,0.14487507256479848
2025-10-22,0.37518033153205455
2025-10-23,-0.008854610694686293
2025-10-24,0.8467854099423855
2025-10-27,0.6128840510084999
2025-10-28,0.15028391583407075
2025-10-29,-0.2245560729446927
2025-10-30,0.5364782946267299
2025-10-31,0.5148719945643032
2025-11-03,0.005342809044761587
2025-11-04,-0.10165635165699793
2025-11-05,-1.2231700196372541
2025-11-06,0.716833085847246
2025-11-07,-1.1206988896610204
2025-11-10,0.8746593387524149
2025-11-11,0.6949409816267904
2025-11-12,-0.09394958550721366
2025-11-13,0.5259472545636301
2025-11-14,-0.16780310173458712
2025-11-17,0.06873267890143975
2025-11-18,-0.16803710017041507
2025-11-19,0.4271235175724586
2025-11-20,0.6484270583276386
2025-11-21,-0.37219936479029325
2025-11-24,-0.20961966756163353
2025-11-25,0.21951264018860162
2025-11-26,-0.3955138647881773
2025-11-27,0.8645961358382914
2025-11-28,0.21223948381667856
2025-12-01,0.03233563507392123
2025-12-02,-0.3684714461128724
2025-12-03,0.6507453413442388
2025-12-04,0.022812630979318627
2025-12-05,0.05794747312211079
2025-12-08,0.5956494518968514
2025-12-09,0.2088019847386935
2025-12-10,0.8335939261507885
2025-12-11,-0.14656431035766637
2025-12-12,-0.3068384302373328
2025-12-15,-0.007334127028157944
2025-12-16,-0.6298863723632753
2025-12-17,-0.2885233772365492
2025-12-18,0.0003712132082167585
2025-12-19,0.25435599382785945
2025-12-22,1.3040366281446447
2025-12-23,0.20084405072116063
2025-12-24,0.20048081752652713
2025-12-26,0.05073751329696119
2025-12-29,0.39836674039517295
2025-12-30,-0.5636782467041801
2025-12-31,0.26729261510811675
2026-01-02,-0.03999338593310142
2026-01-05,0.2721690358477691
2026-01-06,0.21431027663247892
2026-01-07,0.38173817309419267
2026-01-08,-0.16490161685485116
2026-01-09,-0.2441512326155637
2026-01-12,0.6302826478315371
2026-01-13,0.2353936098192344
2026-01-14,0.3948012548194102
2026-01-15,-0.4889273255004545
2026-01-16,0.40840577450558246
2026-01-19,-0.8539147958684712
2026-01-20,0.7434868862538524
2026-01-21,0.32098671684199775
2026-01-22,0.5295393058806441
2026-01-23,1.294510622206091
2026-01-26,-1.0247640812357073
2026-01-27,-0.5175751620161817
2026-01-28,-0.049474499936130734
2026-01-29,1.0514590094906184
2026-01-30,0.15791381297136642
2026-02-02,-0.10300743756099795
2026-02-03,0.30011328535952675
2026-02-04,1.1780393637795372
2026-02-05,0.3451016588549516
2026-02-06,-1.2044905482812451
2026-02-09,2.003822410839873
2026-02-10,0.0037848102731219413
2026-02-11,-1.1796780788319472
2026-02-12,-0.06583841456293538
2026-02-13,-0.8211130101215103
2026-02-16,-0.23672571274000465
2026-02-17,0.583420902500742
2026-02-18,-0.15659214265777432
2026-02-19,0.46091213214751736
2026-02-20,0.4853593503506781
2026-02-23,0.27855618336853905
2026-02-24,-0.5316325042688197
2026-02-25,0.8085070874537026
2026-02-26,1.0506879599567087
2026-02-27,-0.4514209901165911
2026-03-02,-0.09518247808288915
2026-03-03,1.0784831938613682
2026-03-04,-0.5792790263124292
2026-03-05,0.0005482426828518072
2026-03-06,-0.5547341028106612
2026-03-09,-0.055553899250937455
2026-03-10,1.0991266222561524
2026-03-11,0.8920966192044855
2026-03-12,0.7574624517214357
2026-03-13,-0.6717664532072565
2026-03-16,-0.7342433175689278
2026-03-17,0.6035823657464245
2026-03-18,0.4523175892532816
2026-03-19,-0.5569203709006043
2026-03-20,-0.433950794697191
2026-03-23,-0.18353151671879342
2026-03-24,-0.5043956882737621
2026-03-25,0.02666500566887997
2026-03-26,-0.3377942028616854
2026-03-27,-0.5923592964067748
2026-03-30,-0.17062715461688693
2026-03-31,-0.31802670377216735
2026-04-01,0.2801197018075685
2026-04-02,0.1365566100057558
2026-04-03,0.33350023761349323
2026-04-06,-0.16093479059018367
2026-04-07,0.41548331089524826
2026-04-08,1.6826724830798279
2026-04-09,-0.5606760744491401
2026-04-10,0.8090781996949348
2026-04-13,-0.40559994460889204
2026-04-14,0.8459772623545136
2026-04-15,0.166385399779867
2026-04-16,0.6693779190860782
2026-04-17,0.018678919098680247
2026-04-20,-0.35271566085335326
2026-04-21,0.3791638607666181
2026-04-22,0.08534912184912091
2026-04-23,0.10017756785656307
2026-04-24,-0.23043313375372687
2026-04-27,0.12362712364477613
2026-04-28,0.5384234249177888
2026-04-29,0.0779480935961141
2026-04-30,-0.43499984759385324
2026-05-01,-0.9816977240599822
2026-05-04,0.0800345329607044
2026-05-05,-0.3775966670077846
2026-05-06,0.8335138135610709
2026-05-07,-0.30169965703286117
2026-05-08,-0.15128792154315285
2026-05-11,0.4048630037068346
2026-05-12,0.411507707674863
2026-05-13,0.16043038906805585
2026-05-14,0.3507930189500019
2026-05-15,-0.2352801345716582
2026-05-18,-0.8162417211321493
2026-05-19,0.5871485208619465
2026-05-20,-0.8084608759698408
2026-05-21,0.5427690116492467
2026-05-22,0.08086610862796384
2026-05-25,0.11052330157359513
2026-05-26,0.14398364789047768
2026-05-27,0.24982397785540122
2026-05-28,-0.3167463490992173
2026-05-29,0.2272440223049177
2026-06-01,0.34149994180210363
2026-06-02,-0.03345902491822539
2026-06-03,0.3497929172006531
2026-06-04,-0.5744174546894909
2026-06-05,-0.019560581303568192
2026-06-08,-0.9810682221178535
2026-06-09,-0.13839549548817498
2026-06-10,-0.09623359067345572
2026-06-11,-0.3098893509861922
2026-06-12,0.5184649045603118
2026-06-15,0.3139529359474924
2026-06-16,0.14448263803041872
2026-06-17,0.025253443359418704
2026-06-18,-0.5436165952988459
2026-06-19,0.3583296933722169
2026-06-22,-0.029361072373346175
2026-06-23,-0.020714309961955557
2026-06-24,-1.148578371242226
2026-06-25,-0.09094278988388549
2026-06-26,0.04072783850050943
2026-06-29,-0.025642607976772425
2026-06-30,-0.11170665111908118
2026-07-01,0.852068108074211
2026-07-02,-0.33203609498932973
2026-07-03,-0.29467956599364964
2026-07-06,0.33038683628698884
2026-07-07,0.6670833271304355
2026-07-08,-0.298913872328721
2026-07-09,0.31943792706663476
2026-07-10,0.0013857474608913734
2026-07-13,-0.2846388316897208
2026-07-14,0.0031390730492519836
2026-07-15,0.7011513440541295
2026-07-16,0.36492553240716763
2026-07-17,0.07364751905376554
2026-07-20,-0.1559970795946608
2026-07-21,0.2911365149060652
2026-07-22,0.4489211394752113
2026-07-23,-0.20972255297981857
2026-07-24,0.15188359312727773
2026-07-27,0.27875780668220607
2026-07-28,0.003251284194871751
2026-07-29,-0.11129960934759264
2026-07-30,-0.5645312703854932
2026-07-31,-0.9829364510342442
2026-08-03,-1.3059711411248731
2026-08-04,-0.7047690295399311
2026-08-05,0.816251887707975
2026-08-06,0.09842358298455256
2026-08-07,0.18185524481248994
2026-08-10,0.12410910825999544
2026-08-11,0.6921210265015576
2026-08-12,0.20422655475986762
2026-08-13,0.016485662536891432
2026-08-14,0.09732467457965743
2026-08-17,0.20202161835221055
2026-08-18,0.40661179525705027
2026-08-19,-0.23374160928006926
2026-08-20,-0.21215319888285844
2026-08-21,0.34147618282729386
2026-08-24,0.7741984236504518
2026-08-25,-0.0801778869513603
2026-08-26,0.1936561933526315
2026-08-27,0.2703032677573214
2026-08-28,0.24170584533902417
2026-08-31,0.04033324608125888
2026-09-01,-0.07266108462091747
2026-09-02,-0.03778367482440981
2026-09-03,-0.559109248263101
2026-09-04,-1.537129648518376
2026-09-07,0.44031697467104003
2026-09-08,-1.2998440174260883
2026-09-09,-0.23847878564067226
2026-09-10,0.0707163775422126
2026-09-11,-0.5477117312872037
