Date,AUDUSD,USDJPY,AUDJPY,EURUSD,GBPUSD,NZDUSD
2010-01-01,0.8984725475311279,92.91999816894531,83.44999694824219,1.4389938116073608,1.6132936477661133,0.724480152130127
2010-01-04,0.9124919772148132,92.49500274658203,84.3740005493164,1.4423978328704834,1.6113698482513428,0.7342144250869751
2010-01-05,0.9118264317512512,91.58499908447266,83.4739990234375,1.4365959167480469,1.599078893661499,0.7337833642959595
2010-01-06,0.9204712510108948,92.35600280761719,84.91999816894531,1.4404033422470093,1.602384328842163,0.7380073666572571
2010-01-07,0.9177680015563965,93.38999938964844,85.69300079345703,1.4318032264709473,1.5933969020843506,0.7327080965042114
2010-01-08,0.9250693917274475,92.66000366210938,85.6780014038086,1.44110906124115,1.602410078048706,0.7370826601982117
2010-01-11,0.9297136068344116,92.09200286865234,85.58999633789062,1.4511260986328125,1.6112918853759766,0.7420048713684082
2010-01-12,0.9204712510108948,91.08000183105469,83.82039642333984,1.447659969329834,1.615169644355774,0.7383888363838196
2010-01-13,0.9242144227027893,91.43299865722656,84.44000244140625,1.4523905515670776,1.628611445426941,0.7403020262718201
2010-01-14,0.9313588738441467,91.26699829101562,84.98699951171875,1.4499897956848145,1.6333998441696167,0.742390513420105
2010-01-15,0.9226794838905334,90.75,83.71299743652344,1.4390974044799805,1.6269950866699219,0.7383888363838196
2010-01-18,0.927385687828064,90.70500183105469,84.07649993896484,1.4406731128692627,1.63529634475708,0.7407956123352051
2010-01-19,0.9225943684577942,91.1989974975586,84.13400268554688,1.4281021356582642,1.6356706619262695,0.7336218357086182
2010-01-20,0.9114938974380493,91.19200134277344,83.0999984741211,1.4110342264175415,1.6298059225082397,0.7218131422996521
2010-01-21,0.904568076133728,90.39299774169922,81.75,1.4097015857696533,1.620509147644043,0.7136231064796448
2010-01-22,0.9012256860733032,89.80999755859375,80.92900085449219,1.414107084274292,1.611006498336792,0.7099751830101013
2010-01-25,0.9049773812294006,90.41500091552734,81.80899810791016,1.4150075912475586,1.6250121593475342,0.7142857313156128
2010-01-26,0.9001709818840027,89.62999725341797,80.62999725341797,1.4082324504852295,1.614700198173523,0.7079144716262817
2010-01-27,0.8962982892990112,89.94999694824219,80.6084976196289,1.4030951261520386,1.6178088188171387,0.7065140604972839
2010-01-28,0.8935751914978027,89.77799987792969,80.20359802246094,1.3968042135238647,1.614309310913086,0.704820990562439
2010-01-29,0.8843296766281128,90.2699966430664,79.79000091552734,1.3866932392120361,1.5984909534454346,0.7019021511077881
2010-02-01,0.8919811248779297,90.76000213623047,80.92549896240234,1.3926994800567627,1.595252513885498,0.7090187072753906
2010-02-02,0.8873114585876465,90.4280014038086,80.2218017578125,1.3976240158081055,1.599206805229187,0.7136231064796448
2010-02-03,0.8822231888771057,90.83999633789062,80.09400177001953,1.3901052474975586,1.5920017957687378,0.6992028951644897
2010-02-04,0.8689607381820679,89.41000366210938,77.65899658203125,1.3744947910308838,1.5769885778427124,0.6888000965118408
2010-02-05,0.8685833811759949,89.22000122070312,77.44300079345703,1.368007779121399,1.565802812576294,0.6898930668830872
2010-02-08,0.8634833097457886,89.22000122070312,77.01000213623047,1.3654673099517822,1.5576082468032837,0.6829201579093933
2010-02-09,0.8775008320808411,89.76799774169922,78.74250030517578,1.378207802772522,1.5693906545639038,0.695313572883606
2010-02-10,0.8768084645271301,89.93000030517578,78.8489990234375,1.3753266334533691,1.5612071752548218,0.6945891380310059
2010-02-11,0.8902341723442078,89.80999755859375,79.9000015258789,1.3681762218475342,1.5702037811279297,0.6978854537010193
2010-02-12,0.889284074306488,89.94999694824219,79.96199798583984,1.363493800163269,1.5698094367980957,0.6981777548789978
2010-02-15,0.889284074306488,90.05000305175781,80.06099700927734,1.3603036403656006,1.5667105913162231,0.6974959969520569
2010-02-16,0.9013068675994873,90.24400329589844,81.3197021484375,1.3767088651657104,1.579005479812622,0.7064142823219299
2010-02-17,0.8987148404121399,91.05000305175781,81.8239974975586,1.3606922626495361,1.5682092905044556,0.7027900815010071
2010-02-18,0.8896797299385071,91.97699737548828,81.80799865722656,1.3461486101150513,1.5423054695129395,0.695313572883606
2010-02-19,0.900009036064148,91.54000091552734,82.36599731445312,1.3615074157714844,1.5464078187942505,0.6997900605201721
2010-02-22,0.9001709818840027,91.23500061035156,82.14399719238281,1.3605626821517944,1.548658847808838,0.7017051577568054
2010-02-23,0.8927774429321289,90.16000366210938,80.44999694824219,1.3527040481567383,1.5445923805236816,0.6951202750205994
2010-02-24,0.8943743705749512,90.27899932861328,80.72740173339844,1.354316234588623,1.5417109727859497,0.6942998170852661
2010-02-25,0.8865247964859009,89.2699966430664,79.12000274658203,1.3536012172698975,1.5243902206420898,0.6907030940055847
2010-02-26,0.8958967924118042,88.9209976196289,79.65799713134766,1.3631035089492798,1.523902416229248,0.6987143754959106
2010-03-01,0.9004952907562256,89.1500015258789,80.22260284423828,1.356208086013794,1.4978805780410767,0.6999860405921936
2010-03-02,0.9049773812294006,88.73999786376953,80.30139923095703,1.3620638847351074,1.5028102397918701,0.69730144739151
2010-03-03,0.9052231907844543,88.56999969482422,80.12000274658203,1.3701633214950562,1.5103002786636353,0.6939143538475037
2010-03-04,0.8997660279273987,89.16000366210938,80.19999694824219,1.3584003448486328,1.50360107421875,0.6863889098167419
2010-03-05,0.9079353213310242,90.22000122070312,81.95099639892578,1.3628991842269897,1.5132943391799927,0.6972042322158813
2010-03-08,0.9083476662635803,90.28600311279297,82.00379943847656,1.3616927862167358,1.504189133644104,0.6998390555381775
2010-03-09,0.9154156446456909,89.98899841308594,82.35320281982422,1.3606922626495361,1.5016368627548218,0.7035812139511108
2010-03-10,0.9139096736907959,90.47000122070312,82.61000061035156,1.3643310070037842,1.4970060586929321,0.7005254030227661
2010-03-11,0.9155831933021545,90.64800262451172,82.97000122070312,1.3685319423675537,1.507204532623291,0.6998390555381775
2010-03-12,0.9149130582809448,90.54000091552734,82.81999969482422,1.376993179321289,1.5216069221496582,0.7020993232727051
2010-03-15,0.9136592745780945,90.31999969482422,82.51000213623047,1.3677457571029663,1.505434513092041,0.7030865550041199
2010-03-16,0.9190332293510437,90.29000091552734,82.96900177001953,1.3768794536590576,1.5236934423446655,0.7124029397964478
2010-03-17,0.9235315322875977,90.40299987792969,83.44000244140625,1.3738338947296143,1.5317922830581665,0.7139797210693359
2010-03-18,0.9212344288825989,90.4800033569336,83.3416976928711,1.361396312713623,1.5253669023513794,0.7152052521705627
2010-03-19,0.9161703586578369,90.5199966430664,82.91000366210938,1.353692889213562,1.5017945766448975,0.7093204259872437
2010-03-22,0.9185266494750977,90.33999633789062,82.95860290527344,1.356704831123352,1.5108022689819336,0.7076139450073242
2010-03-23,0.9179364442825317,90.36599731445312,82.93659973144531,1.3468012809753418,1.5021330118179321,0.7052186131477356
2010-03-24,0.9119095206260681,92.01399993896484,83.8499984741211,1.3331022262573242,1.4898910522460938,0.7035812139511108
2010-03-25,0.9085953235626221,92.51300048828125,84.0436019897461,1.3307074308395386,1.4844944477081299,0.7047216296195984
2010-03-26,0.9044044613838196,92.50700378417969,83.63800048828125,1.3410038948059082,1.4898022413253784,0.7033832669258118
2010-03-29,0.9167582988739014,92.48999786376953,84.73999786376953,1.3481086492538452,1.498194694519043,0.7094210982322693
2010-03-30,0.9186110496520996,92.81999969482422,85.22000122070312,1.3424079418182373,1.5074089765548706,0.7098239660263062
2010-03-31,0.9155831933021545,93.5199966430664,85.58999633789062,1.3508037328720093,1.5183724164962769,0.7070136070251465
2010-04-01,0.920640766620636,93.8499984741211,86.33999633789062,1.3584003448486328,1.5291922092437744,0.707764208316803
2010-04-02,0.9196248054504395,94.52999877929688,86.95999908447266,1.3504936695098877,1.5210051536560059,0.706813633441925
2010-04-05,0.9208951592445374,94.33000183105469,86.85389709472656,1.34890878200531,1.5298004150390625,0.7037792801856995
2010-04-06,0.9278159141540527,93.79399871826172,86.97679901123047,1.3401951789855957,1.5270905494689941,0.7060650587081909
2010-04-07,0.9272136688232422,93.30899810791016,86.47830200195312,1.3348461389541626,1.5242043733596802,0.707313597202301
2010-04-08,0.9290226101875305,93.41999816894531,86.7562026977539,1.336112380027771,1.5283042192459106,0.7076139450073242
2010-04-09,0.9335324764251709,93.16000366210938,86.94400024414062,1.3500925302505493,1.536995530128479,0.7161784768104553
2010-04-12,0.9266122579574585,93.18299865722656,86.29000091552734,1.3596007823944092,1.5373972654342651,0.7134194374084473
2010-04-13,0.9279881119728088,93.18000030517578,86.38999938964844,1.3608589172363281,1.5377753973007202,0.7092198729515076
2010-04-14,0.9359790086746216,93.31800079345703,87.27999877929688,1.3655978441238403,1.5472211837768555,0.7157171368598938
2010-04-15,0.9339683651924133,93.04000091552734,86.84220123291016,1.3574045896530151,1.54655122756958,0.711895763874054
2010-04-16,0.9242998361587524,92.1500015258789,85.16300201416016,1.3504024744033813,1.536405086517334,0.7093204259872437
2010-04-19,0.9254117608070374,92.45999908447266,85.5365982055664,1.348726749420166,1.533530592918396,0.7095217704772949
2010-04-20,0.9313588738441467,93.1709976196289,86.72000122070312,1.343508243560791,1.5363816022872925,0.7119971513748169
2010-04-21,0.9275577664375305,93.05400085449219,86.26000213623047,1.3389928340911865,1.5413308143615723,0.7099751830101013
2010-04-22,0.9257545471191406,93.39800262451172,86.44000244140625,1.3269991874694824,1.5373972654342651,0.7098239660263062
2010-04-23,0.9279019832611084,93.94999694824219,87.14900207519531,1.338401436805725,1.5382012128829956,0.7174115777015686
2010-04-26,0.9278159141540527,93.9000015258789,87.0979995727539,1.3401232957839966,1.5467904806137085,0.7231180667877197
2010-04-27,0.9165903329849243,93.14399719238281,85.31500244140625,1.3170719146728516,1.5247621536254883,0.7127075791358948
2010-04-28,0.9246416687965393,93.95999908447266,86.83999633789062,1.321283221244812,1.520426869392395,0.7183908224105835
2010-04-29,0.9308386445045471,94.01300048828125,87.41000366210938,1.3262951374053955,1.5356029272079468,0.7246901988983154
2010-04-30,0.9248127341270447,93.83000183105469,86.74299621582031,1.3298048973083496,1.5300110578536987,0.7274843454360962
2010-05-03,0.9268699884414673,94.69200134277344,87.70999908447266,1.3199926614761353,1.524924874305725,0.7307804822921753
2010-05-04,0.909587025642395,94.70999908447266,86.10880279541016,1.2963947057724,1.5127906799316406,0.7202016711235046
2010-05-05,0.9067827463150024,93.78099822998047,85.02999877929688,1.2814927101135254,1.5097986459732056,0.726005494594574
2010-05-06,0.8866034150123596,90.83000183105469,80.51480102539062,1.263296127319336,1.4863920211791992,0.7130124568939209
2010-05-07,0.8880206346511841,91.58000183105469,81.29000091552734,1.2756078243255615,1.4783058166503906,0.715103030204773
2010-05-10,0.9025270342826843,93.18000030517578,84.08699798583984,1.2779226303100586,1.4861931800842285,0.7212925553321838
2010-05-11,0.8946143984794617,92.48999786376953,82.6980972290039,1.2629930973052979,1.4920918941497803,0.716794490814209
2010-05-12,0.8951749801635742,93.16899871826172,83.37000274658203,1.2639029026031494,1.483701467514038,0.7155122756958008
2010-05-13,0.895495593547821,92.7770004272461,83.01000213623047,1.2541072368621826,1.4613901376724243,0.7123014330863953
2010-05-14,0.8861320614814758,92.45999908447266,81.88800048828125,1.2360023260116577,1.4538053274154663,0.707313597202301
2010-05-17,0.8775008320808411,92.55000305175781,81.16000366210938,1.2392956018447876,1.4480162858963013,0.6989096999168396
2010-05-18,0.8617717623710632,91.9010009765625,79.19000244140625,1.217893362045288,1.4296742677688599,0.6891798973083496
2010-05-19,0.8476731181144714,91.54000091552734,77.581298828125,1.2393416166305542,1.4416700601577759,0.6818956732749939
2010-05-20,0.8134048581123352,89.37000274658203,72.66000366210938,1.2478941679000854,1.4348437786102295,0.6680026650428772
2010-05-21,0.8327782154083252,89.98600006103516,74.98600006103516,1.2567076683044434,1.4481000900268555,0.6787945032119751
2010-05-24,0.8248103260993958,90.19000244140625,74.3499984741211,1.234994888305664,1.4409013986587524,0.6709157824516296
2010-05-25,0.8279516100883484,90.33200073242188,74.76171112060547,1.2345983982086182,1.4415037631988525,0.6697026491165161
2010-05-26,0.8258320689201355,89.97000122070312,74.16281127929688,1.217300295829773,1.4383935928344727,0.6687174439430237
2010-05-27,0.8470268845558167,90.87899780273438,76.88999938964844,1.2347966432571411,1.4560492038726807,0.6806888580322266
2010-05-28,0.847385823726654,91.052001953125,77.1240005493164,1.227400541305542,1.4452955722808838,0.6791171431541443
2010-05-31,0.8465966582298279,91.19000244140625,77.17150115966797,1.2287880182266235,1.4522007703781128,0.6811988949775696
2010-06-01,0.8331944942474365,91.0999984741211,75.80999755859375,1.2233014106750488,1.4667057991027832,0.6771856546401978
2010-06-02,0.8418217301368713,92.19000244140625,77.57949829101562,1.223900318145752,1.46500825881958,0.6804572939872742
2010-06-03,0.8433836102485657,92.62300109863281,78.0989990234375,1.216944694519043,1.4634003639221191,0.6838074326515198
2010-06-04,0.8241984844207764,91.87999725341797,75.6989974975586,1.1971030235290527,1.445797085762024,0.6710057854652405
2010-06-07,0.8114906549453735,91.51599884033203,74.2300033569336,1.1922929286956787,1.4474084377288818,0.6589785814285278
2010-06-08,0.8261731863021851,91.41000366210938,75.45999908447266,1.197203278541565,1.4448988437652588,0.6671114563941956
2010-06-09,0.8296689987182617,91.36499786376953,75.77970123291016,1.1991989612579346,1.4547992944717407,0.6743997931480408
2010-06-10,0.8476012349128723,91.30899810791016,77.36599731445312,1.2109030485153198,1.470847725868225,0.6840881109237671
2010-06-11,0.8507018089294434,91.62000274658203,77.9260025024414,1.2114017009735107,1.4552016258239746,0.6900835037231445
2010-06-14,0.8585164546966553,91.62000274658203,78.6344985961914,1.2218068838119507,1.4736003875732422,0.6952168941497803
2010-06-15,0.8642295598983765,91.4739990234375,79.04199981689453,1.2319064140319824,1.4799906015396118,0.6986167430877686
2010-06-16,0.8634833097457886,91.39600372314453,78.89849853515625,1.2311935424804688,1.4736003875732422,0.6979827880859375
2010-06-17,0.8676036596298218,90.83999633789062,78.79409790039062,1.238206148147583,1.4815912246704102,0.7042253613471985
2010-06-18,0.8720676302909851,90.69999694824219,79.0530014038086,1.2392956018447876,1.4829974174499512,0.7069135904312134
2010-06-21,0.8767315745353699,90.99500274658203,79.7328109741211,1.2316029071807861,1.4759929180145264,0.7086167335510254
2010-06-22,0.8728288412094116,90.54000091552734,79.002197265625,1.2275059223175049,1.482008457183838,0.7054175734519958
2010-06-23,0.8748906254768372,89.91000366210938,78.61000061035156,1.2319064140319824,1.4968043565750122,0.7127075791358948
2010-06-24,0.8676036596298218,89.62999725341797,77.72000122070312,1.2337453365325928,1.4932059049606323,0.7085163593292236
2010-06-25,0.8744316101074219,89.1500015258789,77.97899627685547,1.2373021841049194,1.5067956447601318,0.7141836881637573
2010-06-28,0.8695652484893799,89.31300354003906,77.66819763183594,1.2277017831802368,1.509889841079712,0.7057660818099976
2010-06-29,0.8499065041542053,88.64900207519531,75.30500030517578,1.2186353206634521,1.5053439140319824,0.6923769116401672
2010-06-30,0.8413259983062744,88.43000030517578,74.375,1.223002314567566,1.4944332838058472,0.6854949593544006
2010-07-01,0.8470268845558167,87.5999984741211,74.18900299072266,1.2507504224777222,1.5165761709213257,0.6917064189910889
2010-07-02,0.8421052694320679,87.79000091552734,73.85900115966797,1.257102608680725,1.5204963684082031,0.6887052059173584
2010-07-05,0.837520956993103,87.625,73.33999633789062,1.2536983489990234,1.5132026672363281,0.687049150466919
2010-07-06,0.8509190082550049,87.4800033569336,74.42990112304688,1.262403130531311,1.5143942832946777,0.6927126049995422
2010-07-07,0.8635578751564026,87.68000030517578,75.689697265625,1.2633121013641357,1.5178422927856445,0.7036802172660828
2010-07-08,0.8774238228797913,88.41000366210938,77.51000213623047,1.2694060802459717,1.5154958963394165,0.7091192603111267
2010-07-09,0.8781944513320923,88.56999969482422,77.74700164794922,1.2643983364105225,1.5067956447601318,0.7112881541252136
2010-07-12,0.8761170506477356,88.63899993896484,77.5999984741211,1.2590018510818481,1.5024038553237915,0.7117944359779358
2010-07-13,0.8837825655937195,88.79299926757812,78.45999908447266,1.2720866203308105,1.5185105800628662,0.7178235650062561
2010-07-14,0.8816787600517273,88.2699966430664,77.76000213623047,1.274047613143921,1.526810884475708,0.7220216393470764
2010-07-15,0.8837825655937195,87.33999633789062,77.18659973144531,1.2928582429885864,1.5443061590194702,0.7249003052711487
2010-07-16,0.8697165250778198,86.55999755859375,75.24099731445312,1.2931926250457764,1.530690312385559,0.710782527923584
2010-07-19,0.8677542209625244,86.76000213623047,75.2699966430664,1.2939456701278687,1.5225566625595093,0.7056167125701904
2010-07-20,0.8824567198753357,87.24199676513672,76.94999694824219,1.289307713508606,1.5287247896194458,0.7166403532028198
2010-07-21,0.8764241933822632,86.86100006103516,76.12300109863281,1.276796817779541,1.5183953046798706,0.7115918397903442
2010-07-22,0.8943743705749512,87.1240005493164,77.88999938964844,1.2903059720993042,1.5272072553634644,0.726005494594574
2010-07-23,0.8958967924118042,87.5199966430664,78.30599975585938,1.291305661201477,1.543900728225708,0.7274843454360962
2010-07-26,0.90203857421875,86.99800109863281,78.4489974975586,1.299899935722351,1.5489946603775024,0.7335681319236755
2010-07-27,0.9013068675994873,87.81600189208984,79.11799621582031,1.2990893125534058,1.558797836303711,0.7320108413696289
2010-07-28,0.8926180005073547,87.4520034790039,78.02899932861328,1.2992243766784668,1.5594055652618408,0.7223867774009705
2010-07-29,0.9019572138786316,86.68299865722656,78.15899658203125,1.307805061340332,1.5612316131591797,0.7247952818870544
2010-07-30,0.9044044613838196,86.44000244140625,78.13899993896484,1.3039000034332275,1.5687997341156006,0.726374626159668
2010-08-02,0.9128252267837524,86.5979995727539,79.01519775390625,1.3175925016403198,1.5889915227890015,0.7329766154289246
2010-08-03,0.9131585955619812,85.77999877929688,78.2699966430664,1.3225064277648926,1.5945911407470703,0.7338911294937134
2010-08-04,0.9129085540771484,85.77999877929688,78.30000305175781,1.3225064277648926,1.5945911407470703,0.7338911294937134
2010-08-05,0.9165903329849243,86.30000305175781,79.08100128173828,1.3158068656921387,1.5891934633255005,0.7298737168312073
2010-08-06,0.9151642918586731,85.83300018310547,78.52999877929688,1.3181308507919312,1.589142918586731,0.7300869226455688
2010-08-09,0.9181893467903137,85.34400177001953,78.3499984741211,1.3285682201385498,1.5978014469146729,0.7328155040740967
2010-08-10,0.9160025715827942,85.89700317382812,78.64360046386719,1.3229963779449463,1.590609073638916,0.7290223836898804
2010-08-11,0.9134088158607483,85.36000061035156,77.92389678955078,1.3184958696365356,1.5857913494110107,0.7231180667877197
2010-08-12,0.8942144513130188,85.1719970703125,76.0999984741211,1.284406065940857,1.563281536102295,0.7119971513748169
2010-08-13,0.8975855112075806,86.0739974975586,77.20999908447266,1.2829889059066772,1.5587736368179321,0.7137758731842041
2010-08-16,0.8938946723937988,86.13999938964844,76.98899841308594,1.277090311050415,1.5603058338165283,0.7062146663665771
2010-08-17,0.8959770798683167,85.30699920654297,76.36000061035156,1.2811970710754395,1.5646023750305176,0.7049203515052795
2010-08-18,0.9053869843482971,85.59500122070312,77.45719909667969,1.2879958152770996,1.5578023195266724,0.7123014330863953
2010-08-19,0.898391842842102,85.44000244140625,76.7300033569336,1.28564453125,1.5598920583724976,0.7136231064796448
2010-08-20,0.8914245367050171,85.34400177001953,76.0199966430664,1.2808033227920532,1.557705283164978,0.7065140604972839
2010-08-23,0.8880206346511841,85.55999755859375,75.97100067138672,1.2710033655166626,1.554508924484253,0.7061149477958679
2010-08-24,0.89007568359375,85.14099884033203,75.76000213623047,1.2635036706924438,1.5496188402175903,0.7060152888298035
2010-08-25,0.8835482597351074,84.1780014038086,74.35299682617188,1.263296127319336,1.5410932302474976,0.7033832669258118
2010-08-26,0.8847208619117737,84.68399810791016,74.89800262451172,1.26639986038208,1.5472211837768555,0.7017051577568054
2010-08-27,0.8848774433135986,84.34600067138672,74.56999969482422,1.2706480026245117,1.5519996881484985,0.7025925517082214
2010-08-30,0.9026899933815002,85.5009994506836,77.1500015258789,1.2753963470458984,1.5533980131149292,0.7135212421417236
2010-08-31,0.8918219804763794,84.53199768066406,75.3499984741211,1.266592264175415,1.54659903049469,0.7035812139511108
2010-09-01,0.893255889415741,84.13999938964844,75.13999938964844,1.268729567527771,1.5349900722503662,0.7000839710235596
2010-09-02,0.9098353385925293,84.40699768066406,76.802001953125,1.2802950143814087,1.5448071956634521,0.7121999859809875
2010-09-03,0.9100009202957153,84.25,76.62999725341797,1.2825939655303955,1.5395984649658203,0.7141836881637573
2010-09-06,0.9157509207725525,84.43000030517578,77.2750015258789,1.28940749168396,1.544998049736023,0.7193726897239685
2010-09-07,0.9167582988739014,84.12000274658203,77.11000061035156,1.2868356704711914,1.5395036935806274,0.7232750058174133
2010-09-08,0.9105809926986694,83.73200225830078,76.22740173339844,1.2677966356277466,1.53487229347229,0.7180812358856201
2010-09-09,0.9182736277580261,83.94999694824219,77.04000091552734,1.2732040882110596,1.5473887920379639,0.7225955128669739
2010-09-10,0.9230201244354248,83.93000030517578,77.45999908447266,1.269309401512146,1.5425909757614136,0.7249528765678406
2010-09-13,0.9291952848434448,84.30699920654297,78.31999969482422,1.2716983556747437,1.5370900630950928,0.7291818857192993
2010-09-14,0.9337940216064453,83.68099975585938,78.13999938964844,1.2872000932693481,1.5428051948547363,0.7305135726928711
2010-09-15,0.9400263428688049,83.0479965209961,78.01000213623047,1.2991737127304077,1.5533980131149292,0.7329766154289246
2010-09-16,0.9389671087265015,85.69999694824219,80.41999816894531,1.3015071153640747,1.563403844833374,0.7275902032852173
2010-09-17,0.936154305934906,85.8479995727539,80.33000183105469,1.3075997829437256,1.5628174543380737,0.7246901988983154
2010-09-20,0.9376465678215027,85.69000244140625,80.33000183105469,1.3043931722640991,1.5646023750305176,0.726374626159668
2010-09-21,0.9464319944381714,85.7020034790039,81.0999984741211,1.3066941499710083,1.5548230409622192,0.7294477820396423
2010-09-22,0.9535616040229797,85.11299896240234,81.14900207519531,1.3256973028182983,1.5616947412490845,0.732600748538971
2010-09-23,0.9530163407325745,84.4800033569336,80.51000213623047,1.3391003608703613,1.5646023750305176,0.7319036722183228
2010-09-24,0.9498479962348938,84.51000213623047,80.25029754638672,1.331912636756897,1.56788969039917,0.7290754914283752
2010-09-27,0.9608917236328125,84.31600189208984,80.97000122070312,1.3479087352752686,1.5831050872802734,0.7359976172447205
2010-09-28,0.9599692821502686,84.2750015258789,80.86479949951172,1.3439054489135742,1.5810027122497559,0.7341066002845764
2010-09-29,0.967117965221405,83.89199829101562,81.10890197753906,1.3570915460586548,1.5803030729293823,0.7390982508659363
2010-09-30,0.9693679809570312,83.76599884033203,81.13999938964844,1.3628062009811401,1.57957923412323,0.7363770008087158
2010-10-01,0.9644131064414978,83.56999969482422,80.59700012207031,1.3622123003005981,1.571659803390503,0.7337295413017273
2010-10-04,0.9717229008674622,83.33300018310547,80.94999694824219,1.377695083618164,1.582003116607666,0.743992269039154
2010-10-05,0.9670243859291077,83.50299835205078,80.75499725341797,1.367409110069275,1.5824286937713623,0.7390982508659363
2010-10-06,0.9718172550201416,83.19000244140625,80.82099914550781,1.3833937644958496,1.589142918586731,0.7485030293464661
2010-10-07,0.9764671921730042,82.96700286865234,81.00399780273438,1.3920016288757324,1.5864957571029663,0.7518796920776367
2010-10-08,0.9825113415718079,82.37999725341797,80.90499877929688,1.3927963972091675,1.5880074501037598,0.7509198784828186
2010-10-11,0.9895111918449402,81.81999969482422,80.9520034790039,1.3977607488632202,1.594870924949646,0.7562008500099182
2010-10-12,0.9842519164085388,82.08899688720703,80.7490005493164,1.3880213499069214,1.5892945528030396,0.7518231272697449
2010-10-13,0.9866798520088196,81.77999877929688,80.68000030517578,1.3916915655136108,1.5811026096343994,0.7569449543952942
2010-10-14,0.9913750290870667,81.7979965209961,81.0790023803711,1.3967260122299194,1.5905078649520874,0.7576905488967896
2010-10-15,0.9933445453643799,81.47000122070312,80.91000366210938,1.4072020053863525,1.6006401777267456,0.7594167590141296
2010-10-18,0.9890217781066895,81.37799835205078,80.41999816894531,1.3964334726333618,1.5979036092758179,0.7539203763008118
2010-10-19,0.9896091222763062,81.197998046875,80.33699798583984,1.3935922384262085,1.589395523071289,0.7558007836341858
2010-10-20,0.970779538154602,81.54199981689453,79.12999725341797,1.3739094734191895,1.5703023672103882,0.7449899315834045
2010-10-21,0.9858044385910034,81.05500030517578,79.86000061035156,1.3963165283203125,1.5845098495483398,0.752785325050354
2010-10-22,0.9788566827774048,81.30000305175781,79.56300354003906,1.3916915655136108,1.571190595626831,0.7464914917945862
2010-10-25,0.9836710691452026,81.30899810791016,79.95999908447266,1.3944084644317627,1.56788969039917,0.747439980506897
2010-10-26,0.9900990128517151,80.82499694824219,79.97730255126953,1.3948947191238403,1.570968508720398,0.7514277100563049
2010-10-27,0.9863878488540649,81.33699798583984,80.21600341796875,1.3854252099990845,1.5850121974945068,0.7487832307815552
2010-10-28,0.9727626442909241,81.67900085449219,79.43160247802734,1.377808928489685,1.5774115324020386,0.7468817830085754
2010-10-29,0.9727626442909241,81.67900085449219,79.43160247802734,1.377808928489685,1.5774115324020386,0.7468817830085754
2010-11-01,0.9866798520088196,80.40599822998047,79.30359649658203,1.397506833076477,1.6048015356063843,0.7662248611450195
2010-11-02,0.9886307716369629,80.55899810791016,79.63200378417969,1.3910914659500122,1.6059871912002563,0.7671064734458923
2010-11-03,0.9990009665489197,80.66799926757812,80.55000305175781,1.4036072492599487,1.6032320261001587,0.7713074088096619
2010-11-04,1.00393545627594,81.05000305175781,81.35600280761719,1.4127286672592163,1.6106950044631958,0.786596417427063
2010-11-05,1.015702724456787,80.7760009765625,81.9800033569336,1.422798991203308,1.6276041269302368,0.7947230935096741
2010-11-08,1.0164254903793335,81.13999938964844,82.4540023803711,1.407578468322754,1.6209557056427002,0.7925186157226562
2010-11-09,1.010396957397461,81.08999633789062,81.93000030517578,1.3869625329971313,1.6116294860839844,0.7864108085632324
2010-11-10,1.0048130750656128,81.58300018310547,81.9489974975586,1.377201795578003,1.600000023841858,0.7763975262641907
2010-11-11,1.0046011209487915,82.2040023803711,82.57499694824219,1.3775622844696045,1.6122270822525024,0.7817997336387634
2010-11-12,0.9964129328727722,82.41000366210938,82.11299896240234,1.3621008396148682,1.610565423965454,0.7776049971580505
2010-11-15,0.9890217781066895,82.47000122070312,81.56199645996094,1.3693190813064575,1.6129032373428345,0.7753741145133972
2010-11-16,0.9835742712020874,83.16200256347656,81.7699966430664,1.357478380203247,1.6043124198913574,0.7723796963691711
2010-11-17,0.9759905934333801,83.37999725341797,81.37999725341797,1.3490543365478516,1.5887137651443481,0.7686395049095154
2010-11-18,0.9817396402359009,83.0999984741211,81.58171081542969,1.355399250984192,1.5921032428741455,0.7716049551963806
2010-11-19,0.9905893802642822,83.54000091552734,82.73500061035156,1.365728497505188,1.605188012123108,0.7797271013259888
2010-11-22,0.9901970624923706,83.48500061035156,82.62899780273438,1.3744381666183472,1.6004352569580078,0.7810059189796448
2010-11-23,0.9865824580192566,83.29000091552734,82.16799926757812,1.3601926565170288,1.5946674346923828,0.7712478637695312
2010-11-24,0.9746588468551636,83.26899719238281,81.0999984741211,1.3386342525482178,1.580502986907959,0.7604562640190125
2010-11-25,0.985027551651001,83.5199966430664,82.23799896240234,1.3357912302017212,1.579005479812622,0.7620208859443665
2010-11-26,0.977325975894928,83.62999725341797,81.72029876708984,1.3339736461639404,1.5759695768356323,0.7610350251197815
2010-11-29,0.9659969210624695,84.15699768066406,81.28199768066406,1.3238019943237305,1.559016466140747,0.7514841556549072
2010-11-30,0.9607070684432983,84.25399780273438,80.94499969482422,1.3103927373886108,1.5556211471557617,0.7443799376487732
2010-12-01,0.959784984588623,83.6780014038086,80.23999786376953,1.2992074489593506,1.5568078756332397,0.7417847514152527
2010-12-02,0.966183602809906,84.12300109863281,81.25199890136719,1.3124909400939941,1.561036467552185,0.7479431629180908
2010-12-03,0.9769441485404968,83.7490005493164,81.7699966430664,1.3215975761413574,1.5590895414352417,0.756315290927887
2010-12-06,0.9919650554656982,82.77999877929688,82.09390258789062,1.341597557067871,1.5767897367477417,0.7655209302902222
2010-12-07,0.9886307716369629,82.66999816894531,81.69819641113281,1.328691840171814,1.57086980342865,0.7612088322639465
2010-12-08,0.9829941987991333,83.47899627685547,82.072998046875,1.3244681358337402,1.5753240585327148,0.7567158937454224
2010-12-09,0.9792401790618896,84.0999984741211,82.33799743652344,1.3250824213027954,1.5796539783477783,0.7472166419029236
2010-12-10,0.9843488335609436,83.81600189208984,82.49700164794922,1.3242051601409912,1.577510952949524,0.749119758605957
2010-12-13,0.9841550588607788,83.9729995727539,82.62200164794922,1.319713830947876,1.5799036026000977,0.7473841309547424
2010-12-14,0.9950248599052429,83.44000244140625,83.0,1.3395488262176514,1.5861937999725342,0.7515971660614014
2010-12-15,0.9974067807197571,83.79000091552734,83.5479965209961,1.336094617843628,1.5763919353485107,0.7508071064949036
2010-12-16,0.9871668219566345,84.26899719238281,83.18099975585938,1.3224014043807983,1.5560811758041382,0.7403020262718201
2010-12-17,0.9894132614135742,84.05000305175781,83.0999984741211,1.323994755744934,1.563281536102295,0.7403020262718201
2010-12-20,0.9881423115730286,84.01000213623047,82.94999694824219,1.3164995908737183,1.5513014793395996,0.7357268929481506
2010-12-21,0.9928514957427979,83.77100372314453,83.1500015258789,1.3118022680282593,1.5508204698562622,0.7405762076377869
2010-12-22,0.9966115355491638,83.79000091552734,83.48660278320312,1.3090033531188965,1.54659903049469,0.7426109910011292
2010-12-23,0.9994003772735596,83.55999755859375,83.41999816894531,1.3115441799163818,1.5404047966003418,0.7429972290992737
2010-12-24,1.0042983293533325,83.0199966430664,83.32250213623047,1.31271493434906,1.544640064239502,0.7486711144447327
2010-12-27,1.0003300905227661,82.91899871826172,82.91999816894531,1.3079760074615479,1.541378378868103,0.7467144727706909
2010-12-28,1.0058034658432007,82.72000122070312,83.21900177001953,1.3189654350280762,1.54421067237854,0.7505817413330078
2010-12-29,1.0095809698104858,82.35600280761719,83.09100341796875,1.3086265325546265,1.5355793237686157,0.7548878788948059
2010-12-30,1.0173975229263306,81.61799621582031,82.98999786376953,1.3224539756774902,1.550195336341858,0.7668711543083191
2010-12-31,1.0157749652862549,81.4800033569336,82.7699966430664,1.3301233053207397,1.5437101125717163,0.7714858651161194
2011-01-03,1.021440029144287,81.12300109863281,82.83999633789062,1.3357912302017212,1.5572443008422852,0.7786949276924133
2011-01-04,1.016911268234253,81.66999816894531,83.0199966430664,1.3356841802597046,1.5489706993103027,0.7736943960189819
2011-01-05,1.0072014331817627,82.03800201416016,82.60040283203125,1.3321077823638916,1.5597946643829346,0.7678722143173218
2011-01-06,0.9998999834060669,83.18900299072266,83.13999938964844,1.3156856298446655,1.5512052774429321,0.7583800554275513
2011-01-07,0.9930486679077148,83.30000305175781,82.69499969482422,1.2979933023452759,1.5450935363769531,0.7559149861335754
2011-01-10,0.9952229857444763,83.02999877929688,82.63520050048828,1.289507269859314,1.5540015697479248,0.7597051858901978
2011-01-11,0.9947279095649719,82.70999908447266,82.26899719238281,1.2964956760406494,1.5589923858642578,0.7634752988815308
2011-01-12,0.982221782207489,83.33999633789062,81.87000274658203,1.2983977794647217,1.5607929229736328,0.759013295173645
2011-01-13,0.9958176016807556,83.06999969482422,82.70999908447266,1.3128355741500854,1.5749272108078003,0.762427568435669
2011-01-14,0.9982032775878906,82.76200103759766,82.57479858398438,1.335327386856079,1.5842838287353516,0.7720815539360046
2011-01-17,0.9908838868141174,82.88700103759766,82.10679626464844,1.3380253314971924,1.588133454322815,0.7692899107933044
2011-01-18,0.9929500818252563,82.66999816894531,82.06999969482422,1.3283917903900146,1.590002179145813,0.772320032119751
2011-01-19,0.9977052807807922,82.61199951171875,82.3958969116211,1.3378105163574219,1.5962965488433838,0.7719622850418091
2011-01-20,0.9969095587730408,82.15499877929688,81.89199829101562,1.3452069759368896,1.5974185466766357,0.7652866244316101
2011-01-21,0.9859015941619873,82.91999816894531,81.73699951171875,1.3468012809753418,1.5909886360168457,0.7551729083061218
2011-01-24,0.9896091222763062,82.58599853515625,81.70999908447266,1.361952543258667,1.5993857383728027,0.759013295173645
2011-01-25,0.9976056814193726,82.54199981689453,82.32499694824219,1.3644053936004639,1.5986443758010864,0.7645260095596313
2011-01-26,0.9952229857444763,82.26000213623047,81.81999969482422,1.3686069250106812,1.582003116607666,0.767754316329956
2011-01-27,0.999300479888916,82.16300201416016,82.12000274658203,1.3710086345672607,1.5929908752441406,0.7733952403068542
2011-01-28,0.9900990128517151,82.88500213623047,82.0250015258789,1.3723068237304688,1.5926862955093384,0.772320032119751
2011-01-31,0.9873617887496948,82.08899688720703,81.00700378417969,1.3572757244110107,1.5829297304153442,0.7694675326347351
2011-02-01,0.9974067807197571,82.06999969482422,81.85369873046875,1.3713847398757935,1.6030007600784302,0.7729169726371765
2011-02-02,1.0110814571380615,81.39099884033203,82.25,1.382991909980774,1.6136059761047363,0.7822889685630798
2011-02-03,1.0116031169891357,81.49299621582031,82.36000061035156,1.3817880153656006,1.6204829216003418,0.774113655090332
2011-02-04,1.0146104097366333,81.6500015258789,82.80999755859375,1.362453579902649,1.6134496927261353,0.7729169726371765
2011-02-07,1.0125967264175415,82.22000122070312,83.22000122070312,1.357496738433838,1.609968900680542,0.7701786756515503
2011-02-08,1.0133970975875854,82.28900146484375,83.37300109863281,1.359194278717041,1.6129032373428345,0.7727975249290466
2011-02-09,1.0147957801818848,82.3030014038086,83.4800033569336,1.3626948595046997,1.606632113456726,0.775494396686554
2011-02-10,1.0107953548431396,82.41899871826172,83.2760009765625,1.372099757194519,1.6101503372192383,0.7714858651161194
2011-02-11,1.0014019012451172,83.33999633789062,83.41999816894531,1.3601926565170288,1.6097097396850586,0.7618467211723328
2011-02-14,1.0015925168991089,83.44400024414062,83.55000305175781,1.3510043621063232,1.6003072261810303,0.7575184106826782
2011-02-15,1.00210440158844,83.41300201416016,83.55000305175781,1.3481086492538452,1.6028209924697876,0.7559149861335754
2011-02-16,0.997307300567627,83.71600341796875,83.47100067138672,1.3498555421829224,1.6136579513549805,0.7522190809249878
2011-02-17,1.0030291080474854,83.61000061035156,83.86299896240234,1.357533574104309,1.60929536819458,0.7555723190307617
2011-02-18,1.0121968984603882,83.29000091552734,84.26000213623047,1.3626019954681396,1.6178088188171387,0.7588980793952942
2011-02-21,1.01449716091156,83.08000183105469,84.27680206298828,1.3713470697402954,1.6250914335250854,0.7635919451713562
2011-02-22,1.0087255239486694,83.06600189208984,83.76000213623047,1.3682323694229126,1.6227970123291016,0.7637085914611816
2011-02-23,1.000400185585022,82.76000213623047,82.76000213623047,1.3673717975616455,1.6160049438476562,0.7481110692024231
2011-02-24,1.0027776956558228,82.43800354003906,82.66600036621094,1.3764055967330933,1.6235084533691406,0.7452675700187683
2011-02-25,1.0108054876327515,82.0469970703125,82.89600372314453,1.381998062133789,1.614439606666565,0.7514841556549072
2011-02-28,1.01449716091156,81.62200164794922,82.73999786376953,1.373437762260437,1.610046625137329,0.7521058917045593
2011-03-01,1.0187968015670776,81.87300109863281,83.39399719238281,1.3821508884429932,1.6270480155944824,0.7530120611190796
2011-03-02,1.0136024951934814,81.89800262451172,82.94000244140625,1.3771828413009644,1.626280665397644,0.7474958896636963
2011-03-03,1.0160949230194092,81.8280029296875,83.16600036621094,1.3866548538208008,1.6332930326461792,0.7431076765060425
2011-03-04,1.0128017663955688,82.36699676513672,83.40399932861328,1.3958877325057983,1.6274452209472656,0.7399733662605286
2011-03-07,1.0147030353546143,82.34300231933594,83.5199966430664,1.3990709781646729,1.6268362998962402,0.7376807332038879
2011-03-08,1.012248158454895,82.29199981689453,83.27400207519531,1.3963944911956787,1.619852900505066,0.7374087572097778
2011-03-09,1.0092039108276367,82.80000305175781,83.53099822998047,1.3897961378097534,1.6163444519042969,0.7403568625450134
2011-03-10,1.0096625089645386,82.83300018310547,83.61000061035156,1.3902212381362915,1.6200103759765625,0.7361059784889221
2011-03-11,1.0019036531448364,82.91799926757812,83.02999877929688,1.3801289796829224,1.6066062450408936,0.7346999049186707
2011-03-14,1.0101009607315063,81.28399658203125,82.02999877929688,1.3934563398361206,1.6071486473083496,0.7398091554641724
2011-03-15,1.0088882446289062,81.81999969482422,82.52799987792969,1.3992079496383667,1.6172070503234863,0.7390982508659363
2011-03-16,0.9940357208251953,81.05599975585938,80.55599975585938,1.3986209630966187,1.607200264930725,0.7323861122131348
2011-03-17,0.9797198176383972,79.12799835205078,77.48799896240234,1.3884838819503784,1.5991301536560059,0.7221781015396118
2011-03-18,0.9841550588607788,79.5,78.25479888916016,1.4032920598983765,1.6143354177474976,0.7225955128669739
2011-03-21,0.9974067807197571,81.01499938964844,80.80000305175781,1.4170527458190918,1.6222968101501465,0.732225239276886
2011-03-22,1.0058844089508057,81.20899963378906,81.63999938964844,1.4217066764831543,1.6308690309524536,0.7357268929481506
2011-03-23,1.0091021060943604,81.03900146484375,81.73739624023438,1.4168118238449097,1.6360185146331787,0.7395902872085571
2011-03-24,1.0132944583892822,80.86699676513672,81.9209976196289,1.4105963706970215,1.6249066591262817,0.7437156438827515
2011-03-25,1.0202000141143799,81.01399993896484,82.63099670410156,1.4171934127807617,1.6122010946273804,0.7510890364646912
2011-03-28,1.024233341217041,81.4489974975586,83.38909912109375,1.402603268623352,1.6004096269607544,0.7508071064949036
2011-03-29,1.02421236038208,81.76000213623047,83.70999908447266,1.4079747200012207,1.599078893661499,0.7510890364646912
2011-03-30,1.029198408126831,82.41100311279297,84.80000305175781,1.411113977432251,1.6009989976882935,0.7564868927001953
2011-03-31,1.0319172143936157,83.1500015258789,85.80699920654297,1.4121301174163818,1.6074068546295166,0.7620790004730225
2011-04-01,1.0333994626998901,83.36000061035156,86.12799835205078,1.415869116783142,1.60341215133667,0.7606876492500305
2011-04-04,1.0395010709762573,84.22000122070312,87.55000305175781,1.4223334789276123,1.61207115650177,0.768580436706543
2011-04-05,1.0363982915878296,84.12999725341797,87.16000366210938,1.422009825706482,1.613059401512146,0.7678722143173218
2011-04-06,1.0319066047668457,85.16000366210938,87.85900115966797,1.4219088554382324,1.6300981044769287,0.7675774693489075
2011-04-07,1.0435363054275513,85.31999969482422,89.01679992675781,1.4335273504257202,1.632493257522583,0.7777259349822998
2011-04-08,1.046101689338684,84.95999908447266,88.83999633789062,1.430206060409546,1.632120132446289,0.7774236798286438
2011-04-11,1.056602120399475,85.04000091552734,89.84500122070312,1.446215271949768,1.6374115943908691,0.7817997336387634
2011-04-12,1.0504974126815796,84.62999725341797,88.87000274658203,1.4437931776046753,1.6344943046569824,0.7824726104736328
2011-04-13,1.0451068878173828,83.5999984741211,87.35299682617188,1.447638988494873,1.6256990432739258,0.7848061919212341
2011-04-14,1.0498026609420776,83.78299713134766,87.91999816894531,1.444210171699524,1.6268892288208008,0.7880220413208008
2011-04-15,,,,1.4432096481323242,,
2011-04-18,1.0562005043029785,83.14700317382812,87.82099914550781,1.4412959814071655,1.6314011812210083,0.7970033288002014
2011-04-19,1.0487017631530762,82.33399963378906,86.31099700927734,1.4223941564559937,1.626121997833252,0.7860399484634399
2011-04-20,1.0535964965820312,82.58000183105469,86.9800033569336,1.433794617652893,1.6324398517608643,0.7895152568817139
2011-04-21,1.0681250095367432,82.44000244140625,88.02570343017578,1.4513999223709106,1.6394786834716797,0.7965589165687561
2011-04-22,1.0748989582061768,81.89700317382812,87.99440002441406,1.455498218536377,1.651473045349121,0.8014747500419617
2011-04-25,1.0759861469268799,81.87000274658203,88.05999755859375,1.4557099342346191,1.6528105735778809,0.802825927734375
2011-04-26,1.0726046562194824,81.83999633789062,87.76799774169922,1.4578959941864014,1.6501922607421875,0.8001920580863953
2011-04-27,1.0794240236282349,81.51100158691406,87.94999694824219,1.4687954187393188,1.6509006023406982,0.8074283599853516
2011-04-28,1.0855170488357544,82.2040023803711,89.17500305175781,1.4779999256134033,1.6627867221832275,0.8025038242340088
2011-04-29,1.093900442123413,81.52999877929688,89.16169738769531,1.4844063520431519,1.665001630783081,0.8041170835494995
2011-05-02,1.0960345268249512,81.22699737548828,89.00050354003906,1.4793994426727295,1.6688083410263062,0.8084728121757507
2011-05-03,1.0950024127960205,81.18000030517578,88.79000091552734,1.4823819398880005,1.666000247001648,0.80560702085495
2011-05-04,1.0853991508483887,80.96900177001953,87.83999633789062,1.4833273887634277,1.6496477127075195,0.7994883060455322
2011-05-05,1.075002908706665,80.63999938964844,86.6500015258789,1.4829754829406738,1.6497021913528442,0.7933988571166992
2011-05-06,1.0606027841567993,80.41699981689453,85.27999877929688,1.454439640045166,1.6385921239852905,0.7874636054039001
2011-05-09,1.071593165397644,80.73400115966797,86.49400329589844,1.4352967739105225,1.6358044147491455,0.7900142073631287
2011-05-10,1.080100178718567,80.24199676513672,86.64540100097656,1.4376078844070435,1.6411738395690918,0.7930842638015747
2011-05-11,1.0847986936569214,81.01100158691406,87.83999633789062,1.44110906124115,1.6370095014572144,0.7954816818237305
2011-05-12,1.0712946653366089,81.01000213623047,86.77400207519531,1.4211004972457886,1.6367415189743042,0.79107666015625
2011-05-13,1.0666552782058716,81.04000091552734,86.36000061035156,1.423791527748108,1.62839937210083,0.7947861552238464
2011-05-16,1.0557209253311157,80.81700134277344,85.2979965209961,1.4077963829040527,1.6175994873046875,0.7857928276062012
2011-05-17,1.0573842525482178,80.78199768066406,85.37999725341797,1.415808916091919,1.620929479598999,0.7805182337760925
2011-05-18,1.0636035203933716,81.4209976196289,86.59529876708984,1.4268999099731445,1.6253026723861694,0.786596417427063
2011-05-19,1.0630042552947998,81.66100311279297,86.7699966430664,1.4255167245864868,1.6165013313293457,0.7898269891738892
2011-05-20,1.066996693611145,81.71399688720703,87.16999816894531,1.4316186904907227,1.6231921911239624,0.7915149927139282
2011-05-23,1.0628347396850586,81.73999786376953,86.80999755859375,1.4105764627456665,1.6214288473129272,0.7930213809013367
2011-05-24,1.0505526065826416,81.95700073242188,86.08000183105469,1.403666377067566,1.6108766794204712,0.7900766730308533
2011-05-25,1.0558992624282837,82.0479965209961,86.55999755859375,1.4099003076553345,1.6184896230697632,0.7978299260139465
2011-05-26,1.0536963939666748,82.02200317382812,86.39199829101562,1.4084903001785278,1.6279751062393188,0.7980208992958069
2011-05-27,1.0625749826431274,81.2699966430664,86.31900024414062,1.4135074615478516,1.6385383605957031,0.8092579245567322
2011-05-30,1.0706982612609863,80.83100128173828,86.52999877929688,1.4297356605529785,1.6511186361312866,0.8189337849617004
2011-05-31,1.070297122001648,80.87999725341797,86.5,1.4322338104248047,1.6487774848937988,0.8188666701316833
2011-06-01,1.0682048797607422,81.4530029296875,86.94999694824219,1.4427932500839233,1.646497130393982,0.8254911303520203
2011-06-02,1.0634112358093262,80.89399719238281,86.01599884033203,1.434493899345398,1.633426547050476,0.8155941963195801
2011-06-03,1.0670992136001587,80.97000122070312,86.36000061035156,1.4486035108566284,1.6361523866653442,0.8149959444999695
2011-06-06,1.075002908706665,80.22000122070312,86.197998046875,1.465502142906189,1.6454133987426758,0.8169934749603271
2011-06-07,1.072995901107788,80.12000274658203,85.9000015258789,1.458299994468689,1.6357241868972778,0.8145976066589355
2011-06-08,1.0720986127853394,80.16999816894531,85.91500091552734,1.4686013460159302,1.6443040370941162,0.8214901685714722
2011-06-09,1.064407229423523,79.88999938964844,85.0199966430664,1.4601950645446777,1.6407967805862427,0.822571337223053
2011-06-10,1.062699317932129,80.29000091552734,85.302001953125,1.451568365097046,1.6365541219711304,0.8261049389839172
2011-06-13,1.0538963079452515,80.33999633789062,84.62000274658203,1.4332603216171265,1.6226128339767456,0.8206138014793396
2011-06-14,1.0607041120529175,80.1760025024414,85.01100158691406,1.4416908025741577,1.6374115943908691,0.8169267177581787
2011-06-15,1.069415807723999,80.54000091552734,86.12999725341797,1.4450031518936157,1.6377333402633667,0.8190008401870728
2011-06-16,1.0575966835021973,80.87999725341797,85.48999786376953,1.4181982278823853,1.6195906400680542,0.806126594543457
2011-06-17,1.0562005043029785,80.5770034790039,85.06999969482422,1.419909954071045,1.6161093711853027,0.8059316277503967
2011-06-20,1.0603779554367065,80.07599639892578,84.9280014038086,1.4285101890563965,1.6178088188171387,0.81089848279953
2011-06-21,1.0595015287399292,80.23400115966797,84.99099731445312,1.4325416088104248,1.6206929683685303,0.8105698227882385
2011-06-22,1.0597037076950073,80.22100067138672,84.9800033569336,1.4381660223007202,1.6225336790084839,0.8124136328697205
2011-06-23,1.055297613143921,80.38300323486328,84.80400085449219,1.4314342737197876,1.6059871912002563,0.8145312666893005
2011-06-24,1.0535964965820312,80.44000244140625,84.7300033569336,1.427001714706421,1.602615475654602,0.8147303462028503
2011-06-27,1.0472848415374756,80.45999908447266,84.26000213623047,1.4171332120895386,1.5962965488433838,0.8045699596405029
2011-06-28,1.0460032224655151,80.8499984741211,84.51000213623047,1.4316802024841309,1.5990022420883179,0.8059965968132019
2011-06-29,1.0536963939666748,81.08000183105469,85.43399810791016,1.4357914924621582,1.5987977981567383,0.81089848279953
2011-06-30,1.0692671537399292,80.70999908447266,86.29000091552734,1.4478904008865356,1.6075878143310547,0.8261731863021851
2011-07-01,1.071799874305725,80.5999984741211,86.31999969482422,1.4496954679489136,1.6048015356063843,0.8283631205558777
2011-07-04,1.0777952671051025,80.87999725341797,87.12000274658203,1.4539955854415894,1.6068129539489746,0.8283631205558777
2011-07-05,1.07449471950531,80.73300170898438,86.7300033569336,1.4553074836730957,1.6097097396850586,0.8323622345924377
2011-07-06,1.0691642761230469,81.06999969482422,86.65299987792969,1.4428139925003052,1.606787085533142,0.8265829086303711
2011-07-07,1.0695987939834595,80.93800354003906,86.55000305175781,1.4331575632095337,1.6008964776992798,0.8276090621948242
2011-07-08,1.0772960186004639,81.2300033569336,87.48400115966797,1.4364513158798218,1.5981078147888184,0.8322237133979797
2011-07-11,1.0722020864486694,80.6500015258789,86.44000244140625,1.4201923608779907,1.6025898456573486,0.8347941637039185
2011-07-12,1.0642033815383911,80.29000091552734,85.41999816894531,1.4040604829788208,1.5908114910125732,0.8265146017074585
2011-07-13,1.0587948560714722,79.31800079345703,83.96700286865234,1.3969016075134277,1.5918244123458862,0.8177283406257629
2011-07-14,1.0777952671051025,78.91999816894531,85.05400085449219,1.4234267473220825,1.6168148517608643,0.8494011759757996
2011-07-15,1.072593092918396,79.18000030517578,84.90799713134766,1.4157286882400513,1.6149089336395264,0.8421761989593506
2011-07-18,1.064803957939148,79.11299896240234,84.23899841308594,1.4123096466064453,1.6111880540847778,0.8476731181144714
2011-07-19,1.061311960220337,79.05000305175781,83.87999725341797,1.411193609237671,1.6058323383331299,0.8441668152809143
2011-07-20,1.0743907690048218,79.1259994506836,84.95999908447266,1.417293906211853,1.6137100458145142,0.856531023979187
2011-07-21,1.0770175457000732,78.75399780273438,84.80999755859375,1.427001714706421,1.6159266233444214,0.8585901856422424
2011-07-22,1.0837758779525757,78.58399963378906,85.15599822998047,1.4420026540756226,1.6323332786560059,0.8626639246940613
2011-07-25,1.0845986604690552,78.37999725341797,84.99099731445312,1.4388489723205566,1.6315076351165771,0.8651267290115356
2011-07-26,1.0847046375274658,78.30000305175781,84.91000366210938,1.4371533393859863,1.6280810832977295,0.8622176051139832
2011-07-27,1.0959985256195068,77.91400146484375,85.3759994506836,1.450810194015503,1.642602562904358,0.8726764917373657
2011-07-28,1.10349702835083,77.93000030517578,86.00700378417969,1.4372979402542114,1.6327331066131592,0.8716115951538086
2011-07-29,1.1000010967254639,77.7300033569336,85.48999786376953,1.4331985712051392,1.6368486881256104,0.8706251382827759
2011-08-01,1.1017341613769531,77.21299743652344,85.04399871826172,1.4363688230514526,1.6412007808685303,0.8817564845085144
2011-08-02,1.0978032350540161,77.45999908447266,85.03500366210938,1.4262080192565918,1.6309223175048828,0.8770390748977661
2011-08-03,1.0748873949050903,77.33499908447266,82.93000030517578,1.417333960533142,1.6278691291809082,0.8628127574920654
2011-08-04,1.0760903358459473,77.11199951171875,82.95999908447266,1.4352967739105225,1.6434123516082764,0.8661758303642273
2011-08-05,1.0429050922393799,79.29000091552734,82.68199920654297,1.4067071676254272,1.6235874891281128,0.8298066258430481
2011-08-08,1.038303017616272,78.25399780273438,81.20899963378906,1.4294085502624512,1.6416587829589844,0.8370302319526672
2011-08-09,1.0129249095916748,77.58499908447266,78.58000183105469,1.4170728921890259,1.6320136785507202,0.8165932297706604
2011-08-10,1.0383893251419067,77.05000305175781,80.01100158691406,1.4383108615875244,1.6314810514450073,0.8396305441856384
2011-08-11,1.012996792793274,76.75900268554688,77.69999694824219,1.4124692678451538,1.6118113994598389,0.8089960813522339
2011-08-12,1.0338268280029297,76.86000061035156,79.44190216064453,1.4226369857788086,1.6227970123291016,0.8293249011039734
2011-08-15,1.038303017616272,76.81999969482422,79.73999786376953,1.4274091720581055,1.6293280124664307,0.8349335789680481
2011-08-16,1.0487346649169922,76.83999633789062,80.5999984741211,1.4438347816467285,1.6385921239852905,0.8338892459869385
2011-08-17,1.0476031303405762,76.75399780273438,80.37750244140625,1.439801812171936,1.644087791442871,0.8338892459869385
2011-08-18,1.0539518594741821,76.5469970703125,80.5999984741211,1.4429181814193726,1.6540955305099487,0.8359106779098511
2011-08-19,1.0379257202148438,76.63700103759766,79.52300262451172,1.4324390888214111,1.6507915258407593,0.8229774832725525
2011-08-22,1.0384970903396606,76.78600311279297,79.68000030517578,1.4369261264801025,1.6477993726730347,0.8194034695625305
2011-08-23,1.0398037433624268,76.83200073242188,79.86530303955078,1.436100721359253,1.6466054916381836,0.8233163356781006
2011-08-24,1.052398920059204,76.66000366210938,80.63481140136719,1.4437098503112793,1.649811029434204,0.8340979218482971
2011-08-25,1.046331524848938,77.0530014038086,80.58999633789062,1.44123375415802,1.6370095014572144,0.8295313119888306
2011-08-26,1.0441792011260986,77.43499755859375,80.81999969482422,1.4372979402542114,1.6283197402954102,0.8282259702682495
2011-08-29,1.0579659938812256,76.68199920654297,81.11000061035156,1.449506402015686,1.6350021362304688,0.8404067158699036
2011-08-30,1.0679539442062378,76.93299865722656,82.1500015258789,1.4524328708648682,1.641497015953064,0.8483203649520874
2011-08-31,1.0676004886627197,76.70099639892578,81.86000061035156,1.4433138370513916,1.6307626962661743,0.8523696064949036
2011-09-01,1.0689127445220947,76.7300033569336,81.98999786376953,1.4374631643295288,1.6251442432403564,0.8528057336807251
2011-09-02,1.0723055601119995,76.86000061035156,82.38999938964844,1.4262080192565918,1.6188040971755981,0.8519338965415955
2011-09-05,1.0609854459762573,76.9020004272461,81.52999877929688,1.4157688617706299,1.6172070503234863,0.8438819050788879
2011-09-06,1.051513671875,76.9020004272461,80.83000183105469,1.4063115119934082,1.609994888305664,0.8280202150344849
2011-09-07,1.0491968393325806,77.61799621582031,81.43000030517578,1.4003249406814575,1.5948200225830078,0.8250144124031067
2011-09-08,1.0650761127471924,77.3010025024414,82.30999755859375,1.4085696935653687,1.5985933542251587,0.8340979218482971
2011-09-09,1.0607378482818604,77.50800323486328,82.20700073242188,1.3904144763946533,1.5977503061294556,0.8355615139007568
2011-09-12,1.0442010164260864,77.46299743652344,80.85311126708984,1.3600815534591675,1.5856908559799194,0.8200082182884216
2011-09-13,1.0351645946502686,77.18000030517578,79.83999633789062,1.3660268783569336,1.5858668088912964,0.8241984844207764
2011-09-14,1.0319278240203857,76.93199920654297,79.37100219726562,1.3686069250106812,1.5786067247390747,0.8231130242347717
2011-09-15,1.0276963710784912,76.677001953125,78.77059936523438,1.3746082782745361,1.5769885778427124,0.8192020654678345
2011-09-16,1.0325992107391357,76.73400115966797,79.20999908447266,1.3869048357009888,1.579304814338684,0.8231130242347717
2011-09-19,1.0312999486923218,76.91000366210938,79.26100158691406,1.3701446056365967,1.5724011659622192,0.8258320689201355
2011-09-20,1.0151047706604004,76.59600067138672,77.74400329589844,1.3605626821517944,1.5659990310668945,0.8179290294647217
2011-09-21,1.0251994132995605,76.46299743652344,78.31999969482422,1.369394063949585,1.5734156370162964,0.8220303654670715
2011-09-22,1.0061981678009033,76.53800201416016,76.99810028076172,1.3586033582687378,1.5508204698562622,0.800000011920929
2011-09-23,0.9765624403953552,76.30599975585938,74.49700164794922,1.348090410232544,1.536169171333313,0.7830854058265686
2011-09-26,0.982607901096344,76.54000091552734,75.19999694824219,1.3547013998031616,1.549330711364746,0.7760962843894958
2011-09-27,0.9821252822875977,76.33599853515625,74.94000244140625,1.351807951927185,1.5552583932876587,0.7796663045883179
2011-09-28,0.9904912114143372,76.80799865722656,76.06999969482422,1.3582342863082886,1.5639907121658325,0.7880220413208008
2011-09-29,0.9747538566589355,76.54000091552734,74.54000091552734,1.3537662029266357,1.5576082468032837,0.7745933532714844
2011-09-30,0.9764671921730042,76.76499938964844,74.88999938964844,1.3585848808288574,1.5599408149719238,0.7691715955734253
2011-10-03,0.9676794409751892,77.19000244140625,74.69999694824219,1.336094617843628,1.5583120584487915,0.7631840109825134
2011-10-04,0.9524716138839722,76.59200286865234,72.9469985961914,1.3195048570632935,1.5435909032821655,0.7523888349533081
2011-10-05,0.9556575417518616,76.76000213623047,73.36000061035156,1.3330134153366089,1.547029733657837,0.7591862082481384
2011-10-06,0.9640412926673889,76.78199768066406,73.98999786376953,1.333991527557373,1.54659903049469,0.7655795216560364
2011-10-07,0.9741841554641724,76.65799713134766,74.65599822998047,1.3428946733474731,1.5434480905532837,0.7688758969306946
2011-10-10,0.9767532348632812,76.7699966430664,74.94999694824219,1.3385984897613525,1.5533015727996826,0.7698822021484375
2011-10-11,0.9984025359153748,76.66000366210938,76.53469848632812,1.3635495901107788,1.5658273696899414,0.7841292023658752
2011-10-12,0.9956192374229431,76.66699981689453,76.3121109008789,1.3645730018615723,1.5588949918746948,0.7803964614868164
2011-10-13,1.015960693359375,77.18000030517578,78.38999938964844,1.379196286201477,1.5747783184051514,0.7956715226173401
2011-10-14,1.0154036283493042,76.87999725341797,78.04341125488281,1.3735508918762207,1.5745056867599487,0.7920791506767273
2011-10-17,1.0342117547988892,77.22000122070312,79.83999633789062,1.3879058361053467,1.5826289653778076,0.8043111562728882
2011-10-18,1.0170042514801025,76.83100128173828,78.12329864501953,1.3744003772735596,1.5745056867599487,0.7925814390182495
2011-10-19,1.0253045558929443,76.7770004272461,78.6980972290039,1.3740037679672241,1.57086980342865,0.7942811846733093
2011-10-20,1.0238558053970337,76.80000305175781,78.5999984741211,1.3765003681182861,1.5777100324630737,0.7930842638015747
2011-10-21,1.0230493545532227,76.86000061035156,78.62000274658203,1.377903938293457,1.579604148864746,0.7933988571166992
2011-10-24,1.031991720199585,76.20999908447266,78.66000366210938,1.3847730159759521,1.5943114757537842,0.8014747500419617
2011-10-25,1.046725869178772,76.13200378417969,79.6500015258789,1.3922340869903564,1.5996673107147217,0.8054123520851135
2011-10-26,1.042872428894043,76.10900115966797,79.35009765625,1.3904531002044678,1.599846363067627,0.7974482178688049
2011-10-27,1.0399010181427002,76.18399810791016,79.19000244140625,1.387694001197815,1.5959653854370117,0.800000011920929
2011-10-28,1.0697017908096313,75.93000030517578,81.21399688720703,1.4173942804336548,1.608777403831482,0.8220303654670715
2011-10-31,1.0673953294754028,75.73999786376953,80.81999969482422,1.4140071868896484,1.6111880540847778,0.8196049332618713
2011-11-01,1.0545074939727783,78.30799865722656,82.54499816894531,1.386001467704773,1.6080013513565063,0.8082767128944397
2011-11-02,1.0307046175003052,78.30599975585938,80.66000366210938,1.3655978441238403,1.5940066576004028,0.7930213809013367
2011-11-03,1.0253045558929443,78.13899993896484,80.09600067138672,1.3690004348754883,1.5911911725997925,0.7830240726470947
2011-11-04,1.0418511629104614,78.0530014038086,81.28900146484375,1.382991909980774,1.6037206649780273,0.7963051199913025
2011-11-07,1.0395983457565308,78.12999725341797,81.2509994506836,1.3789299726486206,1.6032835245132446,0.7966857552528381
2011-11-08,1.0362157821655273,78.0770034790039,80.88999938964844,1.3760079145431519,1.6061934232711792,0.7954816818237305
2011-11-09,1.0378719568252563,77.70800018310547,80.62899780273438,1.3826478719711304,1.6098912954330444,0.7971938848495483
2011-11-10,1.013900637626648,77.75800323486328,78.81310272216797,1.3526674509048462,1.5914950370788574,0.7802137732505798
2011-11-11,1.0152902603149414,77.6520004272461,78.81999969482422,1.3610072135925293,1.594209909439087,0.7774840593338013
2011-11-14,1.0333033800125122,77.15599822998047,79.70999908447266,1.3787018060684204,1.6076911687850952,0.7912018299102783
2011-11-15,1.0205748081207275,77.0790023803711,78.63999938964844,1.362416386604309,1.590002179145813,0.7774840593338013
2011-11-16,1.01449716091156,77.05999755859375,78.17400360107422,1.350712537765503,1.5805778503417969,0.7694082856178284
2011-11-17,1.0052978992462158,77.06099700927734,77.45099639892578,1.3441040515899658,1.5707957744598389,0.7633588314056396
2011-11-18,0.9984025359153748,76.95800018310547,76.79000091552734,1.3458044528961182,1.575200080871582,0.7587253451347351
2011-11-21,0.9998000264167786,76.83899688720703,76.7699966430664,1.3529969453811646,1.5777100324630737,0.7552869915962219
2011-11-22,0.9852216839790344,76.9000015258789,75.78700256347656,1.348435878753662,1.5638928413391113,0.7494566440582275
2011-11-23,0.9849305152893066,76.97000122070312,75.8010025024414,1.3521919250488281,1.5648962259292603,0.7492882013320923
2011-11-24,0.9699320793151855,77.27200317382812,74.9000015258789,1.3352025747299194,1.5528672933578491,0.7399733662605286
2011-11-25,0.9708738327026367,77.16600036621094,74.87999725341797,1.3331022262573242,1.547700047492981,0.7413997650146484
2011-11-28,0.9828009605407715,77.66699981689453,76.33999633789062,1.3313452005386353,1.5489946603775024,0.7505254149436951
2011-11-29,0.9907857179641724,78.08100128173828,77.35600280761719,1.3316997289657593,1.5500991344451904,0.7554011344909668
2011-11-30,1.0018032789230347,77.95999908447266,78.08999633789062,1.3324095010757446,1.5597946643829346,0.7634170055389404
2011-12-01,1.025483250617981,77.58300018310547,79.5302963256836,1.3443931341171265,1.5707216262817383,0.7791802883148193
2011-12-02,1.0222963094711304,77.75,79.44999694824219,1.346692442893982,1.568307638168335,0.7796055674552917
2011-12-05,1.0240026712417603,78.08000183105469,79.94100189208984,1.3419036865234375,1.5609878301620483,0.7800920009613037
2011-12-06,1.0256620645523071,77.81199645996094,79.79100036621094,1.3386701345443726,1.564308762550354,0.7802746295928955
2011-12-07,1.0249052047729492,77.75,79.66600036621094,1.3412017822265625,1.5606955289840698,0.7802137732505798
2011-12-08,1.0276541709899902,77.6729965209961,79.80999755859375,1.3403747081756592,1.5700312852859497,0.7805182337760925
2011-12-09,1.017822027206421,77.68000030517578,79.04000091552734,1.3345433473587036,1.5637950897216797,0.7726781368255615
2011-12-12,1.0206997394561768,77.61199951171875,79.19300079345703,1.3371665477752686,1.5654107332229614,0.774713397026062
2011-12-13,1.0041571855545044,77.93900299072266,78.22000122070312,1.3171066045761108,1.5580692291259766,0.7620790004730225
2011-12-14,0.9989012479782104,77.96099853515625,77.85299682617188,1.3019137382507324,1.5480115413665771,0.7560864686965942
2011-12-15,0.9902951717376709,78.10800170898438,77.34600067138672,1.2988024950027466,1.5475084781646729,0.7497376203536987
2011-12-16,0.9938382506370544,77.83999633789062,77.34239959716797,1.302965521812439,1.5522888898849487,0.7559149861335754
2011-12-19,0.9964129328727722,77.80999755859375,77.48999786376953,1.3036959171295166,1.5525058507919312,0.7618467211723328
2011-12-20,0.9917683601379395,78.01000213623047,77.33999633789062,1.3007792234420776,1.550988793373108,0.756887674331665
2011-12-21,1.007901906967163,77.83999633789062,78.38999938964844,1.3087977170944214,1.567103385925293,0.7685213685035706
2011-12-22,1.0074145793914795,78.06999969482422,78.61000061035156,1.3040019273757935,1.567103385925293,0.7686986327171326
2011-12-23,1.0133970975875854,78.16000366210938,79.19000244140625,1.3056023120880127,1.5679880380630493,0.7741735577583313
2011-12-26,1.0157955884933472,78.08000183105469,79.19999694824219,1.3044953346252441,1.5596973896026611,0.7744133472442627
2011-12-27,1.0160020589828491,78.02999877929688,79.2300033569336,1.3050570487976074,1.5618897676467896,0.7743534445762634
2011-12-28,1.0147957801818848,77.87000274658203,78.98999786376953,1.307206630706787,1.5664896965026855,0.7720219492912292
2011-12-29,1.0078917741775513,77.94599914550781,78.52300262451172,1.292724609375,1.5444016456604004,0.7679312229156494
2011-12-30,1.0140959024429321,77.65899658203125,78.69000244140625,1.2956053018569946,1.5415922403335571,0.7720815539360046
2012-01-02,1.0208040475845337,77.0199966430664,78.41999816894531,1.2960082292556763,1.5512052774429321,0.7786949276924133
2012-01-03,1.0253992080688477,76.93000030517578,78.85310363769531,1.2940963506698608,1.5519996881484985,0.7810059189796448
2012-01-04,1.0370001792907715,76.72200012207031,79.54000091552734,1.3056023120880127,1.5644066333770752,0.7903888821601868
2012-01-05,1.0341261625289917,76.70999908447266,79.29000091552734,1.2931424379348755,1.5609389543533325,0.786596417427063
2012-01-06,1.0257041454315186,77.1510009765625,79.09870147705078,1.279606819152832,1.5501713752746582,0.78118896484375
2012-01-09,1.01980459690094,76.91000366210938,78.4489974975586,1.2680377960205078,1.541948676109314,0.7800920009613037
2012-01-10,1.0253992080688477,76.86000061035156,78.79000091552734,1.2775959968566895,1.545905590057373,0.789016842842102
2012-01-11,1.0298025608062744,76.8499984741211,79.1239013671875,1.2751848697662354,1.5474605560302734,0.7940919399261475
2012-01-12,1.03152334690094,76.85800170898438,79.28399658203125,1.272394061088562,1.5336012840270996,0.7982119917869568
2012-01-13,1.0336664915084839,76.77899932861328,79.33999633789062,1.2820513248443604,1.5342129468917847,0.7939028143882751
2012-01-16,1.0281190872192383,76.91000366210938,79.08799743652344,1.2647020816802979,1.5300110578536987,0.7932101488113403
2012-01-17,1.032002329826355,76.81999969482422,79.25,1.2667046785354614,1.5324965715408325,0.7942811846733093
2012-01-18,1.0379796028137207,76.81999969482422,79.7229995727539,1.2745997905731201,1.5338599681854248,0.8003841638565063
2012-01-19,1.041894555091858,76.76699829101562,79.98100280761719,1.2866039276123047,1.542995572090149,0.8032773733139038
2012-01-20,1.041590690612793,77.08000183105469,80.2300033569336,1.2964956760406494,1.5488266944885254,0.8030193448066711
2012-01-23,1.0468025207519531,76.95999908447266,80.55899810791016,1.2884771823883057,1.554557204246521,0.8052178621292114
2012-01-24,1.052897572517395,77.0,81.04499816894531,1.3026939630508423,1.5578993558883667,0.8115565776824951
2012-01-25,1.047998309135437,77.68699645996094,81.38999938964844,1.304103970527649,1.5626953840255737,0.8114906549453735
2012-01-26,1.0592883825302124,77.7699966430664,82.34770202636719,1.3107362985610962,1.5660971403121948,0.8175946474075317
2012-01-27,1.061582326889038,77.45999908447266,82.21600341796875,1.3092775344848633,1.5682092905044556,0.8208832740783691
2012-01-30,1.0637166500091553,76.73200225830078,81.5999984741211,1.3207945823669434,1.5724011659622192,0.8237232565879822
2012-01-31,1.05860435962677,76.36000061035156,80.81999969482422,1.3139568567276,1.570845127105713,0.8194034695625305
2012-02-01,1.060805320739746,76.2699966430664,80.88999938964844,1.3077024221420288,1.5760440826416016,0.8243343830108643
2012-02-02,1.071799874305725,76.18900299072266,81.62930297851562,1.317002534866333,1.5842838287353516,0.8334722518920898
2012-02-03,1.0705033540725708,76.18000030517578,81.51280212402344,1.3137152194976807,1.5802781581878662,0.8320159912109375
2012-02-06,1.0751993656158447,76.5510025024414,82.28189849853516,1.31271493434906,1.5803030729293823,0.8341675400733948
2012-02-07,1.0722020864486694,76.55000305175781,82.05999755859375,1.3121638298034668,1.5812777280807495,0.8336807489395142
2012-02-08,1.0797970294952393,76.79000091552734,82.89399719238281,1.3248542547225952,1.5893198251724243,0.8352823853492737
2012-02-09,1.0787951946258545,77.05999755859375,83.10810089111328,1.3248542547225952,1.5812777280807495,0.8338196873664856
2012-02-10,1.0769131183624268,77.63200378417969,83.60199737548828,1.3278449773788452,1.5812777280807495,0.8333333134651184
2012-02-13,1.0709046125411987,77.69999694824219,83.18000030517578,1.3236793279647827,1.5782082080841064,0.830426812171936
2012-02-14,1.0705033540725708,77.51000213623047,82.96600341796875,1.3157894611358643,1.572574257850647,0.8320159912109375
2012-02-15,1.0704002380371094,78.36000061035156,83.86000061035156,1.3133701086044312,1.5691196918487549,0.8357011675834656
2012-02-16,1.0687299966812134,78.4800033569336,83.85639953613281,1.3058068752288818,1.568873643875122,0.8327088356018066
2012-02-17,1.0750607252120972,78.8239974975586,84.70030212402344,1.3126804828643799,1.5807777643203735,0.8359805941581726
2012-02-20,1.0803452730178833,79.78800201416016,86.17659759521484,1.3227163553237915,1.5869237184524536,0.8426019549369812
2012-02-21,1.0722020864486694,79.58599853515625,85.31089782714844,1.3204805850982666,1.5828293561935425,0.8376612663269043
2012-02-22,1.066996693611145,79.83000183105469,85.18499755859375,1.324327826499939,1.5790305137634277,0.8352823853492737
2012-02-23,1.0624960660934448,80.27999877929688,85.2699966430664,1.325574278831482,1.5672016143798828,0.8288437128067017
2012-02-24,1.0728002786636353,79.93000030517578,85.7300033569336,1.337363362312317,1.5745551586151123,0.8375911116600037
2012-02-27,1.0695186853408813,81.47100067138672,87.12999725341797,1.3467106819152832,1.5886884927749634,0.8359805941581726
2012-02-28,1.0759166479110718,80.46399688720703,86.55799865722656,1.3406623601913452,1.5832804441452026,0.8406187295913696
2012-02-29,1.0799602270126343,80.4800033569336,86.87799835205078,1.3477997779846191,1.5922045707702637,0.8401949405670166
2012-03-01,1.0741138458251953,81.2760009765625,87.28800201416016,1.3320900201797485,1.5923566818237305,0.8350730538368225
2012-03-02,1.0807772874832153,81.12000274658203,87.63600158691406,1.3322675228118896,1.595914363861084,0.8385040760040283
2012-03-05,1.072259545326233,81.62699890136719,87.51399993896484,1.318617582321167,1.5833055973052979,0.8295313119888306
2012-03-06,1.0677030086517334,81.51799774169922,87.0270004272461,1.3225764036178589,1.58755362033844,0.8217602372169495
2012-03-07,1.056602120399475,80.66000366210938,85.21499633789062,1.3123359680175781,1.5723271369934082,0.8136696815490723
2012-03-08,1.0568814277648926,81.33799743652344,85.91999816894531,1.3139914274215698,1.573564052581787,0.8145976066589355
2012-03-09,1.0644639730453491,81.58000183105469,86.81999969482422,1.327492356300354,1.582528829574585,0.8244022727012634
2012-03-12,1.0563342571258545,82.37300109863281,86.9800033569336,1.312508225440979,1.5672998428344727,0.8192691802978516
2012-03-13,1.0532968044281006,82.36299896240234,86.72000122070312,1.3168290853500366,1.5654351711273193,0.8200082182884216
2012-03-14,1.0542962551116943,82.95999908447266,87.41000366210938,1.30804443359375,1.5705984830856323,0.8218953013420105
2012-03-15,1.0440047979354858,83.83999633789062,87.51399993896484,1.3022528886795044,1.5654351711273193,0.807884931564331
2012-03-16,1.0521000623703003,83.49199676513672,87.80500030517578,1.3078734874725342,1.5703518390655518,0.8192020654678345
2012-03-19,1.0601980686187744,83.44999694824219,88.44999694824219,1.3177140951156616,1.5837068557739258,0.8265829086303711
2012-03-20,1.059984564781189,83.37000274658203,88.36100006103516,1.3229262828826904,1.5888147354125977,0.8252868056297302
2012-03-21,1.0485148429870605,83.6500015258789,87.70500183105469,1.323766827583313,1.586294412612915,0.8167265057563782
2012-03-22,1.0459047555923462,83.2030029296875,87.02100372314453,1.3218770027160645,1.58755362033844,0.8128759264945984
2012-03-23,1.0401498079299927,82.51000213623047,85.81999969482422,1.3204805850982666,1.5827794075012207,0.8114906549453735
2012-03-26,1.048866629600525,82.58899688720703,86.62200164794922,1.328303575515747,1.5878056287765503,0.8181297183036804
2012-03-27,1.052698016166687,82.98699951171875,87.36199951171875,1.3360053300857544,1.596169114112854,0.8227066993713379
2012-03-28,1.0443209409713745,83.0479965209961,86.706298828125,1.3328713178634644,1.5954052209854126,0.8196721076965332
2012-03-29,1.039198637008667,82.83200073242188,86.05000305175781,1.3326226472854614,1.5893198251724243,0.818397581577301
2012-03-30,1.0374951362609863,82.27300262451172,85.31999969482422,1.3313806056976318,1.595914363861084,0.8175278306007385
2012-04-02,1.0426006317138672,82.87000274658203,86.38999938964844,1.3358268737792969,1.6014091968536377,0.8220979571342468
2012-04-03,1.0429269075393677,81.54000091552734,85.052001953125,1.3333333730697632,1.6038492918014526,0.825218677520752
2012-04-04,1.0309809446334839,82.83000183105469,85.36000061035156,1.3225239515304565,1.590659737586975,0.8173941373825073
2012-04-05,1.0280978679656982,82.44000244140625,84.75,1.314405918121338,1.5903308391571045,0.8160600662231445
2012-04-06,1.0295162200927734,82.2699966430664,84.61900329589844,1.3065063953399658,1.5830299854278564,0.8157937526702881
2012-04-09,1.0287959575653076,81.33000183105469,83.63999938964844,1.3079075813293457,1.5880577564239502,0.8187325596809387
2012-04-10,1.0310128927230835,81.64299774169922,84.15799713134766,1.311131477355957,1.5908114910125732,0.8210854530334473
2012-04-11,1.0233948230743408,80.69400024414062,82.5719985961914,1.3073604106903076,1.5855399370193481,0.8143322467803955
2012-04-12,1.032002329826355,81.00800323486328,83.58399963378906,1.311991572380066,1.5923566818237305,0.8198065161705017
2012-04-13,1.0438958406448364,80.93000030517578,84.44000244140625,1.318913221359253,1.595914363861084,0.8313242793083191
2012-04-16,1.0343722105026245,80.9020004272461,83.66000366210938,1.30565345287323,1.5850372314453125,0.8227744102478027
2012-04-17,1.035400390625,80.38099670410156,83.2030029296875,1.3126804828643799,1.5895723104476929,0.8196049332618713
2012-04-18,1.040680170059204,81.05999755859375,84.35600280761719,1.3135426044464111,1.594209909439087,0.8220303654670715
2012-04-19,1.0372260808944702,81.30000305175781,84.30729675292969,1.311991572380066,1.6023072004318237,0.817126989364624
2012-04-20,1.0346397161483765,81.60900115966797,84.41410064697266,1.314578652381897,1.6061676740646362,0.8148630857467651
2012-04-23,1.0384000539779663,81.5999984741211,84.71600341796875,1.3204805850982666,1.6131634712219238,0.8187325596809387
2012-04-24,1.0310978889465332,81.08000183105469,83.56999969482422,1.3152011632919312,1.6121231317520142,0.812809944152832
2012-04-25,1.0333994626998901,81.38999938964844,84.11000061035156,1.3197835683822632,1.614465594291687,0.8140007853507996
2012-04-26,1.0362050533294678,81.30000305175781,84.22000122070312,1.323276400566101,1.6178088188171387,0.8155276775360107
2012-04-27,1.0366991758346558,81.05799865722656,84.0199966430664,1.319087266921997,1.617861270904541,0.8134048581123352
2012-04-30,1.0456314086914062,80.3499984741211,84.01200103759766,1.3241524696350098,1.6281341314315796,0.8235875368118286
2012-05-01,1.0421985387802124,79.9209976196289,83.23999786376953,1.3239772319793701,1.6233766078948975,0.8183305859565735
2012-05-02,1.033698558807373,80.20999908447266,82.88790130615234,1.3239772319793701,1.6223231554031372,0.8153281211853027
2012-05-03,1.0307791233062744,80.12100219726562,82.5790023803711,1.3147515058517456,1.6193020343780518,0.8067768812179565
2012-05-04,1.0267994403839111,80.20999908447266,82.33999633789062,1.3156163692474365,1.619197130203247,0.8010253310203552
2012-05-07,1.0124019384384155,79.81800079345703,80.78900146484375,1.297033667564392,1.6123050451278687,0.792707085609436
2012-05-08,1.0215651988983154,79.91999816894531,81.63200378417969,1.306165099143982,1.6194331645965576,0.7973846197128296
2012-05-09,1.0102949142456055,79.86000061035156,80.68000030517578,1.299545168876648,1.6147263050079346,0.7858545780181885
2012-05-10,1.0054596662521362,79.70999908447266,80.13500213623047,1.2936609983444214,1.6138142347335815,0.7841907143592834
2012-05-11,1.0060261487960815,79.86900329589844,80.30999755859375,1.2934937477111816,1.613684058189392,0.7841907143592834
2012-05-14,1.002466082572937,80.02999877929688,80.18000030517578,1.289989709854126,1.6077170372009277,0.7813720703125
2012-05-15,0.9974067807197571,79.8499984741211,79.622802734375,1.283202886581421,1.6097874641418457,0.7774840593338013
2012-05-16,0.9946290850639343,80.32499694824219,79.87000274658203,1.273560881614685,1.598720908164978,0.7697044014930725
2012-05-17,0.9931473135948181,80.3499984741211,79.7699966430664,1.2730745077133179,1.5921032428741455,0.7662835717201233
2012-05-18,0.9895111918449402,79.40799713134766,78.5739974975586,1.269841194152832,1.5785319805145264,0.7642338275909424
2012-05-21,0.9838646650314331,79.16999816894531,77.87449645996094,1.2773023843765259,1.5812777280807495,0.7579776644706726
2012-05-22,0.9917683601379395,79.41000366210938,78.72000122070312,1.281065821647644,1.5827794075012207,0.7669299840927124
2012-05-23,0.9772304892539978,80.00399780273438,78.14959716796875,1.2664639949798584,1.5760937929153442,0.7525020837783813
2012-05-24,0.9728572964668274,79.41999816894531,77.27100372314453,1.2561235427856445,1.568381428718567,0.7493443489074707
2012-05-25,0.9764671921730042,79.66000366210938,77.7699966430664,1.2536041736602783,1.5659254789352417,0.7542046904563904
2012-05-28,0.9819324612617493,79.58999633789062,78.12999725341797,1.2569130659103394,1.568135380744934,0.7591862082481384
2012-05-29,0.9821252822875977,79.56099700927734,78.12300109863281,1.2525050640106201,1.5669069290161133,0.7591862082481384
2012-05-30,0.9827043414115906,79.5,78.11000061035156,1.2478163242340088,1.5634772777557373,0.7616146206855774
2012-05-31,0.9704968333244324,78.98200225830078,76.63600158691406,1.2374706268310547,1.5482993125915527,0.7518796920776367
2012-06-01,0.9721007347106934,78.52799987792969,76.30000305175781,1.2362467050552368,1.5396459102630615,0.7535794973373413
2012-06-04,0.9644131064414978,78.0999984741211,75.29000091552734,1.2402331829071045,1.535154938697815,0.7513148188591003
2012-06-05,0.9748489260673523,78.36100006103516,76.37000274658203,1.2509382963180542,1.5384615659713745,0.7590709328651428
2012-06-06,0.9776126742362976,78.7300033569336,76.94999694824219,1.2462612390518188,1.5384615659713745,0.7591862082481384
2012-06-07,0.9908838868141174,79.2699966430664,78.54299926757812,1.2573871612548828,1.548227310180664,0.7703566551208496
2012-06-08,0.9909821152687073,79.69000244140625,78.94000244140625,1.2570710182189941,1.5523128509521484,0.7684032917022705
2012-06-11,0.9986019730567932,79.55999755859375,79.41999816894531,1.2645422220230103,1.5537601709365845,0.7765783667564392
2012-06-12,0.987751841545105,79.30699920654297,78.32599639892578,1.2478163242340088,1.5486109256744385,0.7688758969306946
2012-06-13,0.995322048664093,79.5270004272461,79.13369750976562,1.2504688501358032,1.5569047927856445,0.7774236798286438
2012-06-14,0.994925856590271,79.37200164794922,78.96099853515625,1.2573871612548828,1.5520720481872559,0.7768197059631348
2012-06-15,1.0015223026275635,79.4219970703125,79.51719665527344,1.262785792350769,1.5554518699645996,0.7835148572921753
2012-06-18,1.011439323425293,79.052001953125,79.95500183105469,1.27048659324646,1.5715856552124023,0.7918910384178162
2012-06-19,1.0112961530685425,79.0,79.86640167236328,1.2597631216049194,1.5686274766921997,0.7922046780586243
2012-06-20,1.0181951522827148,79.03399658203125,80.4437026977539,1.2680699825286865,1.5719810724258423,0.7959248423576355
2012-06-21,1.0196278095245361,79.4209976196289,80.95870208740234,1.2680699825286865,1.5705984830856323,0.8007045984268188
2012-06-22,1.0044395923614502,80.0199966430664,80.34359741210938,1.255177617073059,1.5600625276565552,0.7877737283706665
2012-06-25,1.0035022497177124,80.55999755859375,80.80870056152344,1.2537612915039062,1.5583605766296387,0.787587583065033
2012-06-26,1.0014019012451172,79.6500015258789,79.73300170898438,1.2504688501358032,1.5566624402999878,0.7872155904769897
2012-06-27,1.0050050020217896,79.45999908447266,79.81999969482422,1.248751163482666,1.5637216567993164,0.7895776033401489
2012-06-28,1.007678508758545,79.68499755859375,80.2699966430664,1.2473493814468384,1.5571472644805908,0.7918910384178162
2012-06-29,1.0033713579177856,79.31300354003906,79.55000305175781,1.2440905570983887,1.5518311262130737,0.7870917320251465
2012-07-02,1.0239187479019165,79.83899688720703,81.73400115966797,1.2655184268951416,1.5682092905044556,0.801796019077301
2012-07-03,1.0238033533096313,79.44000244140625,81.30000305175781,1.2581782341003418,1.5691196918487549,0.8034064769744873
2012-07-04,1.0289971828460693,79.83999633789062,82.12999725341797,1.2605571746826172,1.5691196918487549,0.8050233125686646
2012-07-05,1.0268627405166626,79.94000244140625,82.05580139160156,1.2516272068023682,1.5584092140197754,0.8039231896400452
2012-07-06,1.0280767679214478,79.86000061035156,82.10700225830078,1.2391574382781982,1.5530362129211426,0.8043111562728882
2012-07-09,1.0195966958999634,79.47799682617188,81.03399658203125,1.227144479751587,1.5479875802993774,0.7971938848495483
2012-07-10,1.0206893682479858,79.55799865722656,81.16000366210938,1.2318304777145386,1.5530362129211426,0.7968127727508545
2012-07-11,1.0188279151916504,79.3499984741211,80.84100341796875,1.2256402969360352,1.5518311262130737,0.7945967316627502
2012-07-12,1.0249682664871216,79.61000061035156,81.52999877929688,1.2247247695922852,1.5511090755462646,0.7951654195785522
2012-07-13,1.0136950016021729,79.30999755859375,80.33999633789062,1.2192742824554443,1.5427337884902954,0.7902015447616577
2012-07-16,1.023499608039856,79.16999816894531,81.0,1.2248897552490234,1.5583605766296387,0.7968127727508545
2012-07-17,1.024075984954834,78.81999969482422,80.6968002319336,1.2268433570861816,1.5625,0.7964320182800293
2012-07-18,1.0315978527069092,79.09600067138672,81.58499908447266,1.2295585870742798,1.5664160251617432,0.7983394861221313
2012-07-19,1.0360976457595825,78.79900360107422,81.63899993896484,1.2277470827102661,1.5647003650665283,0.7998719811439514
2012-07-20,1.0424375534057617,78.73999786376953,82.072998046875,1.2276867628097534,1.5718327760696411,0.803535521030426
2012-07-23,1.0339871644973755,78.44999694824219,81.0905990600586,1.2127091884613037,1.5607929229736328,0.7963685393333435
2012-07-24,1.0272952318191528,78.31099700927734,80.41639709472656,1.212415099143982,1.5518311262130737,0.789639949798584
2012-07-25,1.0215965509414673,78.10700225830078,79.7699966430664,1.2061853408813477,1.550147294998169,0.7824113965034485
2012-07-26,1.0304604768753052,78.10299682617188,80.46829986572266,1.2140341997146606,1.5487068891525269,0.7902015447616577
2012-07-27,1.0395010709762573,78.3239974975586,81.37000274658203,1.2280486822128296,1.5686274766921997,0.8003200888633728
2012-07-30,1.0464081764221191,78.5,82.12999725341797,1.230466365814209,1.5728216171264648,0.8086035251617432
2012-07-31,1.0498688220977783,78.10099792480469,81.99199676513672,1.2259409427642822,1.5713387727737427,0.809192419052124
2012-08-01,1.0485037565231323,78.12000274658203,81.87000274658203,1.2294074296951294,1.566784143447876,0.8092579245567322
2012-08-02,1.0469998121261597,78.37999725341797,82.0199966430664,1.2241400480270386,1.5544847249984741,0.8099133372306824
2012-08-03,1.0458828210830688,78.22000122070312,81.77999877929688,1.218026876449585,1.5515903234481812,0.8095200061798096
2012-08-06,1.0558992624282837,78.61000061035156,82.9800033569336,1.2428536415100098,1.5654107332229614,0.8181966543197632
2012-08-07,1.0563008785247803,78.19999694824219,82.56999969482422,1.2390038967132568,1.558797836303711,0.8198065161705017
2012-08-08,1.0536963939666748,78.61000061035156,82.81999969482422,1.2386969327926636,1.5616215467453003,0.8151952624320984
2012-08-09,1.0557990074157715,78.4000015258789,82.73999786376953,1.237332820892334,1.5670297145843506,0.8120837807655334
2012-08-10,1.0573954582214355,78.61000061035156,83.08879852294922,1.2294074296951294,1.563110589981079,0.8118201494216919
2012-08-13,1.0552864074707031,78.25,82.5719985961914,1.2277169227600098,1.5669069290161133,0.8112932443618774
2012-08-14,1.0514030456542969,78.33000183105469,82.32530212402344,1.2327415943145752,1.56788969039917,0.8095200061798096
2012-08-15,1.0487127304077148,78.81500244140625,82.63899993896484,1.2325897216796875,1.5676438808441162,0.8048937320709229
2012-08-16,1.0496042966842651,78.98999786376953,82.87999725341797,1.2289540767669678,1.568135380744934,0.8069722652435303
2012-08-17,1.052398920059204,79.25,83.38999938964844,1.2357884645462036,1.573564052581787,0.8118860721588135
2012-08-20,1.0437215566635132,79.51000213623047,82.96179962158203,1.233258605003357,1.568873643875122,0.807884931564331
2012-08-21,1.0452051162719727,79.33000183105469,82.9000015258789,1.2353304624557495,1.571091890335083,0.8095200061798096
2012-08-22,1.0469011068344116,79.24199676513672,82.9000015258789,1.2476606369018555,1.577909231185913,0.8103727698326111
2012-08-23,1.0509058237075806,78.53900146484375,82.53600311279297,1.2534469366073608,1.5883604288101196,0.8160600662231445
2012-08-24,1.0432424545288086,78.5999984741211,81.99199676513672,1.2561235427856445,1.5857913494110107,0.8130081295967102
2012-08-27,1.0404852628707886,78.7300033569336,81.92400360107422,1.250437617301941,1.5803030729293823,0.8107012510299683
2012-08-28,1.0366023778915405,78.75,81.6072006225586,1.250156283378601,1.579279899597168,0.8086689114570618
2012-08-29,1.0374951362609863,78.56999969482422,81.47000122070312,1.257228970527649,1.5826040506362915,0.8048290014266968
2012-08-30,1.034104824066162,78.72000122070312,81.37999725341797,1.2531328201293945,1.5827794075012207,0.8011536002159119
2012-08-31,1.0280978679656982,78.52999877929688,80.70999908447266,1.2510946989059448,1.5790305137634277,0.7980208992958069
2012-09-03,1.0278126001358032,78.29000091552734,80.44290161132812,1.257703423500061,1.5873016119003296,0.8000640273094177
2012-09-04,1.024096965789795,78.33899688720703,80.19999694824219,1.2586532831192017,1.5880577564239502,0.7973846197128296
2012-09-05,1.0212000608444214,78.47000122070312,80.0999984741211,1.2534469366073608,1.5865461826324463,0.7940919399261475
2012-09-06,1.019295334815979,78.41999816894531,79.90350341796875,1.2602394819259644,1.5905836820602417,0.795418381690979
2012-09-07,1.028594970703125,78.88999938964844,81.08999633789062,1.2632642984390259,1.5933715105056763,0.8008328676223755
2012-09-10,1.0362157821655273,78.21900177001953,81.04399871826172,1.2795906066894531,1.600819706916809,0.8107669949531555
2012-09-11,1.0333994626998901,78.22599792480469,80.8093032836914,1.2761613130569458,1.599206805229187,0.8084728121757507
2012-09-12,1.0430465936660767,77.75,81.08999633789062,1.2851818799972534,1.607200264930725,0.8173273205757141
2012-09-13,1.0466053485870361,77.83000183105469,81.39769744873047,1.2903226613998413,1.610824704170227,0.8204118609428406
2012-09-14,1.0535187721252441,77.64800262451172,81.76000213623047,1.299376368522644,1.615508794784546,0.8311170339584351
2012-09-17,1.0538629293441772,78.33300018310547,82.53700256347656,1.3116475343704224,1.6225864887237549,0.8289124369621277
2012-09-18,1.0475921630859375,78.6729965209961,82.3864974975586,1.3110111951828003,1.6246954202651978,0.8261049389839172
2012-09-19,1.0455001592636108,78.7699966430664,82.29000091552734,1.3046314716339111,1.6244314908981323,0.828157365322113
2012-09-20,1.047219157218933,78.39700317382812,82.08200073242188,1.3058239221572876,1.6231131553649902,0.8301510810852051
2012-09-21,1.043514609336853,78.19999694824219,81.58000183105469,1.2973533868789673,1.6221915483474731,0.8296001553535461
2012-09-24,1.043558120727539,78.08000183105469,81.4800033569336,1.2968486547470093,1.6231131553649902,0.8271982669830322
2012-09-25,1.042589783668518,77.86399841308594,81.16300201416016,1.2941633462905884,1.6225864887237549,0.8221655488014221
2012-09-26,1.0363768339157104,77.72799682617188,80.5376968383789,1.2900062799453735,1.6194331645965576,0.8196049332618713
2012-09-27,1.0372798442840576,77.697998046875,80.5604019165039,1.2881617546081543,1.617861270904541,0.8256956338882446
2012-09-28,1.0437650680541992,77.61000061035156,80.95999908447266,1.2913223505020142,1.6232975721359253,0.8306337594985962
2012-10-01,1.0355397462844849,77.95899963378906,80.71199798583984,1.2809016704559326,1.6124871969223022,0.8278145790100098
2012-10-02,1.0360976457595825,78.04100036621094,80.84300231933594,1.2888258695602417,1.6129032373428345,0.8285003900527954
2012-10-03,1.0259777307510376,78.21499633789062,80.18199920654297,1.2916558980941772,1.6131634712219238,0.8251506090164185
2012-10-04,1.0232168436050415,78.41500091552734,80.24700164794922,1.2923235893249512,1.610046625137329,0.8214901685714722
2012-10-05,1.0242648124694824,78.48400115966797,80.38500213623047,1.3017443418502808,1.6186468601226807,0.8220303654670715
2012-10-08,1.0170457363128662,78.7020034790039,80.02400207519531,1.301574945449829,1.6138923168182373,0.8185985088348389
2012-10-09,1.0213565826416016,78.28600311279297,79.9406967163086,1.2976900339126587,1.60341215133667,0.8210180401802063
2012-10-10,1.018755316734314,78.21900177001953,79.6781997680664,1.2858428955078125,1.599692940711975,0.8157937526702881
2012-10-11,1.0222022533416748,78.07499694824219,79.77899932861328,1.2858428955078125,1.6007683277130127,0.8165265321731567
2012-10-12,1.0255358219146729,78.4020004272461,80.38379669189453,1.293326497077942,1.6045955419540405,0.8163931965827942
2012-10-15,1.0226308107376099,78.46800231933594,80.17500305175781,1.2943308353424072,1.605909824371338,0.8151952624320984
2012-10-16,1.0269049406051636,78.78900146484375,80.83000183105469,1.2968486547470093,1.6081048250198364,0.8167932629585266
2012-10-17,1.0308959484100342,78.82499694824219,81.24700164794922,1.3107877969741821,1.6130073070526123,0.8182636499404907
2012-10-18,1.0379042625427246,79.05999755859375,82.0199966430664,1.3116475343704224,1.6137100458145142,0.82182776927948
2012-10-19,1.0374951362609863,79.30799865722656,82.23999786376953,1.3069161176681519,1.605703353881836,0.8196721076965332
2012-10-22,1.0305771827697754,79.25700378417969,81.68000030517578,1.3022528886795044,1.5997952222824097,0.815727174282074
2012-10-23,1.0336772203445435,79.98999786376953,82.63999938964844,1.3070186376571655,1.6022816896438599,0.8183305859565735
2012-10-24,1.0269049406051636,79.81999969482422,81.93000030517578,1.2973533868789673,1.5948964357376099,0.8112273812294006
2012-10-25,1.0345969200134277,79.83799743652344,82.57499694824219,1.2965123653411865,1.6031550168991089,0.8206811547279358
2012-10-26,1.0351431369781494,80.23500061035156,83.04900360107422,1.2938284873962402,1.6118113994598389,0.819940984249115
2012-10-29,1.0353038311004639,79.6500015258789,82.41999816894531,1.2924071550369263,1.6095284223556519,0.8210854530334473
2012-10-30,1.033976435661316,79.76399993896484,82.47000122070312,1.2908222675323486,1.603078007698059,0.8197393417358398
2012-10-31,1.0366023778915405,79.68399810791016,82.58699798583984,1.2962603569030762,1.6074585914611816,0.8222332000732422
2012-11-01,1.0376026630401611,79.86000061035156,82.83999633789062,1.2965123653411865,1.6134237051010132,0.8221655488014221
2012-11-02,1.0413628816604614,80.22000122070312,83.51029968261719,1.2948336601257324,1.6134237051010132,0.8277460932731628
2012-11-05,1.034297227859497,80.5,83.2300033569336,1.2827913761138916,1.6021019220352173,0.8244022727012634
2012-11-06,1.0380982160568237,80.16000366210938,83.18350219726562,1.2802459001541138,1.5984655618667603,0.8261731863021851
2012-11-07,1.043068289756775,80.29000091552734,83.70999908447266,1.2808033227920532,1.5992324352264404,0.8276090621948242
2012-11-08,1.0403987169265747,79.97000122070312,83.19300079345703,1.2759984731674194,1.5982099771499634,0.8196721076965332
2012-11-09,1.0401065349578857,79.47899627685547,82.65399932861328,1.274534821510315,1.5977503061294556,0.8134048581123352
2012-11-12,1.0395010709762573,79.45999908447266,82.58000183105469,1.272394061088562,1.5894207954406738,0.8149294853210449
2012-11-13,1.0426549911499023,79.5979995727539,82.98999786376953,1.2709709405899048,1.5878056287765503,0.8177952170372009
2012-11-14,1.0443973541259766,79.45999908447266,82.98100280761719,1.2709709405899048,1.5878056287765503,0.8165265321731567
2012-11-15,1.036591649055481,80.19999694824219,83.12899780273438,1.273236632347107,1.5841082334518433,0.8105698227882385
2012-11-16,1.0339871644973755,81.12000274658203,83.8499984741211,1.2784454822540283,1.5865461826324463,0.8105698227882385
2012-11-19,1.0360440015792847,81.5260009765625,84.4520034790039,1.2759497165679932,1.5905585289001465,0.8136034607887268
2012-11-20,1.0402363538742065,81.3499984741211,84.59100341796875,1.276943564414978,1.5894207954406738,0.818397581577301
2012-11-21,1.0390042066574097,81.75499725341797,84.9010009765625,1.281443476676941,1.592610239982605,0.8169267177581787
2012-11-22,1.038303017616272,82.5739974975586,85.71600341796875,1.2865046262741089,1.5969338417053223,0.8159269094467163
2012-11-23,1.038022756576538,82.35900115966797,85.4800033569336,1.2875149250030518,1.5941334962844849,0.8157937526702881
2012-11-26,1.0459047555923462,82.5459976196289,86.31199645996094,1.2965964078903198,1.6027952432632446,0.8239268064498901
2012-11-27,1.0471972227096558,81.87300109863281,85.73500061035156,1.298701286315918,1.603334903717041,0.8227066993713379
2012-11-28,1.0443973541259766,82.08000183105469,85.69999694824219,1.2938284873962402,1.6023072004318237,0.8206811547279358
2012-11-29,1.0475043058395386,82.1500015258789,86.01000213623047,1.2953367233276367,1.6015374660491943,0.8241305351257324
2012-11-30,1.0429377555847168,82.1510009765625,85.63999938964844,1.2973533868789673,1.6041065454483032,0.8227744102478027
2012-12-03,1.0426006317138672,82.45600128173828,85.97899627685547,1.299680233001709,1.6023072004318237,0.8192691802978516
2012-12-04,,82.13300323486328,85.67279815673828,,1.6097874641418457,0.8214227557182312
2012-12-05,1.0474933385849,81.81600189208984,85.70500183105469,1.3099292516708374,1.6100986003875732,0.8246742486953735
2012-12-06,1.044801115989685,82.43599700927734,86.08999633789062,1.3070186376571655,1.6093212366104126,0.8291186690330505
2012-12-07,1.0473946332931519,82.43000030517578,86.31739807128906,1.2963443994522095,1.6050076484680176,0.8316008448600769
2012-12-10,1.048185110092163,82.55999755859375,86.52400207519531,1.2906056642532349,1.603566288948059,0.8338196873664856
2012-12-11,1.0488007068634033,82.3499984741211,86.35900115966797,1.2938284873962402,1.6074068546295166,0.8343762755393982
2012-12-12,1.0536963939666748,82.5199966430664,86.93000030517578,1.3013207912445068,1.6118632555007935,0.8394895792007446
2012-12-13,1.0546298027038574,83.20999908447266,87.73100280761719,1.3066771030426025,1.613684058189392,0.8428150415420532
2012-12-14,1.0531748533248901,83.66699981689453,88.11100006103516,1.3078734874725342,1.6116034984588623,0.8435971140861511
2012-12-17,1.0555315017700195,84.15799713134766,88.8030014038086,1.3165863752365112,1.6175994873046875,0.8455944657325745
2012-12-18,1.0547966957092285,83.90299987792969,88.46900177001953,1.316482424736023,1.6204829216003418,0.8445232510566711
2012-12-19,1.0519893169403076,84.36100006103516,88.7040023803711,1.323101282119751,1.6249593496322632,0.8402655720710754
2012-12-20,1.0476799011230469,84.22599792480469,88.20899963378906,1.3215277194976807,1.6252235174179077,0.8353520631790161
2012-12-21,1.0480971336364746,84.41999816894531,88.44999694824219,1.323766827583313,1.6273393630981445,0.8341675400733948
2012-12-24,1.0396956205368042,84.41000366210938,87.7300033569336,1.3182003498077393,1.6156916618347168,0.8233163356781006
2012-12-25,1.0367958545684814,84.83999633789062,87.91999816894531,1.3180439472198486,1.6131634712219238,0.8223684430122375
2012-12-26,1.0373982191085815,85.0,88.1500015258789,1.3180439472198486,1.613684058189392,0.8222332000732422
2012-12-27,1.0365809202194214,85.66799926757812,88.76799774169922,1.3225764036178589,1.6126431226730347,0.8196721076965332
2012-12-28,1.0369787216186523,86.50700378417969,89.66100311279297,1.3250298500061035,1.6116034984588623,0.821220338344574
2012-12-31,1.039198637008667,85.95999908447266,89.2699966430664,1.3227688074111938,1.616292119026184,0.822638988494873
2013-01-01,1.0399010181427002,86.72000122070312,90.05000305175781,1.3201320171356201,1.6236402988433838,0.8291186690330505
2013-01-02,1.0391662120819092,86.5999984741211,89.94999694824219,1.3197835683822632,1.6246954202651978,0.8271298408508301
2013-01-03,1.0492959022521973,87.2750015258789,91.56400299072266,1.3182177543640137,1.6252498626708984,0.8334027528762817
2013-01-04,1.045303463935852,87.73999786376953,91.68000030517578,1.3032711744308472,1.608234167098999,0.8264462351799011
2013-01-07,1.049538254737854,88.197998046875,92.55799865722656,1.3067454099655151,1.606787085533142,0.8316699862480164
2013-01-08,1.051171064376831,87.25299835205078,91.70999908447266,1.312508225440979,1.6122010946273804,0.8374508023262024
2013-01-09,1.0513699054718018,86.86799621582031,91.31999969482422,1.3082326650619507,1.6061676740646362,0.837871789932251
2013-01-10,1.0506078004837036,88.13300323486328,92.56900024414062,1.305483102798462,1.6015374660491943,0.8389965295791626
2013-01-11,1.0580331087112427,89.24600219726562,94.41000366210938,1.327316164970398,1.616292119026184,0.8441668152809143
2013-01-14,1.0537852048873901,89.52300262451172,94.33499908447266,1.3362016677856445,1.6126950979232788,0.8369601368904114
2013-01-15,1.056423544883728,89.45999908447266,94.52200317382812,1.3377926349639893,1.6077170372009277,0.8422471284866333
2013-01-16,1.0570825338363647,88.75,93.79000091552734,1.330849051475525,1.6074585914611816,0.8418925404548645
2013-01-17,1.0558435916900635,88.62999725341797,93.572998046875,1.32908034324646,1.600256085395813,0.8401243686676025
2013-01-18,1.0546075105667114,89.82099914550781,94.70800018310547,1.3372559547424316,1.5976994037628174,0.8371703624725342
2013-01-21,1.0507181882858276,90.18099975585938,94.73200225830078,1.3320013284683228,1.5855399370193481,0.8363301753997803
2013-01-22,1.0516021251678467,89.5999984741211,94.1969985961914,1.3311502933502197,1.5837820768356323,0.8359805941581726
2013-01-23,1.0562896728515625,88.52899932861328,93.5,1.331398367881775,1.5839076042175293,0.8413259983062744
2013-01-24,1.0536853075027466,88.58000183105469,93.30999755859375,1.330849051475525,1.5832804441452026,0.842743992805481
2013-01-25,1.0446046590805054,90.55799865722656,94.58899688720703,1.3369340896606445,1.5782828330993652,0.8366800546646118
2013-01-28,1.0413520336151123,91.17900085449219,94.93800354003906,1.3466018438339233,1.577510952949524,0.8359805941581726
2013-01-29,1.0422312021255493,90.45999908447266,94.26499938964844,1.3446282148361206,1.5698586702346802,0.8341675400733948
2013-01-30,1.0469011068344116,90.79000091552734,94.99400329589844,1.34916353225708,1.574803113937378,0.8382229804992676
2013-01-31,1.0418837070465088,91.02100372314453,94.81800079345703,1.3568336963653564,1.579778790473938,0.8361204266548157
2013-02-01,1.0432206392288208,91.70700073242188,95.63999938964844,1.3610997200012207,1.587024450302124,0.8399125933647156
2013-02-04,1.0426006317138672,92.7699966430664,96.69000244140625,1.3648709058761597,1.5704996585845947,0.8461668491363525
2013-02-05,1.0441029071807861,92.15299987792969,96.1989974975586,1.3511687517166138,1.575547456741333,0.8431703448295593
2013-02-06,1.0390042066574097,93.56999969482422,97.19000244140625,1.3581420183181763,1.5666614770889282,0.8458090424537659
2013-02-07,1.032002329826355,93.43499755859375,96.37999725341797,1.3523930311203003,1.5664160251617432,0.8379420042037964
2013-02-08,1.0282670259475708,93.63300323486328,96.2300033569336,1.3389389514923096,1.571017861366272,0.8337502479553223
2013-02-11,1.032279372215271,92.53500366210938,95.49530029296875,1.3368269205093384,1.5802282094955444,0.8354218602180481
2013-02-12,1.026356816291809,94.19100189208984,96.66000366210938,1.340356707572937,1.5656802654266357,0.8358408212661743
2013-02-13,1.0338696241378784,93.30500030517578,96.43800354003906,1.3452069759368896,1.5676438808441162,0.8406893610954285
2013-02-14,1.0360976457595825,93.25599670410156,96.55999755859375,1.3444474935531616,1.5533015727996826,0.8458090424537659
2013-02-15,1.0350574254989624,92.95700073242188,96.21199798583984,1.3352917432785034,1.548658847808838,0.8514261245727539
2013-02-18,1.0299403667449951,93.72200012207031,96.52400207519531,1.3344007730484009,1.5480115413665771,0.8458805680274963
2013-02-19,1.0318958759307861,93.6500015258789,96.5989990234375,1.3347214460372925,1.54774808883667,0.8458805680274963
2013-02-20,1.034896731376648,93.70800018310547,96.91000366210938,1.3395847082138062,1.5427337884902954,0.8460952639579773
2013-02-21,1.0248421430587769,93.66000366210938,95.95059967041016,1.327316164970398,1.522997260093689,0.8346548676490784
2013-02-22,1.0294420719146729,93.1500015258789,95.88300323486328,1.3194352388381958,1.5262515544891357,0.8350033164024353
2013-02-25,1.029823660850525,94.22000122070312,97.0,1.319591999053955,1.5097301006317139,0.8370302319526672
2013-02-26,1.027031421661377,92.39700317382812,94.83999633789062,1.3065063953399658,1.5164152383804321,0.8336111903190613
2013-02-27,1.0233948230743408,92.11000061035156,94.2300033569336,1.3065917491912842,1.5129966735839844,0.8264462351799011
2013-02-28,1.0232272148132324,92.3030014038086,94.4530029296875,1.3150973320007324,1.5167601108551025,0.8263097405433655
2013-03-01,1.0218993425369263,92.58200073242188,94.58799743652344,1.3059945106506348,1.516530156135559,0.8245382308959961
2013-03-04,1.0196278095245361,93.56400299072266,95.38500213623047,1.3016934394836426,1.50360107421875,0.8237232565879822
2013-03-05,1.0203874111175537,93.4010009765625,95.28070068359375,1.3036110401153564,1.5128592252731323,0.8276775479316711
2013-03-06,1.0266835689544678,93.28900146484375,95.75299835205078,1.3048527240753174,1.51377534866333,0.832292914390564
2013-03-07,1.023352861404419,93.927001953125,96.08999633789062,1.297858476638794,1.4996776580810547,0.8276775479316711
2013-03-08,1.0270631313323975,94.9280014038086,97.48899841308594,1.311131477355957,1.5026296377182007,0.8284317851066589
2013-03-11,1.0217949151992798,96.16999816894531,98.23619842529297,1.2988024950027466,1.491001844406128,0.8208832740783691
2013-03-12,1.0278971195220947,96.61900329589844,99.27999877929688,1.3032711744308472,1.4905351400375366,0.8256956338882446
2013-03-13,1.0328978300094604,95.81999969482422,98.94000244140625,1.3029316663742065,1.4905351400375366,0.8250824809074402
2013-03-14,1.0300040245056152,96.0199966430664,98.88899993896484,1.2958402633666992,1.492537260055542,0.8185985088348389
2013-03-15,1.038022756576538,95.96199798583984,99.60700225830078,1.3012362718582153,1.5090012550354004,0.821692705154419
2013-03-18,1.0353895425796509,94.88899993896484,98.22000122070312,1.2892745733261108,1.5107566118240356,0.8229098320007324
2013-03-19,1.0393929481506348,95.34300231933594,99.08529663085938,1.2944984436035156,1.509889841079712,0.8263097405433655
2013-03-20,1.0361191034317017,95.05000305175781,98.4739990234375,1.2863887548446655,1.5096617937088013,0.8235875368118286
2013-03-21,1.0378073453903198,95.95500183105469,99.56999969482422,1.2941633462905884,1.5096617937088013,0.8262414336204529
2013-03-22,1.0440047979354858,94.91000366210938,99.05000305175781,1.2904890775680542,1.5182108879089355,0.832292914390564
2013-03-25,1.0448774099349976,94.8280029296875,99.09300231933594,1.302405595779419,1.5245994329452515,0.8357011675834656
2013-03-26,1.0462440252304077,93.96299743652344,98.27999877929688,1.2858428955078125,1.5179113149642944,0.8350730538368225
2013-03-27,1.0473617315292358,94.63500213623047,99.08999633789062,1.2860082387924194,1.5163002014160156,0.8389965295791626
2013-03-28,1.0448665618896484,94.31600189208984,98.53389739990234,1.277791976928711,1.5129051208496094,0.8376612663269043
2013-03-29,1.0418294668197632,94.19000244140625,98.11299896240234,1.2815911769866943,1.5197569131851196,0.837520956993103
2013-04-01,1.0412328243255615,94.28199768066406,98.14920043945312,1.2805737257003784,1.5195951461791992,0.8376612663269043
2013-04-02,1.0437977313995361,93.18000030517578,97.23090362548828,1.2850167751312256,1.5223017930984497,0.8382229804992676
2013-04-03,1.045718789100647,93.36199951171875,97.61599731445312,1.2820513248443604,1.5108022689819336,0.8413259983062744
2013-04-04,1.045478343963623,92.88899993896484,97.09100341796875,1.2850167751312256,1.5140045881271362,0.8419634103775024
2013-04-05,1.0423941612243652,96.43699645996094,100.51799774169922,1.2928247451782227,1.522626280784607,0.841396689414978
2013-04-08,1.0351645946502686,98.7509994506836,102.20600128173828,1.2992074489593506,1.5349195003509521,0.8410428762435913
2013-04-09,1.042024850845337,99.27999877929688,103.44999694824219,1.3029316663742065,1.5262515544891357,0.8470268845558167
2013-04-10,1.04889976978302,98.94999694824219,103.75379943847656,1.3080273866653442,1.532332181930542,0.8522969484329224
2013-04-11,1.0537852048873901,99.66600036621094,105.01699829101562,1.3055341243743896,1.5325671434402466,0.8577800989151001
2013-04-12,1.0546187162399292,99.62100219726562,105.05899810791016,1.311475396156311,1.5391719341278076,0.8629617094993591
2013-04-15,1.0514030456542969,98.40599822998047,103.43000030517578,1.3099292516708374,1.5353907346725464,0.8570448756217957
2013-04-16,1.0338054895401,96.80000305175781,100.05699920654297,1.3054660558700562,1.5297303199768066,0.8436682820320129
2013-04-17,1.0384970903396606,97.61000061035156,101.33000183105469,1.3178702592849731,1.5360982418060303,0.8495455384254456
2013-04-18,1.0303012132644653,98.02899932861328,100.96240234375,1.3034920692443848,1.5243902206420898,0.8450227975845337
2013-04-19,1.0298025608062744,98.2030029296875,101.08999633789062,1.3053126335144043,1.5283509492874146,0.8414674997329712
2013-04-22,1.0273902416229248,99.7969970703125,102.5,1.3055682182312012,1.5225335359573364,0.8401949405670166
2013-04-23,1.0265675783157349,99.16000366210938,101.78399658203125,1.306165099143982,1.5299878120422363,0.8421052694320679
2013-04-24,1.0261040925979614,99.677001953125,102.24800109863281,1.2994438409805298,1.522997260093689,0.8418925404548645
2013-04-25,1.0278971195220947,99.41999816894531,102.16000366210938,1.3017443418502808,1.5279772281646729,0.847529411315918
2013-04-26,1.0293891429901123,99.34200286865234,102.2300033569336,1.3007283210754395,1.5436862707138062,0.8504124879837036
2013-04-29,1.0284150838851929,97.84200286865234,100.61599731445312,1.3042571544647217,1.5491867065429688,0.8499788045883179
2013-04-30,1.0344042778015137,97.86399841308594,101.2300033569336,1.3095861673355103,1.549426794052124,0.8550662994384766
2013-05-01,1.037075400352478,97.26899719238281,100.80999755859375,1.3168290853500366,1.5537601709365845,0.8566043972969055
2013-05-02,1.028573751449585,97.13200378417969,99.8759994506836,1.3182177543640137,1.557195782661438,0.850991427898407
2013-05-03,1.0255674123764038,97.94599914550781,100.41999816894531,1.3065063953399658,1.5537117719650269,0.850629448890686
2013-05-06,1.0302480459213257,99.0999984741211,102.05549621582031,1.3123359680175781,1.5578750371932983,0.8539709448814392
2013-05-07,1.0244851112365723,99.34400177001953,101.73999786376953,1.3070186376571655,1.5537601709365845,0.8512811660766602
2013-05-08,1.0178323984146118,98.7760009765625,100.52799987792969,1.3077024221420288,1.5479875802993774,0.8458090424537659
2013-05-09,1.0191705226898193,98.87799835205078,100.74649810791016,1.3161357641220093,1.5542914867401123,0.8453085422515869
2013-05-10,1.00764799118042,100.76499938964844,101.52400207519531,1.303441047668457,1.5445923805236816,0.8397011160850525
2013-05-13,0.998502254486084,101.9229965209961,101.75,1.2965291738510132,1.5341894626617432,0.8271982669830322
2013-05-14,0.9971083998680115,101.66699981689453,101.31999969482422,1.2988024950027466,1.530901312828064,0.8261731863021851
2013-05-15,0.9908838868141174,102.20999908447266,101.25599670410156,1.2937111854553223,1.5227190256118774,0.8216251730918884
2013-05-16,0.9898049831390381,102.25800323486328,101.19200134277344,1.2882447242736816,1.523995280265808,0.825423002243042
2013-05-17,0.982607901096344,102.13500213623047,100.33799743652344,1.2883278131484985,1.527697205543518,0.8169267177581787
2013-05-20,0.9767532348632812,102.70099639892578,100.27999877929688,1.2835652828216553,1.5181187391281128,0.8107669949531555
2013-05-21,0.9813542366027832,102.16600036621094,100.25399780273438,1.2891082763671875,1.5262281894683838,0.8181297183036804
2013-05-22,0.9819324612617493,102.44200134277344,100.5770034790039,1.2919062376022339,1.5160013437271118,0.8171937465667725
2013-05-23,0.9663702845573425,103.1760025024414,99.70700073242188,1.2842081785202026,1.5035107135772705,0.8045052289962769
2013-05-24,0.9684291481971741,102.41000366210938,99.12999725341797,1.2925074100494385,1.5095024108886719,0.8097821474075317
2013-05-27,0.9637624621391296,101.06099700927734,97.38400268554688,1.2937781810760498,1.5131111145019531,0.809585452079773
2013-05-28,0.9629273414611816,101.1050033569336,97.34400177001953,1.2933933734893799,1.5108935832977295,0.8089960813522339
2013-05-29,0.9574875831604004,102.44599914550781,98.08000183105469,1.2846370935440063,1.502606987953186,0.8059316277503967
2013-05-30,0.9636695981025696,100.91600036621094,97.20809936523438,1.294783353805542,1.5131338834762573,0.81089848279953
2013-05-31,0.9669309854507446,101.0999984741211,97.72460174560547,1.3043931722640991,1.5229045152664185,0.8090615272521973
2013-06-03,0.9622787237167358,100.47599792480469,96.6500015258789,1.2996464967727661,1.520912528038025,0.7978299260139465
2013-06-04,0.975324273109436,99.73799896240234,97.26799774169922,1.3072919845581055,1.5321444272994995,0.8089960813522339
2013-06-05,0.9645061492919922,100.25,96.68000030517578,1.3073433637619019,1.5303858518600464,0.8014747500419617
2013-06-06,0.9514747858047485,98.9520034790039,94.12129974365234,1.3093289136886597,1.5403337478637695,0.7951654195785522
2013-06-07,0.9561508893966675,97.3270034790039,93.03199768066406,1.3245558738708496,1.5602571964263916,0.8003841638565063
2013-06-10,0.9417969584465027,98.23799896240234,92.51000213623047,1.3224014043807983,1.5531085729599,0.7838833928108215
2013-06-11,0.9458053708076477,98.8489990234375,93.470703125,1.3224014043807983,1.5531085729599,0.7838833928108215
2013-06-12,0.9460737705230713,96.10199737548828,90.9260025024414,1.3224014043807983,1.5531085729599,0.7838833928108215
2013-06-13,0.9480469822883606,95.92900085449219,90.9280014038086,1.3339558839797974,1.568135380744934,0.7955449819564819
2013-06-14,0.9637624621391296,95.49400329589844,92.0,1.3367911577224731,1.5713881254196167,0.8105698227882385
2013-06-17,0.9575792551040649,94.24199676513672,90.22000122070312,1.3348639011383057,1.5723023414611816,0.8055421113967896
2013-06-18,0.9544716477394104,94.68000030517578,90.36000061035156,1.3363088369369507,1.571783423423767,0.7996162176132202
2013-06-19,0.9485865831375122,95.51699829101562,90.59700012207031,1.3389928340911865,1.5636972188949585,0.799424409866333
2013-06-20,0.9280742406845093,96.58999633789062,89.62000274658203,1.329186201095581,1.5482512712478638,0.786596417427063
2013-06-21,0.9203019142150879,97.14099884033203,89.39399719238281,1.323556661605835,1.5517107248306274,0.7770007848739624
2013-06-24,0.923616886138916,98.4229965209961,90.90399932861328,1.3105300664901733,1.5389113426208496,0.7765181064605713
2013-06-25,0.9261832237243652,97.53099822998047,90.30899810791016,1.313232183456421,1.5447354316711426,0.7763372659683228
2013-06-26,0.9263548254966736,98.14700317382812,90.9000015258789,1.3079760074615479,1.541687250137329,0.773874044418335
2013-06-27,0.9288501143455505,97.7699966430664,90.78199768066406,1.301337718963623,1.5325905084609985,0.7779073715209961
2013-06-28,0.9281604290008545,98.47599792480469,91.38600158691406,1.3035939931869507,1.5258322954177856,0.7799704074859619
2013-07-01,0.9129085540771484,99.37999725341797,90.69000244140625,1.3014055490493774,1.5204732418060303,0.7737542390823364
2013-07-02,0.9244707822799683,99.65699768066406,92.1072998046875,1.306762456893921,1.5216530561447144,0.7827788591384888
2013-07-03,0.9144947528839111,100.73300170898438,92.11299896240234,1.2978922128677368,1.515289306640625,0.7754342555999756
2013-07-04,0.9092562198638916,99.95600128173828,90.8561019897461,1.3010838031768799,1.5274404287338257,0.7773028016090393
2013-07-05,0.9141603708267212,100.22000122070312,91.60379791259766,1.2907721996307373,1.5038950443267822,0.7819830775260925
2013-07-08,0.9062075018882751,101.38600158691406,91.84439849853516,1.2829065322875977,1.4879401922225952,0.7718431353569031
2013-07-09,0.913993239402771,100.8499984741211,92.14350128173828,1.2871006727218628,1.4953718185424805,0.7808229923248291
2013-07-10,0.916506290435791,101.15299987792969,92.70999908447266,1.278183937072754,1.4861490726470947,0.7838219404220581
2013-07-11,0.9275577664375305,98.5510025024414,91.33000183105469,1.3187741041183472,1.5180034637451172,0.7951021790504456
2013-07-12,0.9175995588302612,99.04000091552734,90.81999969482422,1.3097747564315796,1.5178653001785278,0.7847445607185364
2013-07-15,0.907803475856781,99.1969985961914,90.02619934082031,1.3059945106506348,1.5103687047958374,0.7800920009613037
2013-07-16,0.9091735482215881,99.94599914550781,90.82350158691406,1.3058750629425049,1.5100038051605225,0.7797878980636597
2013-07-17,0.9241290092468262,99.16000366210938,91.60639953613281,1.3151146173477173,1.5138440132141113,0.7887057662010193
2013-07-18,0.9231905937194824,99.66000366210938,91.98100280761719,1.3116990327835083,1.520982027053833,0.7903263568878174
2013-07-19,0.9180207252502441,100.52200317382812,92.27100372314453,1.3110626935958862,1.5222090482711792,0.7903263568878174
2013-07-22,0.9219139218330383,100.38899993896484,92.51399993896484,1.3159972429275513,1.5284910202026367,0.7940288782119751
2013-07-23,0.9258401393890381,99.3239974975586,91.9469985961914,1.3190349340438843,1.5365231037139893,0.7975753545761108
2013-07-24,0.9289363026618958,99.49700164794922,92.4219970703125,1.3223315477371216,1.537491798400879,0.800000011920929
2013-07-25,0.9129918813705444,100.4520034790039,91.69000244140625,1.319087266921997,1.530854344367981,0.7963685393333435
2013-07-26,0.9239583015441895,99.2750015258789,91.71299743652344,1.3274219036102295,1.538177490234375,0.8060615658760071
2013-07-29,0.9255831241607666,97.95999908447266,90.63999938964844,1.3287447690963745,1.5392429828643799,0.8082113862037659
2013-07-30,0.9194557070732117,98.04299926757812,90.13099670410156,1.3263654708862305,1.534165859222412,0.8023106455802917
2013-07-31,0.9072763323783875,98.01599884033203,88.90029907226562,1.3264886140823364,1.5242043733596802,0.7992966771125793
2013-08-01,0.895014762878418,97.83300018310547,87.55000305175781,1.3301409482955933,1.5174967050552368,0.7960516214370728
2013-08-02,0.8942144513130188,99.41999816894531,88.8499984741211,1.3211959600448608,1.5120357275009155,0.7903888821601868
2013-08-05,0.8905512690544128,98.93499755859375,88.08899688720703,1.3278977870941162,1.5287247896194458,0.7768197059631348
2013-08-06,0.8914245367050171,98.23200225830078,87.5530014038086,1.3257501125335693,1.5353907346725464,0.7836990356445312
2013-08-07,0.898876428604126,97.30799865722656,87.43720245361328,1.3308136463165283,1.53449547290802,0.7902015447616577
2013-08-08,0.9002520442008972,96.56999969482422,86.91500091552734,1.334098219871521,1.549690842628479,0.795861542224884
2013-08-09,0.9107467532157898,96.73999786376953,88.11299896240234,1.3380074501037598,1.553591012954712,0.8001280426979065
2013-08-12,0.9185266494750977,96.04399871826172,88.18620300292969,1.3339380025863647,1.5513978004455566,0.8041170835494995
2013-08-13,0.911577045917511,97.19999694824219,88.58999633789062,1.3292922973632812,1.5458101034164429,0.7981482744216919
2013-08-14,0.9099181294441223,98.15299987792969,89.29199981689453,1.326559066772461,1.545069694519043,0.7982119917869568
2013-08-15,0.9144947528839111,97.85299682617188,89.45999908447266,1.3264182806015015,1.5516144037246704,0.805282711982727
2013-08-16,0.9133254289627075,97.05500030517578,88.60600280761719,1.33539879322052,1.5642108917236328,0.8074283599853516
2013-08-19,0.9199631810188293,97.66699981689453,89.82420349121094,1.332906723022461,1.5625,0.8118860721588135
2013-08-20,0.911577045917511,97.5790023803711,88.9208984375,1.3333866596221924,1.5648962259292603,0.8059965968132019
2013-08-21,0.9062075018882751,97.30999755859375,88.18299865722656,1.3421016931533813,1.5663915872573853,0.7961783409118652
2013-08-22,0.8969575762748718,97.80999755859375,87.69499969482422,1.334294080734253,1.5616704225540161,0.7848061919212341
2013-08-23,0.9018758535385132,98.87899780273438,89.17400360107422,1.335505723953247,1.559721827507019,0.7843137383460999
2013-08-26,0.9028530120849609,98.70500183105469,89.1072006225586,1.33865225315094,1.558093547821045,0.7802137732505798
2013-08-27,0.9013881087303162,98.25800323486328,88.54519653320312,1.3379179239273071,1.5584819316864014,0.7842522263526917
2013-08-28,0.8946143984794617,96.89199829101562,86.66699981689453,1.3392080068588257,1.5547988414764404,0.7760360240936279
2013-08-29,0.894694447517395,97.72799682617188,87.41999816894531,1.3334933519363403,1.5527467727661133,0.7816774845123291
2013-08-30,0.8926180005073547,98.29199981689453,87.70999908447266,1.3236267566680908,1.550652027130127,0.7760962843894958
2013-09-02,0.8938946723937988,98.38500213623047,87.9188003540039,1.3208295106887817,1.5519033670425415,0.7766990065574646
2013-09-03,0.900009036064148,99.56999969482422,89.59500122070312,1.319000244140625,1.5547021627426147,0.7814942002296448
2013-09-04,0.9056330323219299,99.55400085449219,90.12000274658203,1.317401647567749,1.556371808052063,0.7802137732505798
2013-09-05,0.9171788096427917,99.72799682617188,91.46099853515625,1.320062279701233,1.5622069835662842,0.7895776033401489
2013-09-06,0.9119095206260681,100.11599731445312,91.27999877929688,1.3118367195129395,1.5589923858642578,0.7888923287391663
2013-09-09,0.9196248054504395,99.97699737548828,91.91699981689453,1.3174188137054443,1.5635994672775269,0.7982119917869568
2013-09-10,0.9231905937194824,99.71900177001953,92.029296875,1.3258028030395508,1.5697600841522217,0.8018603324890137
2013-09-11,0.930059552192688,100.28500366210938,93.26399993896484,1.326629400253296,1.5732917785644531,0.80560702085495
2013-09-12,0.9335324764251709,99.83000183105469,93.16000366210938,1.3315579891204834,1.5826040506362915,0.8148630857467651
2013-09-13,0.926268994808197,99.5780029296875,92.21730041503906,1.3298933506011963,1.5804529190063477,0.8132064938545227
2013-09-16,0.9323139786720276,99.01499938964844,92.3010025024414,1.3359339237213135,1.593625545501709,0.8196049332618713
2013-09-17,0.9322270750999451,99.06999969482422,92.32209777832031,1.3337956666946411,1.5903055667877197,0.8181297183036804
2013-09-18,0.935366153717041,99.12799835205078,92.6897964477539,1.3357912302017212,1.5905078649520874,0.8228421211242676
2013-09-19,0.9497578740119934,98.20999908447266,93.24739837646484,1.3523015975952148,1.6133195161819458,0.8389261364936829
2013-09-20,0.9445546865463257,99.38999938964844,93.85299682617188,1.353417992591858,1.6037977933883667,0.8388557434082031
2013-09-23,0.9402031302452087,99.2770004272461,93.31999969482422,1.3534547090530396,1.6016913652420044,0.8361903429031372
2013-09-24,0.9423294067382812,98.73999786376953,93.01029968261719,1.349892020225525,1.6041579246520996,0.8361204266548157
2013-09-25,0.9384384155273438,98.74500274658203,92.62439727783203,1.347182273864746,1.599590539932251,0.8247422575950623
2013-09-26,0.9365926384925842,98.43499755859375,92.16510009765625,1.351698398590088,1.6073811054229736,0.8247422575950623
2013-09-27,0.9359790086746216,98.90499877929688,92.55899810791016,1.348617672920227,1.6037464141845703,0.8279516100883484
2013-09-30,0.9301460981369019,97.8270034790039,90.96640014648438,1.349545955657959,1.6168932914733887,0.8267879486083984
2013-10-01,0.93205326795578,98.4000015258789,91.68000030517578,1.3525211811065674,1.6186991930007935,0.8295313119888306
2013-10-02,0.9391434788703918,97.9260025024414,91.96199798583984,1.352338194847107,1.6192234754562378,0.8256275057792664
2013-10-03,0.9387027025222778,97.30000305175781,91.31999969482422,1.3591018915176392,1.6235610246658325,0.8315317034721375
2013-10-04,0.9402031302452087,97.25900268554688,91.41000366210938,1.362416386604309,1.6156916618347168,0.8282259702682495
2013-10-07,0.9442870616912842,97.29000091552734,91.85800170898438,1.356999397277832,1.603592038154602,0.8313933610916138
2013-10-08,,,91.19000244140625,,,
2013-10-09,0.944822371006012,96.9010009765625,91.53700256347656,1.3598041534423828,1.612097144126892,0.8313242793083191
2013-10-10,0.945000946521759,97.47899627685547,92.08769989013672,1.352027416229248,1.595507025718689,0.8298754692077637
2013-10-11,0.9455639123916626,98.18499755859375,92.8239974975586,1.3526674509048462,1.598005771636963,0.8276775479316711
2013-10-14,0.9447330832481384,98.31400299072266,92.84400177001953,1.3556748628616333,1.5971124172210693,0.832292914390564
2013-10-15,0.9512032270431519,98.6500015258789,93.79900360107422,1.3558586835861206,1.597188949584961,0.8366100788116455
2013-10-16,0.9537435173988342,98.54399871826172,93.9729995727539,1.3521736860275269,1.5984655618667603,0.8403360843658447
2013-10-17,0.9543806314468384,98.94000244140625,94.37740325927734,1.3522467613220215,1.5943877696990967,0.8430992364883423
2013-10-18,0.9617233872413635,97.98999786376953,94.22799682617188,1.366698980331421,1.6149349212646484,0.8461668491363525
2013-10-21,0.9660902619361877,97.927001953125,94.59200286865234,1.3681949377059937,1.6172070503234863,0.8495455384254456
2013-10-22,0.9653441309928894,98.19400024414062,94.76799774169922,1.36759614944458,1.6135278940200806,0.845522940158844
2013-10-23,0.9701203107833862,98.13300323486328,95.18000030517578,1.3778469562530518,1.6232712268829346,0.851353645324707
2013-10-24,0.9641342163085938,97.41999816894531,93.90480041503906,1.3780938386917114,1.616370677947998,0.8411843776702881
2013-10-25,0.9621860980987549,97.38500213623047,93.67500305175781,1.380395531654358,1.620089054107666,0.8342370986938477
2013-10-28,0.9599692821502686,97.56999969482422,93.62999725341797,1.3805290460586548,1.6173901557922363,0.8296689987182617
2013-10-29,0.954562783241272,97.62000274658203,93.1509017944336,1.3789299726486206,1.614179015159607,0.8298754692077637
2013-10-30,0.9478673338890076,98.19400024414062,93.03800201416016,1.374306082725525,1.6048272848129272,0.8256956338882446
2013-10-31,0.9470324516296387,98.50700378417969,93.27300262451172,1.3724011182785034,1.602615475654602,0.825218677520752
2013-11-01,0.9462528228759766,98.32099914550781,93.02220153808594,1.3579760789871216,1.6044667959213257,0.8265829086303711
2013-11-04,0.9466111660003662,98.69200134277344,93.40899658203125,1.349400281906128,1.5923820734024048,0.8267879486083984
2013-11-05,0.9512032270431519,98.62699890136719,93.80899810791016,1.351698398590088,1.5972399711608887,0.8293936848640442
2013-11-06,0.9500284790992737,98.45600128173828,93.52400207519531,1.3473094701766968,1.6048015356063843,0.8364700675010681
2013-11-07,0.9527438879013062,98.6500015258789,93.96240234375,1.351807951927185,1.6085445880889893,0.8375911116600037
2013-11-08,0.9456264972686768,98.1709976196289,92.82599639892578,1.3409138917922974,1.6088809967041016,0.8322237133979797
2013-11-11,0.9369437098503113,99.1989974975586,92.94100189208984,1.3347926139831543,1.6004866361618042,0.8247422575950623
2013-11-12,0.9364173412322998,99.13800048828125,92.81300354003906,1.3409318923950195,1.5986955165863037,0.8258320689201355
2013-11-13,0.9304922223091125,99.61699676513672,92.64900207519531,1.3439956903457642,1.589092493057251,0.8214227557182312
2013-11-14,0.9365926384925842,99.21800231933594,92.9020004272461,1.3489633798599243,1.6049045324325562,0.8289811611175537
2013-11-15,0.931011974811554,100.23999786376953,93.31300354003906,1.3448994159698486,1.6058067083358765,0.8274720311164856
2013-11-18,0.9370315074920654,100.35399627685547,93.98999786376953,1.3483994007110596,1.6113957166671753,0.8348639011383057
2013-11-19,0.9370315074920654,99.86299896240234,93.56500244140625,1.3504389524459839,1.6115256547927856,0.8320851922035217
2013-11-20,0.9440196752548218,100.18099975585938,94.53900146484375,1.3567416667938232,1.6138923168182373,0.837871789932251
2013-11-21,0.9328358173370361,100.20700073242188,93.45110321044922,1.3433817625045776,1.6100207567214966,0.8269930481910706
2013-11-22,0.9226794838905334,101.31900024414062,93.45099639892578,1.347182273864746,1.6186991930007935,0.8225036859512329
2013-11-25,0.9165903329849243,101.29000091552734,92.81330108642578,1.355233907699585,1.6231131553649902,0.8194706439971924
2013-11-26,0.9192866086959839,101.3499984741211,93.14600372314453,1.3527590036392212,1.6167103052139282,0.8233163356781006
2013-11-27,0.9123255610466003,101.23400115966797,92.30999755859375,1.3567785024642944,1.620982050895691,0.8192020654678345
2013-11-28,0.9084302186965942,102.20999908447266,92.80000305175781,1.357367753982544,1.6282932758331299,0.8151952624320984
2013-11-29,0.9084302186965942,102.29199981689453,92.88999938964844,1.360396146774292,1.6340937614440918,0.8114906549453735
2013-12-02,0.9123255610466003,102.47100067138672,93.46900177001953,1.3585110902786255,1.6377869844436646,0.8164598345756531
2013-12-03,0.9116601347923279,102.93299865722656,93.82599639892578,1.3542062044143677,1.6359918117523193,0.8194034695625305
2013-12-04,0.9133254289627075,102.35099792480469,93.44999694824219,1.3590649366378784,1.6388875246047974,0.8240625858306885
2013-12-05,0.9031791687011719,102.40399932861328,92.4645004272461,1.3586403131484985,1.6378138065338135,0.820748507976532
2013-12-06,0.9067004919052124,101.74199676513672,92.19999694824219,1.3669979572296143,1.6333998441696167,0.8218953013420105
2013-12-09,0.9105809926986694,103.13099670410156,93.89299774169922,1.3706516027450562,1.6328929662704468,0.8290498852729797
2013-12-10,0.909008264541626,103.26599884033203,93.8290023803711,1.3740227222442627,1.6425215005874634,0.8278830647468567
2013-12-11,0.9146620631217957,102.7979965209961,94.01599884033203,1.37644362449646,1.6455758810043335,0.8309098482131958
2013-12-12,0.9048135876655579,102.50800323486328,92.73600006103516,1.3786067962646484,1.6376261711120605,0.8274036049842834
2013-12-13,0.8925384283065796,103.54000091552734,92.38400268554688,1.3750807046890259,1.6339869499206543,0.8220303654670715
2013-12-16,0.8952551484107971,103.2699966430664,92.44000244140625,1.3739283084869385,1.630496859550476,0.8263097405433655
2013-12-17,0.894134521484375,103.0270004272461,92.08599853515625,1.3762919902801514,1.6299653053283691,0.8261731863021851
2013-12-18,0.8921402096748352,102.6240005493164,91.54100036621094,1.3771259784698486,1.6277896165847778,0.8277460932731628
2013-12-19,0.8847991228103638,104.21299743652344,92.17970275878906,1.3684945106506348,1.6386995315551758,0.8206811547279358
2013-12-20,0.8863754868507385,104.2760009765625,92.39800262451172,1.3655791282653809,1.6364737749099731,0.8198737502098083
2013-12-23,0.8922198414802551,104.02999877929688,92.77999877929688,1.3678393363952637,1.6331596374511719,0.821220338344574
2013-12-24,0.8930166363716125,104.1760025024414,92.99169921875,1.3699944019317627,1.6350288391113281,0.8198065161705017
2013-12-25,0.8926976919174194,104.30000305175781,93.01100158691406,1.3681949377059937,1.6370898485183716,0.818799614906311
2013-12-26,0.891742467880249,104.52400207519531,93.16999816894531,1.3668484687805176,1.6354032754898071,0.8180628418922424
2013-12-27,0.8886518478393555,104.87899780273438,93.17960357666016,1.3696191310882568,1.641631841659546,0.8160600662231445
2013-12-30,0.8855043053627014,105.31999969482422,93.23889923095703,1.3750240802764893,1.6482338905334473,0.8153946399688721
2013-12-31,0.8919811248779297,104.93399810791016,93.55999755859375,1.3810056447982788,1.6495118141174316,0.8217602372169495
2014-01-01,0.8915039300918579,105.30000305175781,93.7699966430664,1.3744947910308838,1.6563969850540161,0.8227066993713379
2014-01-02,0.8892050385475159,105.3239974975586,93.61900329589844,1.3766709566116333,1.6580722332000732,0.8208832740783691
2014-01-03,0.8906305432319641,104.83300018310547,93.35099792480469,1.3666616678237915,1.6447908878326416,0.8187325596809387
2014-01-06,0.8965393900871277,104.91200256347656,94.04100036621094,1.3596007823944092,1.6413085460662842,0.8267195820808411
2014-01-07,0.8967000842094421,104.20999908447266,93.42500305175781,1.3631964921951294,1.6417936086654663,0.8289811611175537
2014-01-08,0.891742467880249,104.71199798583984,93.35189819335938,1.3616372346878052,1.6400164365768433,0.8282259702682495
2014-01-09,0.8890469670295715,104.84400177001953,93.18299865722656,1.3572019338607788,1.644709825515747,0.8263779282569885
2014-01-10,0.889758825302124,104.83000183105469,93.23300170898438,1.360710859298706,1.6479079723358154,0.8247422575950623
2014-01-13,0.9013068675994873,103.9489974975586,93.66100311279297,1.3671848773956299,1.6494300365447998,0.8304957747459412
2014-01-14,0.9049773812294006,103.11599731445312,93.30000305175781,1.3669979572296143,1.6389949321746826,0.837871789932251
2014-01-15,0.8961375951766968,104.17900085449219,93.33000183105469,1.3668484687805176,1.6434123516082764,0.8368901014328003
2014-01-16,0.8905512690544128,104.57099914550781,93.11599731445312,1.359933614730835,1.6361792087554932,0.8334027528762817
2014-01-17,0.8819897174835205,104.29499816894531,91.96690368652344,1.3618041276931763,1.63529634475708,0.8349335789680481
2014-01-20,0.8774238228797913,104.23799896240234,91.43699645996094,1.3527590036392212,1.6417936086654663,0.8253549337387085
2014-01-21,0.8804367184638977,104.2249984741211,91.76300048828125,1.3549033403396606,1.64241361618042,0.8316699862480164
2014-01-22,0.8805918097496033,104.2229995727539,91.752197265625,1.355913758277893,1.647527813911438,0.8313933610916138
2014-01-23,0.8844861388206482,104.63500213623047,92.54000091552734,1.354224443435669,1.6562050580978394,0.8306337594985962
2014-01-24,0.8760402798652649,103.37000274658203,90.53500366210938,1.3689066171646118,1.6634783744812012,0.8287063837051392
2014-01-27,0.8694896101951599,102.05000305175781,88.72599792480469,1.3687942028045654,1.6490492820739746,0.8233163356781006
2014-01-28,0.8732098937034607,102.66100311279297,89.63300323486328,1.3674652576446533,1.657495141029358,0.8227066993713379
2014-01-29,0.8788118362426758,103.23100280761719,90.69080352783203,1.3655046224594116,1.6570007801055908,0.8273351788520813
2014-01-30,0.8748906254768372,102.30000305175781,89.48799896240234,1.365859031677246,1.6559032201766968,0.8214901685714722
2014-01-31,0.8795848488807678,102.75800323486328,90.36180114746094,1.3558770418167114,1.6498383283615112,0.8175946474075317
2014-02-03,0.87565678358078,102.19200134277344,89.46700286865234,1.3488178253173828,1.643790602684021,0.8105040788650513
2014-02-04,0.8750437498092651,101.14199829101562,88.47640228271484,1.3525028228759766,1.6308956146240234,0.8071025013923645
2014-02-05,0.8914245367050171,101.68900299072266,90.61979675292969,1.3515887260437012,1.6330530643463135,0.8225036859512329
2014-02-06,0.8928571343421936,101.46600341796875,90.55999755859375,1.3535096645355225,1.6327064037322998,0.8229774832725525
2014-02-07,0.895014762878418,102.03900146484375,91.2959976196289,1.3592127561569214,1.632200002670288,0.8244702219963074
2014-02-10,0.894694447517395,102.52400207519531,91.66999816894531,1.361933946609497,1.6410391330718994,0.8283631205558777
2014-02-11,0.8945664167404175,102.13300323486328,91.33599853515625,1.364610195159912,1.6408774852752686,0.8270614743232727
2014-02-12,0.9021199941635132,102.5199966430664,92.45999908447266,1.3639029264450073,1.6448721885681152,0.8309788703918457
2014-02-13,0.9024455547332764,102.46900177001953,92.46299743652344,1.3590095043182373,1.6609915494918823,0.8324314951896667
2014-02-14,0.8982304930686951,102.18800354003906,91.77999877929688,1.3678767681121826,1.6657227277755737,0.8345852494239807
2014-02-17,0.9059611558914185,101.56400299072266,92.00399780273438,1.3699944019317627,1.67613685131073,0.837871789932251
2014-02-18,0.9039466977119446,102.06199645996094,92.22899627685547,1.3704450130462646,1.6719892024993896,0.8364000916481018
2014-02-19,0.90203857421875,102.33200073242188,92.2699966430664,1.376197338104248,1.668613314628601,0.8301510810852051
2014-02-20,0.8999280333518982,102.31099700927734,92.0479965209961,1.3730417490005493,1.6675838232040405,0.8274036049842834
2014-02-21,0.9009820818901062,102.31199645996094,92.1510009765625,1.372118592262268,1.66616690158844,0.8306337594985962
2014-02-24,0.8977466821670532,102.51300048828125,92.01000213623047,1.3737962245941162,1.6633399724960327,0.8280202150344849
2014-02-25,0.9037505388259888,102.48200225830078,92.59700012207031,1.3736075162887573,1.6656949520111084,0.8333333134651184
2014-02-26,0.9009820818901062,102.1500015258789,92.00679779052734,1.3746082782745361,1.6677229404449463,0.8328474760055542
2014-02-27,0.8963786363601685,102.29900360107422,91.68000030517578,1.3681949377059937,1.6668334007263184,0.8309098482131958
2014-02-28,0.8961697816848755,102.11000061035156,91.48100280761719,1.3707455396652222,1.6691983938217163,0.8366100788116455
2014-03-03,0.8902341723442078,101.30500030517578,90.16729736328125,1.377695083618164,1.6729121208190918,0.8363301753997803
2014-03-04,0.8925384283065796,101.41200256347656,90.50199890136719,1.373701810836792,1.6668334007263184,0.8364700675010681
2014-03-05,0.8954154849052429,102.1780014038086,91.45680236816406,1.374117136001587,1.6666944026947021,0.8389965295791626
2014-03-06,0.8978192210197449,102.36699676513672,91.87200164794922,1.3734188079833984,1.6719053983688354,0.8413259983062744
2014-03-07,0.9105809926986694,103.03199768066406,93.8010025024414,1.3863087892532349,1.6741725206375122,0.847529411315918
2014-03-10,0.9057971239089966,103.19000244140625,93.44000244140625,1.3878673315048218,1.6731082201004028,0.847385823726654
2014-03-11,0.9024455547332764,103.23600006103516,93.1520004272461,1.3878865242004395,1.6640042066574097,0.8469552397727966
2014-03-12,0.8965393900871277,102.83999633789062,92.16500091552734,1.385809302330017,1.662068247795105,0.845522940158844
2014-03-13,0.8997660279273987,102.78299713134766,92.46499633789062,1.3904531002044678,1.6621235609054565,0.8522969484329224
2014-03-14,0.9030161499977112,101.77999877929688,91.89900207519531,1.3865394592285156,1.6625105142593384,0.8538980484008789
2014-03-17,0.9029345512390137,101.33000183105469,91.4800033569336,1.39130437374115,1.6642534732818604,0.8538250923156738
2014-03-18,0.9084302186965942,101.85900115966797,92.5250015258789,1.3926606178283691,1.6639212369918823,0.8560910820960999
2014-03-19,0.9133254289627075,101.44000244140625,92.56999969482422,1.3930875062942505,1.6598061323165894,0.8623663187026978
2014-03-20,0.9030161499977112,102.46800231933594,92.5199966430664,1.381921648979187,1.6539040803909302,0.8533151149749756
2014-03-21,0.9038322567939758,102.40699768066406,92.5530014038086,1.378207802772522,1.6508733034133911,0.8531695604324341
2014-03-24,0.9094216227531433,102.24099731445312,92.96299743652344,1.3795576095581055,1.6490222215652466,0.8539709448814392
2014-03-25,0.9129918813705444,102.20700073242188,93.28690338134766,1.3838915824890137,1.6498383283615112,0.8548469543457031
2014-03-26,0.9162543416023254,102.28500366210938,93.71499633789062,1.3819025754928589,1.6533024311065674,0.8573388457298279
2014-03-27,0.9218289256095886,101.90299987792969,93.91259765625,1.378207802772522,1.6576874256134033,0.8600670695304871
2014-03-28,0.9266981482505798,102.14700317382812,94.63899993896484,1.3741360902786255,1.6607985496520996,0.8663259148597717
2014-03-31,0.9260116219520569,102.88899993896484,95.24610137939453,1.3752131462097168,1.6643919944763184,0.8669267892837524
2014-04-01,0.9268699884414673,103.21399688720703,95.66100311279297,1.3775053024291992,1.666638970375061,0.8676789402961731
2014-04-02,0.9238728880882263,103.63300323486328,95.71659851074219,1.379481554031372,1.663312315940857,0.8618460893630981
2014-04-03,0.924727201461792,103.86699676513672,96.03700256347656,1.376822590827942,1.6627315282821655,0.857485830783844
2014-04-04,0.9232758283615112,103.89600372314453,95.9219970703125,1.3723821640014648,1.659888744354248,0.8555783629417419
2014-04-07,0.9290226101875305,103.31999969482422,95.95580291748047,1.3704074621200562,1.657907485961914,0.8613264560699463
2014-04-08,0.9266981482505798,103.06900024414062,95.4990005493164,1.374306082725525,1.6610468626022339,0.8610298037528992
2014-04-09,0.9351038336753845,101.95500183105469,95.2770004272461,1.3793293237686157,1.675013780593872,0.8667764663696289
2014-04-10,0.9378223419189453,102.10700225830078,95.72000122070312,1.3855020999908447,1.6799945831298828,0.8722198009490967
2014-04-11,0.9397612810134888,101.37999725341797,95.27200317382812,1.3886381387710571,1.6777397394180298,0.8669267892837524
2014-04-14,0.9385265111923218,101.44200134277344,95.18000030517578,1.3846195936203003,1.6729681491851807,0.8685833811759949
2014-04-15,0.9411764740943909,101.90399932861328,95.8949966430664,1.381711721420288,1.6729121208190918,0.8685833811759949
2014-04-16,0.9343174695968628,101.87699890136719,95.1719970703125,1.38119637966156,1.6725484132766724,0.8596973419189453
2014-04-17,0.9373828172683716,102.20099639892578,95.77999877929688,1.3827050924301147,1.6805875301361084,0.8632596135139465
2014-04-18,0.9330969452857971,102.44300079345703,95.55999755859375,1.3812155723571777,1.6786692142486572,0.8579272627830505
2014-04-21,0.9333581924438477,102.55999755859375,95.69000244140625,1.3815207481384277,1.6791765689849854,0.8591064810752869
2014-04-22,0.9337940216064453,102.66999816894531,95.84750366210938,1.3795006275177002,1.6792893409729004,0.8577064871788025
2014-04-23,0.9370315074920654,102.62100219726562,96.15899658203125,1.3810056447982788,1.6826801300048828,0.8613264560699463
2014-04-24,0.9288501143455505,102.4800033569336,95.18000030517578,1.381921648979187,1.6785000562667847,0.8615490794181824
2014-04-25,0.9270418286323547,102.302001953125,94.81500244140625,1.3832024335861206,1.6809546947479248,0.8571918606758118
2014-04-28,0.927385687828064,102.1050033569336,94.62999725341797,1.384063959121704,1.6805592775344849,0.8582217693328857
2014-04-29,0.925377607345581,102.51599884033203,94.83699798583984,1.3852909803390503,1.6810113191604614,0.8533879518508911
2014-04-30,0.9274716973304749,102.56400299072266,95.0885009765625,1.3813681602478027,1.6824253797531128,0.8562377095222473
2014-05-01,0.9283326864242554,102.22000122070312,94.86589813232422,1.386924147605896,1.6876497268676758,0.8610298037528992
2014-05-02,0.9276438355445862,102.26599884033203,94.83899688720703,1.3870972394943237,1.6895315647125244,0.8630361557006836
2014-05-05,0.9275577664375305,102.19999694824219,94.77999877929688,1.387270450592041,1.6879061460494995,0.8663259148597717
2014-05-06,0.9282465577125549,102.13999938964844,94.77970123291016,1.387597680091858,1.686995029449463,0.8683570623397827
2014-05-07,0.9351038336753845,101.69300079345703,95.07540130615234,1.3930680751800537,1.6976776123046875,0.8710042834281921
2014-05-08,0.9324009418487549,101.87200164794922,94.97200012207031,1.3911689519882202,1.6955475807189941,0.8652764558792114
2014-05-09,0.9369437098503113,101.59300231933594,95.18699645996094,1.3844279050827026,1.6935373544692993,0.8647527098655701
2014-05-12,0.9360666275024414,101.9000015258789,95.33999633789062,1.376064658164978,1.6860277652740479,0.8625895380973816
2014-05-13,0.9360666275024414,102.18499755859375,95.61499786376953,1.3756672143936157,1.6873650550842285,0.8625150918960571
2014-05-14,0.9365049004554749,102.23200225830078,95.7300033569336,1.3709522485733032,1.6834166049957275,0.8629617094993591
2014-05-15,0.9371192455291748,101.81500244140625,95.39620208740234,1.372005581855774,1.6770081520080566,0.8661758303642273
2014-05-16,0.9358038306236267,101.4990005493164,94.96099853515625,1.3716480731964111,1.6795432567596436,0.8654261827468872
2014-05-19,0.9367681741714478,101.54199981689453,95.09220123291016,1.3703323602676392,1.6824253797531128,0.8640055060386658
2014-05-20,0.9334453344345093,101.5,94.7155990600586,1.3713847398757935,1.681689739227295,0.8632596135139465
2014-05-21,0.9234462380409241,101.26200103759766,93.49700164794922,1.3704074621200562,1.6837284564971924,0.8568246364593506
2014-05-22,0.923616886138916,101.41999816894531,93.65119934082031,1.3681762218475342,1.6897029876708984,0.856531023979187
2014-05-23,0.9227646589279175,101.76499938964844,93.87049865722656,1.3654487133026123,1.6867388486862183,0.8568246364593506
2014-05-26,0.924043595790863,101.96199798583984,94.21399688720703,1.3628805875778198,1.6834166049957275,0.8544087409973145
2014-05-27,0.9256688356399536,101.89399719238281,94.27999877929688,1.3651318550109863,1.6843807697296143,0.85638427734375
2014-05-28,0.9265264272689819,101.97699737548828,94.48200225830078,1.3636983633041382,1.6812090873718262,0.8568980097770691
2014-05-29,0.922934889793396,101.7300033569336,93.8740005493164,1.359342098236084,1.6715978384017944,0.8490405678749084
2014-05-30,0.9310986995697021,101.72000122070312,94.71399688720703,1.360451579093933,1.6724364757537842,0.8495455384254456
2014-06-02,0.9299730658531189,101.8759994506836,94.7229995727539,1.3628062009811401,1.675659418106079,0.8491126298904419
2014-06-03,0.9237021803855896,102.41999816894531,94.58999633789062,1.3598966598510742,1.6745930910110474,0.8442381024360657
2014-06-04,0.9261832237243652,102.54000091552734,94.95330047607422,1.3621008396148682,1.674116611480713,0.8438819050788879
2014-06-05,0.927385687828064,102.68099975585938,95.19760131835938,1.3604146242141724,1.674004316329956,0.8423181176185608
2014-06-06,0.9326618909835815,102.4229965209961,95.5,1.3661948442459106,1.6810113191604614,0.8486082553863525
2014-06-09,0.9335324764251709,102.4800033569336,95.63600158691406,1.3642936944961548,1.6801921129226685,0.8502678275108337
2014-06-10,0.9344047904014587,102.4800033569336,95.72799682617188,1.3592681884765625,1.6803898811340332,0.8495455384254456
2014-06-11,0.9372071027755737,102.31400299072266,95.86000061035156,1.3540961742401123,1.6753225326538086,0.8533879518508911
2014-06-12,0.9381743669509888,102.0,95.66699981689453,1.3537112474441528,1.6789791584014893,0.8609556555747986
2014-06-13,0.9425959587097168,101.69999694824219,95.83709716796875,1.3554543256759644,1.695892572402954,0.8678295612335205
2014-06-16,0.9391434788703918,101.96700286865234,95.76499938964844,1.3538029193878174,1.697792887687683,0.8664010167121887
2014-06-17,0.9394964575767517,101.87000274658203,95.697998046875,1.3577179908752441,1.6978504657745361,0.8673779368400574
2014-06-18,0.9337068200111389,102.17400360107422,95.38500213623047,1.3547931909561157,1.6959787607192993,0.8661007881164551
2014-06-19,0.9400263428688049,101.88999938964844,95.7969970703125,1.3590649366378784,1.6998707056045532,0.8720676302909851
2014-06-20,0.9400263428688049,101.93000030517578,95.7739028930664,1.361136794090271,1.7040129899978638,0.8709284067153931
2014-06-23,0.9387027025222778,102.06600189208984,95.79000091552734,1.3593051433563232,1.7022724151611328,0.8704735040664673
2014-06-24,0.941974401473999,101.87000274658203,95.94290161132812,1.3601926565170288,1.70253324508667,0.8704735040664673
2014-06-25,0.9366803765296936,101.91000366210938,95.42729949951172,1.3605812788009644,1.6980524063110352,0.8670019507408142
2014-06-26,0.9405568242073059,101.80000305175781,95.73999786376953,1.3628991842269897,1.6986002922058105,0.8735913038253784
2014-06-27,0.9409107565879822,101.63700103759766,95.60600280761719,1.3613035678863525,1.70253324508667,0.8774238228797913
2014-06-30,0.9417082667350769,101.44300079345703,95.497802734375,1.3644425868988037,1.7034034729003906,0.8775778412818909
2014-07-01,0.9429514408111572,101.29000091552734,95.4751968383789,1.3693565130233765,1.710981011390686,0.8762706518173218
2014-07-02,0.9492168426513672,101.54000091552734,96.36229705810547,1.3680826425552368,1.7148540019989014,0.8762706518173218
2014-07-03,0.9434852004051208,101.83000183105469,96.06300354003906,1.3652995824813843,1.7160900831222534,0.8765778541564941
2014-07-04,0.935016393661499,102.18000030517578,95.52690124511719,1.3610072135925293,1.7152658700942993,0.8746610283851624
2014-07-07,0.9360666275024414,102.11000061035156,95.57099914550781,1.3588433265686035,1.7151482105255127,0.8735150694847107
2014-07-08,0.9372949600219727,101.80000305175781,95.41999816894531,1.360618233680725,1.713443636894226,0.8751968741416931
2014-07-09,0.9410879015922546,101.45999908447266,95.48899841308594,1.3617113828659058,1.7140311002731323,0.8795074820518494
2014-07-10,0.941974401473999,101.53500366210938,95.63400268554688,1.3642936944961548,1.715854525566101,0.8823789358139038
2014-07-11,0.9387027025222778,101.28299713134766,95.05899810791016,1.3605072498321533,1.713091492652893,0.881212592124939
2014-07-14,0.9383503198623657,101.37000274658203,95.0823974609375,1.360377550125122,1.7122994661331177,0.8811349272727966
2014-07-15,0.9394081830978394,101.5199966430664,95.3395004272461,1.3621751070022583,1.708788275718689,0.881212592124939
2014-07-16,0.9363296031951904,101.66000366210938,95.18000030517578,1.3572019338607788,1.7143837213516235,0.8729050755500793
2014-07-17,0.9366803765296936,101.62999725341797,95.17759704589844,1.3529969453811646,1.7139723300933838,0.8716875910758972
2014-07-18,0.9351038336753845,101.2300033569336,94.58000183105469,1.3518811464309692,1.7095186710357666,0.8670019507408142
2014-07-21,0.9395847320556641,101.33999633789062,95.19300079345703,1.3532166481018066,1.7091095447540283,0.8707009553909302
2014-07-22,0.9367681741714478,101.4000015258789,94.97319793701172,1.3527040481567383,1.7073588371276855,0.868206262588501
2014-07-23,0.9388790130615234,101.47000122070312,95.23999786376953,1.3468012809753418,1.7065428495407104,0.8672274351119995
2014-07-24,0.9441087245941162,101.5199966430664,95.83999633789062,1.346293568611145,1.7041000127792358,0.8609556555747986
2014-07-25,0.9417082667350769,101.76000213623047,95.81700134277344,1.3464748859405518,1.699177622795105,0.8581480979919434
2014-07-28,0.9402031302452087,101.7490005493164,95.64600372314453,1.3428946733474731,1.698196530342102,0.8552857041358948
2014-07-29,0.9411764740943909,101.80999755859375,95.80999755859375,1.3439054489135742,1.6984561681747437,0.8550662994384766
2014-07-30,0.9386146068572998,102.07599639892578,95.78900146484375,1.3411117792129517,1.6947429180145264,0.8510638475418091
2014-07-31,0.9325748682022095,102.83999633789062,95.89700317382812,1.3396027088165283,1.6910173892974854,0.8490405678749084
2014-08-01,0.9302325248718262,102.77300262451172,95.59100341796875,1.3389928340911865,1.6891605854034424,0.8505571484565735
2014-08-04,0.9312721490859985,102.56300354003906,95.47979736328125,1.3428946733474731,1.6829917430877686,0.8510638475418091
2014-08-05,0.9332711696624756,102.54199981689453,95.68800354003906,1.342209815979004,1.6867672204971313,0.8523696064949036
2014-08-06,0.9304922223091125,102.58899688720703,95.4209976196289,1.337238073348999,1.6878206729888916,0.8442381024360657
2014-08-07,0.9346667528152466,102.11299896240234,95.43000030517578,1.3382940292358398,1.685487985610962,0.8476012349128723
2014-08-08,0.9266122579574585,102.12899780273438,94.59400177001953,1.3358268737792969,1.6829917430877686,0.8454514145851135
2014-08-11,0.9279019832611084,102.15499877929688,94.7593994140625,1.3405184745788574,1.6777114868164062,0.8465249538421631
2014-08-12,0.9264406561851501,102.20500183105469,94.66999816894531,1.3384909629821777,1.6787537336349487,0.8458090424537659
2014-08-13,0.9270418286323547,102.28199768066406,94.79900360107422,1.3366124629974365,1.680700421333313,0.842957079410553
2014-08-14,0.9307520985603333,102.40799713134766,95.28569793701172,1.3367911577224731,1.6689753532409668,0.8479607105255127
2014-08-15,0.9316191077232361,102.49600219726562,95.47599792480469,1.3363981246948242,1.6686691045761108,0.8482483625411987
2014-08-18,0.9317059516906738,102.41000366210938,95.40499877929688,1.339046597480774,1.672017216682434,0.84846431016922
2014-08-19,0.9323139786720276,102.61000061035156,95.65699768066406,1.336112380027771,1.67235267162323,0.8461668491363525
2014-08-20,0.9298000931739807,102.91000366210938,95.69409942626953,1.332196593284607,1.6621512174606323,0.8428860306739807
2014-08-21,0.9287638664245605,103.70099639892578,96.27400207519531,1.3260489702224731,1.6600265502929688,0.8377314805984497
2014-08-22,0.93031907081604,103.8489990234375,96.60199737548828,1.3279330730438232,1.6579898595809937,0.8397716283798218
2014-08-25,0.930059552192688,104.20099639892578,96.87999725341797,1.3198705911636353,1.6551907062530518,0.8356313109397888
2014-08-26,0.9278159141540527,104.06999969482422,96.52310180664062,1.3188958168029785,1.657028317451477,0.8316008448600769
2014-08-27,0.9317059516906738,104.08999633789062,96.94110107421875,1.3170199394226074,1.6547799110412598,0.8340979218482971
2014-08-28,0.9336196184158325,103.87799835205078,96.95809936523438,1.319087266921997,1.65763258934021,0.8367500901222229
2014-08-29,0.9355412125587463,103.69599914550781,96.96659851074219,1.3184958696365356,1.6589525938034058,0.8377314805984497
2014-09-01,0.933009922504425,104.16799926757812,97.16000366210938,1.3127838373184204,1.6592552661895752,0.8354916572570801
2014-09-02,0.9335324764251709,104.33999633789062,97.38800048828125,1.3131976127624512,1.661598801612854,0.8389261364936829
2014-09-03,0.9279881119728088,105.23699951171875,97.5999984741211,1.3131976127624512,1.6468766927719116,0.8304957747459412
2014-09-04,0.9339683651924133,104.87100219726562,97.93000030517578,1.3150973320007324,1.6461988687515259,0.8322237133979797
2014-09-05,0.9336196184158325,105.58200073242188,98.55220031738281,1.2932761907577515,1.629407525062561,0.8282259702682495
2014-09-08,0.9363296031951904,105.18000030517578,98.46199798583984,1.2953367233276367,1.6212447881698608,0.8313242793083191
2014-09-09,0.9278159141540527,106.16000366210938,98.44000244140625,1.2891082763671875,1.6095025539398193,0.8271982669830322
2014-09-10,0.9207255244255066,106.12300109863281,97.6969985961914,1.2941968441009521,1.6124610900878906,0.8257638812065125
2014-09-11,0.9156670570373535,106.82599639892578,97.81400299072266,1.2917059659957886,1.620089054107666,0.8196721076965332
2014-09-12,0.9099181294441223,107.1050033569336,97.41780090332031,1.2923569679260254,1.6251970529556274,0.8185985088348389
2014-09-15,0.9014694094657898,107.33000183105469,96.70999908447266,1.2960082292556763,1.6258047819137573,0.8149959444999695
2014-09-16,0.9036688804626465,107.13800048828125,96.77999877929688,1.2939791679382324,1.6229023933410645,0.8177952170372009
2014-09-17,0.9085953235626221,107.1500015258789,97.322998046875,1.2959076166152954,1.6265981197357178,0.8192691802978516
2014-09-18,0.8958967924118042,108.51599884033203,97.21800231933594,1.285000205039978,1.6268097162246704,0.8099789619445801
2014-09-19,0.898311197757721,108.80000305175781,97.71520233154297,1.2920063734054565,1.643709421157837,0.8153281211853027
2014-09-22,0.894134521484375,108.94000244140625,97.37000274658203,1.2841421365737915,1.6319869756698608,0.8149294853210449
2014-09-23,0.8877841234207153,108.75,96.5199966430664,1.2851488590240479,1.6371970176696777,0.8112273812294006
2014-09-24,0.8855827450752258,108.54199981689453,96.09700012207031,1.2853965759277344,1.6393711566925049,0.8080155253410339
2014-09-25,0.8859750032424927,109.31600189208984,96.81410217285156,1.2778083086013794,1.6324131488800049,0.8063865900039673
2014-09-26,0.8805142045021057,108.61000061035156,95.5999984741211,1.2757054567337036,1.6331329345703125,0.7946599125862122
2014-09-29,0.8735913038253784,109.41100311279297,95.55000305175781,1.2673146724700928,1.6238247156143188,0.786101758480072
2014-09-30,0.8716875910758972,109.38999938964844,95.30999755859375,1.269083857536316,1.624220371246338,0.7764578461647034
2014-10-01,0.8737439513206482,109.66000366210938,95.77999877929688,1.262833595275879,1.6213761568069458,0.7808839678764343
2014-10-02,0.8746228218078613,109.0199966430664,95.31210327148438,1.2624191045761108,1.6192234754562378,0.7783918380737305
2014-10-03,0.8795074820518494,108.52300262451172,95.41999816894531,1.2670577764511108,1.6160049438476562,0.7892037034034729
2014-10-06,0.8663259148597717,109.802001953125,95.10900115966797,1.2513607740402222,1.5963984727859497,0.7729767560958862
2014-10-07,0.8769621849060059,108.86799621582031,95.46199798583984,1.264606237411499,1.6075102090835571,0.783392071723938
2014-10-08,0.8810572624206543,108.0719985961914,95.18550109863281,1.266800880432129,1.608906865119934,0.7825950980186462
2014-10-09,0.8839388489723206,108.12699890136719,95.5739974975586,1.2743074893951416,1.616292119026184,0.7907013297080994
2014-10-10,0.8762706518173218,107.83000183105469,94.44000244140625,1.2689067125320435,1.6122791767120361,0.786101758480072
2014-10-13,0.8678295612335205,107.33799743652344,93.1249008178711,1.263982892036438,1.60929536819458,0.7832693457603455
2014-10-14,0.8755800724029541,107.06300354003906,93.71150207519531,1.272394061088562,1.6066838502883911,0.7870917320251465
2014-10-15,0.8709284067153931,107.31400299072266,93.44200134277344,1.2639029026031494,1.589142918586731,0.7832080125808716
2014-10-16,0.8792754411697388,105.9800033569336,93.1615982055664,1.2821663618087769,1.599206805229187,0.7966222763061523
2014-10-17,0.8771929740905762,106.40499877929688,93.30570220947266,1.280442476272583,1.609606146812439,0.7947230935096741
2014-10-20,0.8758100867271423,107.14399719238281,93.80000305175781,1.274957299232483,1.6092175245285034,0.7930842638015747
2014-10-21,0.8778089880943298,106.91000366210938,93.77999877929688,1.2795250415802002,1.6159005165100098,0.7965589165687561
2014-10-22,0.8771160244941711,107.02100372314453,93.83000183105469,1.2714719772338867,1.611499547958374,0.7967492341995239
2014-10-23,0.8767315745353699,107.14800262451172,93.93099975585938,1.2641425132751465,1.6044925451278687,0.7855459451675415
2014-10-24,0.87565678358078,108.16100311279297,94.6969985961914,1.2654062509536743,1.6029495000839233,0.7829627394676208
2014-10-27,0.8804367184638977,108.2020034790039,95.22000122070312,1.2676681280136108,1.60929536819458,0.7852992415428162
2014-10-28,0.8804367184638977,107.84300231933594,94.91929626464844,1.270147681236267,1.6124871969223022,0.7888923287391663
2014-10-29,0.8861320614814758,108.11199951171875,95.77279663085938,1.273836612701416,1.6142832040786743,0.792330265045166
2014-10-30,0.8768084645271301,108.84600067138672,95.4209976196289,1.2632802724838257,1.600563406944275,0.7783312201499939
2014-10-31,0.8824567198753357,109.21299743652344,96.36299896240234,1.2613362073898315,1.600102424621582,0.7841907143592834
2014-11-03,0.8753501176834106,112.84100341796875,98.76799774169922,1.2503125667572021,1.597367525100708,0.7777259349822998
2014-11-04,0.8694896101951599,113.64800262451172,98.8030014038086,1.2495938539505005,1.5978779792785645,0.7736943960189819
2014-11-05,0.8749672174453735,113.4800033569336,99.2770004272461,1.2552564144134521,1.6006401777267456,0.7825950980186462
2014-11-06,0.8579272627830505,114.65499877929688,98.31999969482422,1.2480031251907349,1.5964748859405518,0.7713074088096619
2014-11-07,0.8561643958091736,115.1760025024414,98.58599853515625,1.238006830215454,1.5841333866119385,0.7692899107933044
2014-11-10,0.8644536137580872,114.53299713134766,98.98999786376953,1.246137022972107,1.5885119438171387,0.7762166857719421
2014-11-11,0.8629617094993591,114.75299835205078,98.99909973144531,1.242992639541626,1.585338830947876,0.7760962843894958
2014-11-12,0.8706251382827759,115.72100067138672,100.69999694824219,1.2475829124450684,1.592610239982605,0.7825338840484619
2014-11-13,0.8712319731712341,115.56999969482422,100.6500015258789,1.242992639541626,1.576889157295227,0.786596417427063
2014-11-14,0.8707236051559448,115.8239974975586,100.81659698486328,1.2475982904434204,1.5702284574508667,0.7872155904769897
2014-11-17,0.8749672174453735,116.89600372314453,102.26799774169922,1.251846432685852,1.5666369199752808,0.7932730913162231
2014-11-18,0.870852530002594,116.64600372314453,101.55439758300781,1.2448959350585938,1.5640885829925537,0.792707085609436
2014-11-19,0.8709284067153931,116.86900329589844,101.76899719238281,1.253337025642395,1.5628662109375,0.7904513478279114
2014-11-20,0.8601410388946533,118.14800262451172,101.59200286865234,1.2540757656097412,1.5673490762710571,0.7832080125808716
2014-11-21,0.8623663187026978,118.23600006103516,101.9219970703125,1.2545005083084106,1.5694891214370728,0.7861635684967041
2014-11-24,0.868206262588501,117.74400329589844,102.22599792480469,1.2375012636184692,1.5648717880249023,0.789016842842102
2014-11-25,0.8605111837387085,118.4540023803711,101.9000015258789,1.2433171272277832,1.5697108507156372,0.7859781384468079
2014-11-26,0.8557248115539551,117.8010025024414,100.785400390625,1.24806547164917,1.572104573249817,0.7832693457603455
2014-11-27,0.8532422780990601,117.62999725341797,100.33580017089844,1.2505940198898315,1.5789058208465576,0.7878978848457336
2014-11-28,0.8524422645568848,117.83999633789062,100.40689849853516,1.246199131011963,1.5724753141403198,0.7859163880348206
2014-12-01,0.8438106775283813,118.86399841308594,100.2699966430664,1.2438275814056396,1.5612071752548218,0.7792409658432007
2014-12-02,0.8478168845176697,118.30799865722656,100.29000091552734,1.247007131576538,1.5734403133392334,0.7864108085632324
2014-12-03,0.846023678779602,119.19400024414062,100.80000305175781,1.2388503551483154,1.5646514892578125,0.7801529169082642
2014-12-04,0.8401243686676025,119.86100006103516,100.677001953125,1.231663703918457,1.5694153308868408,0.775494396686554
2014-12-05,0.8386447429656982,119.81199645996094,100.44999694824219,1.2386661767959595,1.567865014076233,0.7779073715209961
2014-12-08,0.8309098482131958,121.56099700927734,100.95999908447266,1.2294074296951294,1.556565523147583,0.767990231513977
2014-12-09,0.8300132751464844,120.6500015258789,100.10549926757812,1.2315119504928589,1.565165638923645,0.7653451561927795
2014-12-10,0.8300132751464844,119.34200286865234,99.02999877929688,1.2394952774047852,1.5687997341156006,0.7700007557868958
2014-12-11,0.8334027528762817,117.70899963378906,98.06700134277344,1.2473959922790527,1.5747040510177612,0.781921923160553
2014-12-12,0.8248103260993958,119.00700378417969,98.12000274658203,1.2394952774047852,1.572252869606018,0.7790589332580566
2014-12-15,0.8209506869316101,118.16500091552734,97.0009994506836,1.2463544607162476,1.5727968215942383,0.7763975262641907
2014-12-16,0.8216251730918884,117.74099731445312,96.69999694824219,1.2443537712097168,1.5645290613174438,0.7744133472442627
2014-12-17,0.8225036859512329,116.61299896240234,95.87100219726562,1.2512043714523315,1.5745303630828857,0.7791802883148193
2014-12-18,0.8125457167625427,118.7959976196289,96.4800033569336,1.2338976860046387,1.5573413372039795,0.7697044014930725
2014-12-19,0.8173273205757141,118.93800354003906,97.1594009399414,1.229044795036316,1.5670051574707031,0.7777259349822998
2014-12-22,0.8149294853210449,119.49700164794922,97.32499694824219,1.2225985527038574,1.5629639625549316,0.7750135660171509
2014-12-23,0.8122817277908325,120.1500015258789,97.55449676513672,1.2223743200302124,1.557778000831604,0.7723796963691711
2014-12-24,0.8109642267227173,120.69000244140625,97.84700012207031,1.217492938041687,1.5522165298461914,0.7714858651161194
2014-12-25,0.8116224408149719,120.45899963378906,97.63800048828125,1.2198543548583984,1.5562022924423218,0.77327561378479
2014-12-26,0.81089848279953,120.37000274658203,97.55000305175781,1.2210012674331665,1.5562022924423218,0.7736943960189819
2014-12-29,0.8116224408149719,120.42400360107422,97.63999938964844,1.216944694519043,1.5553550720214844,0.7749534845352173
2014-12-30,0.8136696815490723,120.63200378417969,98.13800048828125,1.215347409248352,1.5515903234481812,0.7783918380737305
2014-12-31,0.818397581577301,119.45800018310547,97.73660278320312,1.2162047624588013,1.5569047927856445,0.7835148572921753
2015-01-01,0.817126989364624,119.6729965209961,97.68099975585938,1.2098628282546997,1.558093547821045,0.7800920009613037
2015-01-02,0.8177952170372009,119.87000274658203,98.0199966430664,1.2089413404464722,1.5579720735549927,0.7791802883148193
2015-01-05,0.8067768812179565,120.43399810791016,97.13600158691406,1.194643259048462,1.5284910202026367,0.7665772438049316
2015-01-06,0.8099789619445801,119.42500305175781,96.69349670410156,1.193901538848877,1.5258322954177856,0.7700007557868958
2015-01-07,0.8080155253410339,118.6729965209961,95.85769653320312,1.1875356435775757,1.5137982368469238,0.7747734189033508
2015-01-08,0.8075587749481201,119.28900146484375,96.32499694824219,1.1836000680923462,1.5107566118240356,0.7770611047744751
2015-01-09,0.8114249110221863,119.79199981689453,97.15399932861328,1.1796069145202637,1.5087963342666626,0.7813110947608948
2015-01-12,0.8222332000732422,118.21199798583984,97.18099975585938,1.187070369720459,1.5189489126205444,0.7846829891204834
2015-01-13,0.8150623440742493,118.3280029296875,96.41999816894531,1.1831519603729248,1.5170363187789917,0.7765181064605713
2015-01-14,0.8173941373825073,117.79499816894531,96.25700378417969,1.1778285503387451,1.5170363187789917,0.7744133472442627
2015-01-15,0.8144648671150208,117.38999938964844,95.56439971923828,1.1785920858383179,1.5234380960464478,0.7713668942451477
2015-01-16,0.8223684430122375,116.12999725341797,95.46659851074219,1.1637378931045532,1.5181187391281128,0.784067690372467
2015-01-19,0.8227066993713379,117.55999755859375,96.68000030517578,1.1566041707992554,1.5142109394073486,0.7794232368469238
2015-01-20,0.8195378184318542,117.71199798583984,96.45099639892578,1.1597968339920044,1.5090012550354004,0.7758553624153137
2015-01-21,0.8165265321731567,118.64900207519531,96.86799621582031,1.1546944379806519,1.5147384405136108,0.7647013664245605
2015-01-22,0.8101101517677307,117.86000061035156,95.44000244140625,1.1615345478057861,1.5144860744476318,0.7572888731956482
2015-01-23,0.801988959312439,118.7509994506836,95.21600341796875,1.1346745491027832,1.5013211965560913,0.750750720500946
2015-01-26,0.787587583065033,117.36100006103516,92.39520263671875,1.1125450134277344,1.4995876550674438,0.7418947815895081
2015-01-27,0.7922046780586243,118.5199966430664,93.87030029296875,1.1247708797454834,1.5085458755493164,0.7437156438827515
2015-01-28,0.7921419143676758,117.7750015258789,93.2614974975586,1.1367381811141968,1.5188103914260864,0.7454341650009155
2015-01-29,0.7892659902572632,117.59200286865234,92.78060150146484,1.1281461715698242,1.5142338275909424,0.7324396967887878
2015-01-30,0.7782101631164551,118.24800109863281,92.01399993896484,1.13355553150177,1.5079090595245361,0.7282790541648865
2015-02-02,0.7782101631164551,117.18399810791016,91.17500305175781,1.1309019327163696,1.5087052583694458,0.726005494594574
2015-02-03,0.7801529169082642,117.57499694824219,91.69999694824219,1.1341726779937744,1.5028102397918701,0.7301934957504272
2015-02-04,0.7762769460678101,117.64600372314453,91.28199768066406,1.145737886428833,1.5142109394073486,0.7328691482543945
2015-02-05,0.7760962843894958,117.28800201416016,90.99800109863281,1.131874680519104,1.5180034637451172,0.7359976172447205
2015-02-06,0.7799704074859619,117.53500366210938,91.64720153808594,1.147196888923645,1.5325905084609985,0.7406858801841736
2015-02-09,0.7760962843894958,118.97000122070312,92.30999755859375,1.1314393281936646,1.523902416229248,0.7350239157676697
2015-02-10,0.7799095511436462,118.56300354003906,92.45700073242188,1.1326953172683716,1.5216069221496582,0.7401924729347229
2015-02-11,0.7783918380737305,119.35800170898438,92.87999725341797,1.1321951150894165,1.526205062866211,0.7418947815895081
2015-02-12,0.7722604274749756,120.16999816894531,92.78399658203125,1.131196141242981,1.5242739915847778,0.7375718951225281
2015-02-13,0.7756748795509338,118.91600036621094,92.21040344238281,1.140393853187561,1.5391956567764282,0.7433286309242249
2015-02-16,0.7765783667564392,118.56999969482422,92.07599639892578,1.1400039196014404,1.5400489568710327,0.7479431629180908
2015-02-17,0.7756748795509338,118.49199676513672,91.89099884033203,1.1334012746810913,1.5356265306472778,0.7485030293464661
2015-02-18,0.78118896484375,119.20800018310547,93.11900329589844,1.1404719352722168,1.5353436470031738,0.7539203763008118
2015-02-19,0.7808229923248291,118.68900299072266,92.66000366210938,1.1400039196014404,1.543900728225708,0.7551158666610718
2015-02-20,0.7795447707176208,118.98799896240234,92.75900268554688,1.1366735696792603,1.5419963598251343,0.7519361972808838
2015-02-23,0.7846214175224304,119.07599639892578,93.41400146484375,1.1381484270095825,1.5389113426208496,0.7530120611190796
2015-02-24,0.7799704074859619,118.90299987792969,92.72000122070312,1.1332985162734985,1.5452368259429932,0.7531254291534424
2015-02-25,0.7833307385444641,118.89199829101562,93.0999984741211,1.1339025497436523,1.545905590057373,0.7483909726142883
2015-02-26,0.7883948683738708,118.8219985961914,93.65290069580078,1.1363636255264282,1.552891492843628,0.7571169137954712
2015-02-27,0.780579149723053,119.37699890136719,93.12999725341797,1.1205360889434814,1.5418059825897217,0.7539203763008118
2015-03-02,0.7785736322402954,119.82599639892578,93.27400207519531,1.1161960363388062,1.5406184196472168,0.7548878788948059
2015-03-03,0.7756748795509338,120.2040023803711,93.23400115966797,1.1179054975509644,1.5359095335006714,0.7505817413330078
2015-03-04,0.7820442914962769,119.63700103759766,93.51899719238281,1.118217945098877,1.5366648435592651,0.7562580704689026
2015-03-05,0.7823501825332642,119.6510009765625,93.58000183105469,1.1082050800323486,1.52650785446167,0.7591285705566406
2015-03-06,0.7785130143165588,120.04499816894531,93.43800354003906,1.1032048463821411,1.5247621536254883,0.749007523059845
2015-03-09,0.7722604274749756,120.73899841308594,93.21009826660156,1.0845986604690552,1.5057746171951294,0.7363770008087158
2015-03-10,0.7685213685035706,121.40799713134766,93.29399871826172,1.0833414793014526,1.5104827880859375,0.7341066002845764
2015-03-11,0.7641754746437073,121.03800201416016,92.45999908447266,1.0708701610565186,1.508204698562622,0.7291818857192993
2015-03-12,0.7605719566345215,121.41100311279297,92.31300354003906,1.0548745393753052,1.4932951927185059,0.7306736707687378
2015-03-13,0.770653486251831,121.31800079345703,93.47100067138672,1.0626314878463745,1.4894028902053833,0.7405762076377869
2015-03-16,0.7616146206855774,121.34300231933594,92.3864974975586,1.0481630563735962,1.4755791425704956,0.7319036722183228
2015-03-17,0.7644091248512268,121.36699676513672,92.7509994506836,1.0572947263717651,1.4825797080993652,0.7380618453025818
2015-03-18,0.7623113393783569,121.27999877929688,92.44000244140625,1.0598047971725464,1.47520911693573,0.7315824031829834
2015-03-19,0.7778469324111938,120.06400299072266,93.36409759521484,1.0849988460540771,1.496199607849121,0.7505817413330078
2015-03-20,0.7658140659332275,120.76200103759766,92.4540023803711,1.066894292831421,1.4761673212051392,0.7432181239128113
2015-03-23,0.7783918380737305,120.0270004272461,93.40699768066406,1.0826611518859863,1.494321584701538,0.7570022940635681
2015-03-24,0.7875256538391113,119.75,94.2959976196289,1.094499111175537,1.4951928853988647,0.7655209302902222
2015-03-25,0.7862871289253235,119.79100036621094,94.177001953125,1.0902034044265747,1.4833933115005493,0.7624857425689697
2015-03-26,0.7830240726470947,119.51799774169922,93.55709838867188,1.0960465669631958,1.4877409934997559,0.7584951519966125
2015-03-27,0.783392071723938,119.18299865722656,93.33080291748047,1.0886367559432983,1.4858399629592896,0.7591862082481384
2015-03-30,0.773455023765564,119.25,92.22599792480469,1.0884946584701538,1.4885826110839844,0.7547169327735901
2015-03-31,0.7658140659332275,120.01300048828125,91.87799835205078,1.0830246210098267,1.4809110164642334,0.7501313090324402
2015-04-01,0.7613826394081116,120.02200317382812,91.35099792480469,1.073814034461975,1.482953429222107,0.7445462346076965
2015-04-02,0.7606876492500305,119.5739974975586,90.93099975585938,1.0769942998886108,1.4836794137954712,0.7441030144691467
2015-04-03,0.7582076191902161,119.6969985961914,90.7249984741211,1.087074637413025,1.4830634593963623,0.7506943941116333
2015-04-06,0.7644091248512268,118.822998046875,90.8030014038086,1.100134253501892,1.4930721521377563,0.7616726756095886
2015-04-07,0.759013295173645,119.47699737548828,90.6500015258789,1.0934817790985107,1.4890702962875366,0.7535794973373413
2015-04-08,0.7642922401428223,120.29000091552734,91.87960052490234,1.0824151039123535,1.4823819398880005,0.750750720500946
2015-04-09,0.7684623003005981,120.09400177001953,92.26899719238281,1.078527569770813,1.487851619720459,0.7554011344909668
2015-04-10,0.7704160213470459,120.55000305175781,92.85399627685547,1.0669056177139282,1.4714971780776978,0.7576331496238708
2015-04-13,0.7669299840927124,120.20899963378906,92.16799926757812,1.0609854459762573,1.4640644788742065,0.7538067698478699
2015-04-14,0.7587253451347351,120.05899810791016,91.05999755859375,1.0572947263717651,1.4667917490005493,0.7462129592895508
2015-04-15,0.761440634727478,119.45700073242188,90.947998046875,1.0647132396697998,1.4771921634674072,0.7512019276618958
2015-04-16,0.7678722143173218,119.14299774169922,91.46399688720703,1.0676802396774292,1.4828435182571411,0.7589556574821472
2015-04-17,0.7789375185966492,119.04399871826172,92.71499633789062,1.0755579471588135,1.4921809434890747,0.7652866244316101
2015-04-20,0.7809448838233948,118.81800079345703,92.7490005493164,1.0810226202011108,1.4968267679214478,0.7705348134040833
2015-04-21,0.7722604274749756,119.19499969482422,92.03299713134766,1.0747487545013428,1.490979552268982,0.7661073803901672
2015-04-22,0.77154541015625,119.63300323486328,92.28500366210938,1.074171543121338,1.4935628175735474,0.767224133014679
2015-04-23,0.7750135660171509,119.94999694824219,92.93070220947266,1.0725815296173096,1.5037593841552734,0.7642922401428223
2015-04-24,0.7777259349822998,119.57099914550781,92.97599792480469,1.0815019607543945,1.5052080154418945,0.7579776644706726
2015-04-27,0.7833307385444641,118.927001953125,93.13099670410156,1.086897373199463,1.517657995223999,0.7609770894050598
2015-04-28,0.7867201566696167,119.1259994506836,93.7020034790039,1.0877959728240967,1.5223711729049683,0.7628929018974304
2015-04-29,0.7996801733970642,118.822998046875,94.9800033569336,1.096912145614624,1.533483624458313,0.7723796963691711
2015-04-30,0.7994883060455322,118.97000122070312,95.10199737548828,1.1114321947097778,1.542686104774475,0.7605719566345215
2015-05-01,0.7903263568878174,119.4520034790039,94.34839630126953,1.1214659214019775,1.5354615449905396,0.7605140805244446
2015-05-04,0.7830240726470947,120.13600158691406,94.03189849853516,1.1185932159423828,1.5146695375442505,0.7526153922080994
2015-05-05,0.7843137383460999,120.0999984741211,94.12000274658203,1.1149141788482666,1.5122873783111572,0.7540909647941589
2015-05-06,0.7935248017311096,119.9219970703125,95.12000274658203,1.1186307668685913,1.517427682876587,0.7500750422477722
2015-05-07,0.7956715226173401,119.39700317382812,94.96289825439453,1.1341469287872314,1.5242043733596802,0.749007523059845
2015-05-08,0.7901390790939331,119.70899963378906,94.5739974975586,1.1246949434280396,1.5407133102416992,0.7443245053291321
2015-05-11,0.7925814390182495,119.77999877929688,94.9000015258789,1.1194071769714355,1.5434004068374634,0.7425007820129395
2015-05-12,0.7899518013000488,120.13099670410156,94.8667984008789,1.114441990852356,1.557705283164978,0.7344300746917725
2015-05-13,0.7990411520004272,119.83499908447266,95.72000122070312,1.1221455335617065,1.567103385925293,0.7415646910667419
2015-05-14,0.8112932443618774,119.16000366210938,96.6760025024414,1.1350480318069458,1.574009895324707,0.753409206867218
2015-05-15,0.8086689114570618,119.19100189208984,96.3478012084961,1.1404979228973389,1.5772124528884888,0.7492882013320923
2015-05-18,0.8046994805335999,119.33000183105469,96.03399658203125,1.144505262374878,1.574604868888855,0.7457677721977234
2015-05-19,0.7994883060455322,119.9000015258789,95.86699676513672,1.1326183080673218,1.5663670301437378,0.737626314163208
2015-05-20,0.7922046780586243,120.6520004272461,95.58300018310547,1.1146656274795532,1.5516144037246704,0.7361059784889221
2015-05-21,0.7878358364105225,121.21199798583984,95.48799896240234,1.1100751161575317,1.5542914867401123,0.7303534746170044
2015-05-22,0.7902015447616577,121.03900146484375,95.59410095214844,1.1111851930618286,1.5663915872573853,0.7352941036224365
2015-05-25,0.78118896484375,121.57099914550781,94.93720245361328,1.0992997884750366,1.5475084781646729,0.7301934957504272
2015-05-26,0.7827175855636597,121.5999984741211,95.12999725341797,1.0971167087554932,1.5472211837768555,0.7312079668045044
2015-05-27,0.7744733095169067,122.98600006103516,95.23300170898438,1.08888578414917,1.5398591756820679,0.7247952818870544
2015-05-28,0.7735148668289185,123.73999786376953,95.68450164794922,1.0900014638900757,1.5350136756896973,0.7242178320884705
2015-05-29,0.7658140659332275,123.81999969482422,94.76000213623047,1.0960345268249512,1.531909704208374,0.718339204788208
2015-06-01,0.7645260095596313,124.19300079345703,94.90589904785156,1.0957943201065063,1.5288883447647095,0.7099247574806213
2015-06-02,0.7614986300468445,124.84700012207031,95.0530014038086,1.0922993421554565,1.519987940788269,0.7104290723800659
2015-06-03,0.7763975262641907,124.03600311279297,96.2699966430664,1.1150012016296387,1.5339776277542114,0.7166917324066162
2015-06-04,0.7774840593338013,124.30400085449219,96.5989990234375,1.1257838010787964,1.5326610803604126,0.7152052521705627
2015-06-05,0.7688168287277222,124.37999725341797,95.61599731445312,1.120787262916565,1.5364996194839478,0.7128092050552368
2015-06-08,0.7621369957923889,125.62899780273438,95.72799682617188,1.1108149290084839,1.526787519454956,0.7048706412315369
2015-06-09,0.7688168287277222,124.56300354003906,95.7345962524414,1.128095269203186,1.5345896482467651,0.7130632996559143
2015-06-10,0.7691124677658081,124.33899688720703,95.60399627685547,1.1299052238464355,1.539408802986145,0.7145919799804688
2015-06-11,0.7731559872627258,122.86599731445312,94.99299621582031,1.131196141242981,1.549690842628479,0.7047712802886963
2015-06-12,0.7748873829841614,123.58100128173828,95.72799682617188,1.1240627765655518,1.5508925914764404,0.7016066908836365
2015-06-15,0.7730364799499512,123.29000091552734,95.28389739990234,1.1219944953918457,1.5561537742614746,0.6991051435470581
2015-06-16,0.7757951617240906,123.41999816894531,95.72799682617188,1.1277008056640625,1.5596001148223877,0.6999860405921936
2015-06-17,0.774713397026062,123.43900299072266,95.59400177001953,1.124201774597168,1.563966155052185,0.6984215378761292
2015-06-18,0.7725587487220764,123.52999877929688,95.39600372314453,1.1369967460632324,1.5848110914230347,0.6889899373054504
2015-06-19,0.7789981961250305,123.00199890136719,95.79309844970703,1.1370742321014404,1.587881326675415,0.6918978691101074
2015-06-22,0.7765783667564392,122.7509994506836,95.31999969482422,1.1372941732406616,1.5885119438171387,0.6902264356613159
2015-06-23,0.7728572487831116,123.37899780273438,95.33280181884766,1.13490629196167,1.5829297304153442,0.6870018839836121
2015-06-24,0.7742335200309753,123.86000061035156,95.88500213623047,1.1172186136245728,1.5741090774536133,0.6867188811302185
2015-06-25,0.7709506154060364,123.85099792480469,95.4635009765625,1.1206992864608765,1.570993185043335,0.6890373826026917
2015-06-26,0.7733952403068542,123.5979995727539,95.56999969482422,1.1202975511550903,1.5745056867599487,0.6887526512145996
2015-06-29,0.7626601457595825,122.61199951171875,93.47049713134766,1.0975021123886108,1.5693166255950928,0.682314395904541
2015-06-30,0.767283022403717,122.66999816894531,94.08000183105469,1.122296690940857,1.573192834854126,0.6839009523391724
2015-07-01,0.7694082856178284,122.38600158691406,94.1095962524414,1.1134989261627197,1.5687012672424316,0.6787022948265076
2015-07-02,0.7641754746437073,123.31999969482422,94.1709976196289,1.103363037109375,1.5605005025863647,0.6713212132453918
2015-07-03,0.7638835906982422,123.05899810791016,93.96399688720703,1.1086965799331665,1.5613046884536743,0.6723141074180603
2015-07-06,0.7484470009803772,122.40699768066406,91.6050033569336,1.0995051860809326,1.555596947669983,0.6681811809539795
2015-07-07,0.7478815913200378,122.61100006103516,91.66999816894531,1.1048991680145264,1.5602084398269653,0.6675121784210205
2015-07-08,0.7458233833312988,122.48999786376953,91.30829620361328,1.1009942293167114,1.5462881326675415,0.6667110919952393
2015-07-09,0.742225170135498,120.86199951171875,89.64520263671875,1.1071009635925293,1.536995530128479,0.6715916991233826
2015-07-10,0.7461016178131104,121.69999694824219,90.74430084228516,1.1063048839569092,1.5373972654342651,0.6748093962669373
2015-07-13,0.7425007820129395,122.49600219726562,90.9000015258789,1.1129041910171509,1.5515903234481812,0.6715014576911926
2015-07-14,0.7394808530807495,123.56999969482422,91.35199737548828,1.099045991897583,1.548227310180664,0.6684938669204712
2015-07-15,0.7446016073226929,123.31999969482422,91.79949951171875,1.1008002758026123,1.5636972188949585,0.6703760623931885
2015-07-16,0.7373543977737427,123.87000274658203,91.30999755859375,1.0943553447723389,1.563403844833374,0.6575053930282593
2015-07-17,0.7415096759796143,124.14900207519531,92.02100372314453,1.0886012315750122,1.5613046884536743,0.6524859666824341
2015-07-20,0.7369197010993958,124.14199829101562,91.4385986328125,1.0830246210098267,1.5600380897521973,0.6517205238342285
2015-07-21,0.7375501990318298,124.29399871826172,91.65799713134766,1.0835410356521606,1.5573898553848267,0.6582412123680115
2015-07-22,0.7425007820129395,123.86000061035156,91.9000015258789,1.0939961671829224,1.555596947669983,0.6629101634025574
2015-07-23,0.7375174760818481,124.06800079345703,91.47799682617188,1.0927051305770874,1.5614020824432373,0.6629980802536011
2015-07-24,0.7356186509132385,123.8759994506836,91.08999633789062,1.0989010334014893,1.5519516468048096,0.6619009971618652
2015-07-27,0.7275902032852173,123.76300048828125,89.9979019165039,1.0972371101379395,1.5522888898849487,0.6579813361167908
2015-07-28,0.7275902032852173,123.23999786376953,89.65699768066406,1.109004020690918,1.5564203262329102,0.6626905202865601
2015-07-29,0.7346999049186707,123.57599639892578,90.7699966430664,1.1065986156463623,1.5611096620559692,0.6714112758636475
2015-07-30,0.7298737168312073,123.94000244140625,90.42179870605469,1.098406195640564,1.5602084398269653,0.6655131578445435
2015-07-31,0.7294477820396423,124.07099914550781,90.48999786376953,1.0939244031906128,1.5604275465011597,0.6608075499534607
2015-08-03,0.7299802899360657,124.04000091552734,90.53800201416016,1.0969001054763794,1.5626953840255737,0.6582845449447632
2015-08-04,0.7275902032852173,123.94499969482422,90.16799926757812,1.09560227394104,1.559040904045105,0.6569007635116577
2015-08-05,0.737626314163208,124.27400207519531,91.61509704589844,1.0888975858688354,1.5569047927856445,0.6537656784057617
2015-08-06,0.7352941036224365,124.7300033569336,91.68250274658203,1.0903104543685913,1.5605981349945068,0.6526563167572021
2015-08-07,0.7345379590988159,124.73400115966797,91.5979995727539,1.0927051305770874,1.551421880722046,0.6544074416160583
2015-08-10,0.7401924729347229,124.30000305175781,91.97930145263672,1.0965032577514648,1.5494027137756348,0.6611133217811584
2015-08-11,0.7413997650146484,124.61299896240234,92.37000274658203,1.1016976833343506,1.5585306882858276,0.6614194512367249
2015-08-12,0.7310475707054138,125.06999969482422,91.40299987792969,1.104203701019287,1.5584092140197754,0.6553938984870911
2015-08-13,0.7381163239479065,124.25499725341797,91.7030029296875,1.1160963773727417,1.561597228050232,0.6612007021903992
2015-08-14,0.7375174760818481,124.36299896240234,91.70600128173828,1.1160963773727417,1.561792254447937,0.655995786190033
2015-08-17,0.7369197010993958,124.3499984741211,91.5905990600586,1.1092993021011353,1.5651901960372925,0.6541934013366699
2015-08-18,0.7370826601982117,124.43800354003906,91.7030029296875,1.107800006866455,1.5585062503814697,0.6581112146377563
2015-08-19,0.7339987754821777,124.37100219726562,91.24079895019531,1.1030831336975098,1.5664896965026855,0.6588917374610901
2015-08-20,0.7354563474655151,123.89700317382812,91.08580017089844,1.1118029356002808,1.568307638168335,0.6601967215538025
2015-08-21,0.7337295413017273,123.41999816894531,90.52970123291016,1.1236965656280518,1.5690950155258179,0.6623393893241882
2015-08-24,0.7258474230766296,121.73200225830078,88.32730102539062,1.1376951932907104,1.5677913427352905,0.662778377532959
2015-08-25,0.7172057628631592,118.88400268554688,85.23639678955078,1.1583056449890137,1.5762925148010254,0.646120011806488
2015-08-26,0.7105300426483154,118.54000091552734,84.19650268554688,1.1550945043563843,1.5695877075195312,0.6469979286193848
2015-08-27,0.7124537229537964,120.05799865722656,85.5,1.1340054273605347,1.5482032299041748,0.64470374584198
2015-08-28,0.7174115777015686,121.00299835205078,86.78800201416016,1.1247961521148682,1.541401982307434,0.647794246673584
2015-08-31,0.7140816450119019,121.28900146484375,86.59100341796875,1.1214030981063843,1.5418059825897217,0.6462870836257935
2015-09-01,0.7109341621398926,121.08899688720703,86.05999755859375,1.1225864887237549,1.5363106727600098,0.6352836489677429
2015-09-02,0.7009181976318359,119.71499633789062,83.89800262451172,1.1293437480926514,1.5305262804031372,0.6319115161895752
2015-09-03,0.7047216296195984,120.58000183105469,84.94000244140625,1.121604323387146,1.5308074951171875,0.6369832158088684
2015-09-04,0.7019021511077881,120.05599975585938,84.23999786376953,1.1125946044921875,1.526205062866211,0.6392635703086853
2015-09-07,0.6935774683952332,119.16400146484375,82.61000061035156,1.115200161933899,1.5201033353805542,0.6294850707054138
2015-09-08,0.6946374177932739,119.40299987792969,82.87570190429688,1.1163954734802246,1.5283042192459106,0.6273919343948364
2015-09-09,0.7037792801856995,120.08899688720703,84.45999908447266,1.1207369565963745,1.5401912927627563,0.6375924348831177
2015-09-10,0.6965728402137756,120.27799987792969,83.7510986328125,1.1220699548721313,1.5357915163040161,0.6266841888427734
2015-09-11,0.7071135640144348,120.61900329589844,85.26799774169922,1.1290887594223022,1.54421067237854,0.630994439125061
2015-09-14,0.7099751830101013,120.7959976196289,85.73999786376953,1.1344043016433716,1.5448071956634521,0.6323110461235046
2015-09-15,0.7160758972167969,120.36000061035156,86.18499755859375,1.1307612657546997,1.5427099466323853,0.6341153979301453
2015-09-16,0.7128092050552368,120.43399810791016,85.81800079345703,1.1271796226501465,1.53449547290802,0.6347997188568115
2015-09-17,0.7199942469596863,120.52300262451172,86.7490005493164,1.12920343875885,1.5518070459365845,0.6353644132614136
2015-09-18,0.7189072370529175,120.0459976196289,86.28299713134766,1.1400948762893677,1.5569047927856445,0.637511134147644
2015-09-21,0.7190106511116028,120.0009994506836,86.26499938964844,1.12920343875885,1.552891492843628,0.6384880542755127
2015-09-22,0.7130124568939209,120.49800109863281,85.87850189208984,1.1190940141677856,1.5508204698562622,0.6329113841056824
2015-09-23,0.7079144716262817,120.08000183105469,84.97000122070312,1.1120749711990356,1.5353907346725464,0.6288912296295166
2015-09-24,0.6998880505561829,120.19999694824219,84.10600280761719,1.1189937591552734,1.5252039432525635,0.6278252005577087
2015-09-25,0.7011638879776001,120.23999786376953,84.302001953125,1.1178929805755615,1.522695779800415,0.6327111721038818
2015-09-28,0.7020993232727051,120.36799621582031,84.4655990600586,1.1201720237731934,1.5201727151870728,0.637511134147644
2015-09-29,0.6972042322158813,119.83999633789062,83.52189636230469,1.123103380203247,1.5165071487426758,0.630795419216156
2015-09-30,0.7003781795501709,119.86000061035156,83.9000015258789,1.1255937814712524,1.5157945156097412,0.6354047656059265
2015-10-01,0.7010164856910706,119.85900115966797,83.99839782714844,1.11720609664917,1.5124017000198364,0.6388959884643555
2015-10-02,0.7036802172660828,119.80999755859375,84.3010025024414,1.1193444728851318,1.5139129161834717,0.6399999856948853
2015-10-05,0.704820990562439,119.99500274658203,84.55000305175781,1.1226998567581177,1.5194103717803955,0.6452028751373291
2015-10-06,0.708817720413208,120.46099853515625,85.36299896240234,1.1195199489593506,1.5154958963394165,0.64939284324646
2015-10-07,0.7159220576286316,120.23999786376953,86.05000305175781,1.1267986297607422,1.5226030349731445,0.6544074416160583
2015-10-08,0.7194762229919434,119.91500091552734,86.25700378417969,1.1239995956420898,1.5315576791763306,0.6605892181396484
2015-10-09,0.7267441749572754,119.92900085449219,87.12899780273438,1.1286935806274414,1.535131573677063,0.6668000221252441
2015-10-12,0.7314754128456116,120.17900085449219,87.87640380859375,1.1369967460632324,1.5323086977005005,0.6681811809539795
2015-10-13,0.7344300746917725,120.01100158691406,88.11080169677734,1.135550618171692,1.5337893962860107,0.6703311800956726
2015-10-14,0.7222824096679688,119.72000122070312,86.44090270996094,1.138498306274414,1.5258090496063232,0.664893627166748
2015-10-15,0.7320108413696289,118.83000183105469,86.94000244140625,1.147552251815796,1.5480115413665771,0.6804109811782837
2015-10-16,0.7329228520393372,119.05000305175781,87.2229995727539,1.1368157863616943,1.5471972227096558,0.6837139129638672
2015-10-19,0.726005494594574,119.2699966430664,86.56600189208984,1.1361054182052612,1.543805480003357,0.6799020767211914
2015-10-20,0.7256367206573486,119.50299835205078,86.66999816894531,1.132900595664978,1.5471972227096558,0.6805961728096008
2015-10-21,0.7267441749572754,119.77999877929688,87.04299926757812,1.1353960037231445,1.5449025630950928,0.6751282811164856
2015-10-22,0.7215527892112732,119.84200286865234,86.45899963378906,1.134803295135498,1.5424481630325317,0.6725401878356934
2015-10-23,0.721188485622406,120.86000061035156,87.12999725341797,1.108094573020935,1.5383669137954712,0.6799020767211914
2015-10-26,0.7223867774009705,121.2959976196289,87.59400177001953,1.1020376682281494,1.531745433807373,0.6749460101127625
2015-10-27,0.7251105904579163,120.9489974975586,87.6500015258789,1.1065986156463623,1.5357915163040161,0.6785181164741516
2015-10-28,0.7192692160606384,120.47699737548828,86.62200164794922,1.1037039756774902,1.5312998294830322,0.6772773265838623
2015-10-29,0.7100759744644165,120.86000061035156,85.81099700927734,1.0928961038589478,1.5271838903427124,0.6688068509101868
2015-10-30,0.7090187072753906,121.0,85.73999786376953,1.0993843078613281,1.532379150390625,0.6706008911132812
2015-11-02,0.7137249112129211,120.49500274658203,85.96299743652344,1.102596640586853,1.5441631078720093,0.6771856546401978
2015-11-03,0.7159220576286316,120.78800201416016,86.4520034790039,1.1016006469726562,1.542400598526001,0.6758126616477966
2015-11-04,0.7191140651702881,121.09500122070312,87.04000091552734,1.0963950157165527,1.5419248342514038,0.666400134563446
2015-11-05,0.71387779712677,121.48999786376953,86.71299743652344,1.0868029594421387,1.5390061140060425,0.6595001220703125
2015-11-06,0.714796245098114,121.66999816894531,86.93000030517578,1.0883997678756714,1.5210051536560059,0.6609822511672974
2015-11-09,0.7038784027099609,123.19999694824219,86.7020034790039,1.0733413696289062,1.5055025815963745,0.6536802053451538
2015-11-10,0.7051191329956055,123.0770034790039,86.76499938964844,1.0759514570236206,1.5121043920516968,0.6538939476013184
2015-11-11,0.7046719789505005,123.08399963378906,86.69999694824219,1.0737563371658325,1.5138899087905884,0.6552221179008484
2015-11-12,0.7071135640144348,122.75700378417969,86.73999786376953,1.0762988328933716,1.522510290145874,0.6555227637290955
2015-11-13,0.7137249112129211,122.55999755859375,87.45099639892578,1.0815019607543945,1.5234612226486206,0.6547930836677551
2015-11-16,0.7105805277824402,122.36399841308594,86.9000015258789,1.06999933719635,1.5217920541763306,0.6532958745956421
2015-11-17,0.7095217704772949,123.26599884033203,87.43099975585938,1.068798542022705,1.5204963684082031,0.6485084295272827
2015-11-18,0.7113893628120422,123.44499969482422,87.7699966430664,1.0643846988677979,1.5220005512237549,0.6480041146278381
2015-11-19,0.7117944359779358,123.5250015258789,87.88899993896484,1.066996693611145,1.5239256620407104,0.6491820216178894
2015-11-20,0.7191658020019531,122.91200256347656,88.36000061035156,1.0726161003112793,1.5288182497024536,0.6558666825294495
2015-11-23,0.7229090332984924,122.9229965209961,88.84500122070312,1.0641014575958252,1.518994927406311,0.6547502279281616
2015-11-24,0.7189072370529175,122.91500091552734,88.3499984741211,1.0642033815383911,1.5129051208496094,0.6512112617492676
2015-11-25,0.7257947325706482,122.50499725341797,88.88400268554688,1.0643846988677979,1.5085914134979248,0.655995786190033
2015-11-26,0.725584089756012,122.68000030517578,88.98600006103516,1.0624960660934448,1.512355923652649,0.6578081846237183
2015-11-27,0.7219173908233643,122.63400268554688,88.47000122070312,1.0604453086853027,1.5099810361862183,0.6575918793678284
2015-11-30,0.7183908224105835,122.83000183105469,88.19999694824219,1.0583018064498901,1.5038950443267822,0.6526989340782166
2015-12-01,0.7232750058174133,123.20999908447266,89.06999969482422,1.0572947263717651,1.5057973861694336,0.6599788665771484
2015-12-02,0.7323324680328369,122.91500091552734,89.98600006103516,1.0625863075256348,1.5077953338623047,0.6672894954681396
2015-12-03,0.7303001284599304,123.22599792480469,89.97799682617188,1.0613007545471191,1.4949023723602295,0.6643193960189819
2015-12-04,0.7329766154289246,122.65299987792969,89.8499984741211,1.0915957689285278,1.513500452041626,0.6675121784210205
2015-12-07,0.7342144250869751,123.19000244140625,90.38999938964844,1.0883997678756714,1.511258840560913,0.6729022264480591
2015-12-08,0.7259001135826111,123.27999877929688,89.46800231933594,1.0834001302719116,1.5050268173217773,0.6640105843544006
2015-12-09,0.7225067615509033,122.91200256347656,88.77400207519531,1.0893957614898682,1.5010056495666504,0.663790225982666
2015-12-10,0.7235366702079773,121.69999694824219,87.9800033569336,1.1017948389053345,1.5183953046798706,0.6727211475372314
2015-12-11,0.727219820022583,121.70999908447266,88.4800033569336,1.0948106050491333,1.516093373298645,0.676315426826477
2015-12-14,0.7164863348007202,120.89299774169922,86.61000061035156,1.0983941555023193,1.5198955535888672,0.6719075441360474
2015-12-15,0.7254788279533386,121.08999633789062,87.81999969482422,1.0992997884750366,1.5160702466964722,0.6785181164741516
2015-12-16,0.7203054428100586,121.67500305175781,87.60299682617188,1.0936251878738403,1.5043702125549316,0.6770939230918884
2015-12-17,0.7208765745162964,122.46299743652344,88.2300033569336,1.087453007698059,1.497790813446045,0.6766357421875
2015-12-18,0.7128092050552368,122.44999694824219,87.26300048828125,1.0844104290008545,1.4929606914520264,0.6701963543891907
2015-12-21,0.7166917324066162,121.30000305175781,86.88700103759766,1.0869920253753662,1.4908239841461182,0.6728116869926453
2015-12-22,0.7199942469596863,121.20600128173828,87.20999908447266,1.09129798412323,1.4896912574768066,0.6775985956192017
2015-12-23,0.7232226729393005,121.02999877929688,87.50599670410156,1.0950024127960205,1.4823379516601562,0.6809206008911133
2015-12-24,0.7233796119689941,120.93499755859375,87.43000030517578,1.0909169912338257,1.4876967668533325,0.6790710091590881
2015-12-25,0.727219820022583,120.16999816894531,87.46199798583984,1.0969964265823364,1.491424322128296,0.6830601096153259
2015-12-28,0.7282790541648865,120.23100280761719,87.51399993896484,1.0965994596481323,1.4932059049606323,0.6843221783638
2015-12-29,0.7257947325706482,120.3499984741211,87.27999877929688,1.0975261926651,1.4894028902053833,0.6855888962745667
2015-12-30,0.7290754914283752,120.52899932861328,87.8489990234375,1.0928006172180176,1.4822280406951904,0.6864831447601318
2015-12-31,0.7284913063049316,120.44999694824219,87.69000244140625,1.093398094177246,1.481920599937439,0.684415876865387
2016-01-01,0.7271669507026672,120.28800201416016,87.44999694824219,1.0859060287475586,1.4738394021987915,0.6841349005699158
2016-01-04,0.7287036180496216,120.31099700927734,87.65699768066406,1.0853991508483887,1.473708987236023,0.6832934617996216
2016-01-05,0.7185972929000854,119.46700286865234,85.82599639892578,1.0827549695968628,1.4714103937149048,0.67458176612854
2016-01-06,0.7162810564041138,119.10199737548828,85.28500366210938,1.0751993656158447,1.467394471168518,0.6701065301895142
2016-01-07,0.708014726638794,118.61000061035156,83.91999816894531,1.0778998136520386,1.4629936218261719,0.6643193960189819
2016-01-08,0.7018036246299744,117.54000091552734,82.47899627685547,1.0925976037979126,1.4626940488815308,0.6625587940216064
2016-01-11,0.6942998170852661,117.08000183105469,81.2300033569336,1.0941038131713867,1.45249605178833,0.6518904566764832
2016-01-12,0.6987143754959106,117.6500015258789,82.18599700927734,1.0857999324798584,1.454397439956665,0.6556087136268616
2016-01-13,0.6987143754959106,117.83000183105469,82.3010025024414,1.0843987464904785,1.4436262845993042,0.6544930934906006
2016-01-14,0.6935774683952332,117.42500305175781,81.41999816894531,1.0886012315750122,1.4407975673675537,0.6487187743186951
2016-01-15,0.6996921300888062,118.2030029296875,82.66600036621094,1.085894227027893,1.442710041999817,0.6490135192871094
2016-01-18,0.6861063838005066,116.98999786376953,80.20999908447266,1.0920010805130005,1.4274091720581055,0.6443299055099487
2016-01-19,0.6878998875617981,117.38400268554688,80.69999694824219,1.0895025730133057,1.4253135919570923,0.6454527974128723
2016-01-20,0.6917064189910889,117.56500244140625,81.28500366210938,1.09129798412323,1.4182385206222534,0.6402868628501892
2016-01-21,0.6937218308448792,117.13400268554688,81.20899963378906,1.0877013206481934,1.4198495149612427,0.6462870836257935
2016-01-22,0.7016066908836365,117.92400360107422,82.71800231933594,1.0862009525299072,1.4226775169372559,0.6545788049697876
2016-01-25,0.7004027366638184,118.5719985961914,83.01599884033203,1.079901933670044,1.4260046482086182,0.6475006341934204
2016-01-26,0.6939143538475037,118.22799682617188,81.98400115966797,1.0853049755096436,1.4242985248565674,0.6449116468429565
2016-01-27,0.700721800327301,118.37999725341797,82.88999938964844,1.0864958763122559,1.434308648109436,0.6507874727249146
2016-01-28,0.7016066908836365,118.46700286865234,83.08599853515625,1.090798020362854,1.4249074459075928,0.6427148580551147
2016-01-29,0.7086167335510254,118.93000030517578,84.25599670410156,1.0936970710754395,1.4362038373947144,0.6480041146278381
2016-02-01,0.7068636417388916,121.33999633789062,85.72000122070312,1.0825908184051514,1.4246028661727905,0.6469979286193848
2016-02-02,0.711085855960846,120.83999633789062,85.88999938964844,1.0897282361984253,1.4427932500839233,0.6545788049697876
2016-02-03,0.7029876708984375,119.85600280761719,84.23699951171875,1.0922038555145264,1.4409221410751343,0.6520180106163025
2016-02-04,0.7154611349105835,118.12000274658203,84.51499938964844,1.1091023683547974,1.4585764408111572,0.6647168397903442
2016-02-05,0.7199423909187317,116.86599731445312,84.08999633789062,1.119996428489685,1.4581085443496704,0.6729927659034729
2016-02-08,0.7086167335510254,116.94999694824219,82.85600280761719,1.114504098892212,1.4512102603912354,0.6629980802536011
2016-02-09,0.7079144716262817,115.66799926757812,81.84300231933594,1.1189812421798706,1.4436055421829224,0.6619009971618652
2016-02-10,0.7067137956619263,115.19100189208984,81.35600280761719,1.1289994716644287,1.446591854095459,0.6642311811447144
2016-02-11,0.7103786468505859,113.25199890136719,80.42500305175781,1.128095269203186,1.452643871307373,0.6684938669204712
2016-02-12,0.7124029397964478,112.49700164794922,80.11699676513672,1.1317979097366333,1.4482258558273315,0.6715014576911926
2016-02-15,0.7116931080818176,113.66999816894531,80.86900329589844,1.1225990056991577,1.4518002271652222,0.6640105843544006
2016-02-16,0.714796245098114,114.3219985961914,81.6969985961914,1.1174057722091675,1.4459224939346313,0.664893627166748
2016-02-17,0.7119971513748169,114.08000183105469,81.16999816894531,1.1147029399871826,1.4303901195526123,0.6581978797912598
2016-02-18,0.7176175117492676,114.27999877929688,81.98899841308594,1.112297534942627,1.4281632900238037,0.6633939146995544
2016-02-19,0.7150007486343384,113.25,80.94599914550781,1.1110987663269043,1.4333218336105347,0.6644960045814514
2016-02-22,0.7142857313156128,112.48899841308594,80.31999969482422,1.1123965978622437,1.426594614982605,0.6626027226448059
2016-02-23,0.7234842777252197,112.97100067138672,81.66999816894531,1.102803349494934,1.4148073196411133,0.6714112758636475
2016-02-24,0.7195797562599182,111.87999725341797,80.4800033569336,1.1027060747146606,1.4013453722000122,0.6640105843544006
2016-02-25,0.7194762229919434,112.10099792480469,80.61499786376953,1.1013944149017334,1.3929517269134521,0.6664445400238037
2016-02-26,0.7235890030860901,113.11799621582031,81.84200286865234,1.1024993658065796,1.3966480493545532,0.674900472164154
2016-02-29,0.7128092050552368,113.66000366210938,80.97000122070312,1.0923947095870972,1.3861935138702393,0.6591957807540894
2016-03-01,0.7142857313156128,112.43000030517578,80.25,1.0888975858688354,1.3927963972091675,0.6604147553443909
2016-03-02,0.7181844115257263,113.93000030517578,81.79000091552734,1.0875948667526245,1.3963944911956787,0.6640987992286682
2016-03-03,0.7288098335266113,113.46600341796875,82.66899871826172,1.086897373199463,1.408093810081482,0.666400134563446
2016-03-04,0.7357810139656067,113.66999816894531,83.5999984741211,1.094894528388977,1.4174946546554565,0.6724949479103088
2016-03-07,0.7411414980888367,113.8030014038086,84.33000183105469,1.0993964672088623,1.4215044975280762,0.6789788007736206
2016-03-08,0.7458233833312988,113.4520034790039,84.55000305175781,1.1016006469726562,1.4261265993118286,0.6785181164741516
2016-03-09,0.7433839440345764,112.66000366210938,83.70999908447266,1.1004005670547485,1.4208581447601318,0.674490749835968
2016-03-10,0.7471049427986145,113.25299835205078,84.55999755859375,1.0989010334014893,1.42069673538208,0.6644076704978943
2016-03-11,0.7462129592895508,112.86000061035156,84.16999816894531,1.1178430318832397,1.4287755489349365,0.6688963174819946
2016-03-14,0.756315290927887,113.77799987792969,86.01000213623047,1.1167943477630615,1.4380005598068237,0.674081563949585
2016-03-15,0.7521058917045593,113.83000183105469,85.57499694824219,1.1101982593536377,1.4282041788101196,0.6684938669204712
2016-03-16,0.746324360370636,113.1050033569336,84.37999725341797,1.1109012365341187,1.4156285524368286,0.6612444519996643
2016-03-17,0.7547169327735901,112.75199890136719,85.04000091552734,1.1218937635421753,1.4255167245864868,0.674081563949585
2016-03-18,0.7649939060211182,111.3499984741211,85.12000274658203,1.1317979097366333,1.4478065967559814,0.6839009523391724
2016-03-21,0.7597629427909851,111.44499969482422,84.62000274658203,1.1279042959213257,1.4468011856079102,0.6776904463768005
2016-03-22,0.7571741938591003,112.13899993896484,84.88999938964844,1.1235954761505127,1.4370087385177612,0.6766815185546875
2016-03-23,0.7620208859443665,112.25199890136719,85.50900268554688,1.122296690940857,1.4224953651428223,0.674900472164154
2016-03-24,0.7533524632453918,112.4000015258789,84.66200256347656,1.118105411529541,1.411691665649414,0.6721785664558411
2016-03-25,0.7526719570159912,112.83000183105469,84.89900207519531,1.1167943477630615,1.4130080938339233,0.670286238193512
2016-03-28,0.7505817413330078,113.44999694824219,85.08000183105469,1.1159967184066772,1.413107991218567,0.6677796840667725
2016-03-29,0.7556865215301514,113.36399841308594,85.63099670410156,1.1202723979949951,1.4263300895690918,0.674217939376831
2016-03-30,0.7640002965927124,112.68000030517578,86.04000091552734,1.12920343875885,1.438641905784607,0.6869075298309326
2016-03-31,0.7661073803901672,112.36599731445312,86.04000091552734,1.1334655284881592,1.4374011754989624,0.690321683883667
2016-04-01,0.7669888138771057,112.4800033569336,86.2300033569336,1.1379671096801758,1.4366991519927979,0.6920893788337708
2016-04-04,0.7668711543083191,111.72200012207031,85.64900207519531,1.1390039920806885,1.422454833984375,0.6897027492523193
2016-04-05,0.7599939703941345,111.25,84.53399658203125,1.1389002799987793,1.4264928102493286,0.6813845634460449
2016-04-06,0.7546030879020691,110.37799835205078,83.25,1.138200283050537,1.4156285524368286,0.6800407767295837
2016-04-07,0.7612088322639465,109.6989974975586,83.48500061035156,1.1404979228973389,1.4138071537017822,0.6832934617996216
2016-04-08,0.7513712644577026,108.427001953125,81.43900299072266,1.1373976469039917,1.4057974815368652,0.6781960129737854
2016-04-11,0.7564868927001953,108.31099700927734,81.91000366210938,1.1403028964996338,1.4130080938339233,0.6817097067832947
2016-04-12,0.7594744563102722,107.93000030517578,81.94000244140625,1.141291856765747,1.4234064817428589,0.6861063838005066
2016-04-13,0.7685213685035706,108.63999938964844,83.48100280761719,1.138498306274414,1.4268999099731445,0.6923769116401672
2016-04-14,0.7662248611450195,109.41999816894531,83.80999755859375,1.1279042959213257,1.4192047119140625,0.6915150880813599
2016-04-15,0.7695859670639038,109.31600189208984,84.0979995727539,1.1270017623901367,1.4146071672439575,0.6864831447601318
2016-04-18,0.7640002965927124,108.01699829101562,82.49700164794922,1.1299946308135986,1.4174344539642334,0.6882786154747009
2016-04-19,0.7771215438842773,109.072998046875,84.74800109863281,1.1309019327163696,1.4289796352386475,0.6984215378761292
2016-04-20,0.7796663045883179,109.23999786376953,85.1719970703125,1.1359634399414062,1.4389524459838867,0.703234851360321
2016-04-21,0.7802137732505798,109.83799743652344,85.68499755859375,1.1305055618286133,1.4338973760604858,0.6976906061172485
2016-04-22,0.7742934823036194,109.43699645996094,84.72599792480469,1.12920343875885,1.432295322418213,0.6907030940055847
2016-04-25,0.7710813879966736,111.43599700927734,85.89600372314453,1.123406171798706,1.4446691274642944,0.6867188811302185
2016-04-26,0.7717240452766418,111.13600158691406,85.74400329589844,1.1269001960754395,1.4490653276443481,0.6875215172767639
2016-04-27,0.7747734189033508,111.2300033569336,86.16200256347656,1.1299052238464355,1.457726001739502,0.6893223524093628
2016-04-28,0.7603984475135803,111.5199966430664,84.76000213623047,1.132900595664978,1.4542070627212524,0.6926167011260986
2016-04-29,0.7634170055389404,108.07599639892578,82.43000030517578,1.135589361190796,1.4611338376998901,0.6963788270950317
2016-05-02,0.7617306113243103,106.4530029296875,81.04100036621094,1.146302580833435,1.4602802991867065,0.7002801299095154
2016-05-03,0.7663775086402893,106.39600372314453,81.49800109863281,1.1524986028671265,1.4665981531143188,0.7034822702407837
2016-05-04,0.7499625086784363,106.68000030517578,79.9729995727539,1.1504037380218506,1.4550957679748535,0.6931928396224976
2016-05-05,0.7467144727706909,106.91999816894531,79.81199645996094,1.1493064165115356,1.4507049322128296,0.6889424324035645
2016-05-06,0.7476076483726501,107.2750015258789,80.16000366210938,1.1406019926071167,1.4492753744125366,0.6893223524093628
2016-05-09,0.737626314163208,107.36000061035156,79.13999938964844,1.1387965679168701,1.443084716796875,0.6841817498207092
2016-05-10,0.731689453125,108.33100128173828,79.2490005493164,1.1387965679168701,1.4415452480316162,0.6771856546401978
2016-05-11,0.7373000383377075,109.19400024414062,80.4739990234375,1.1374363899230957,1.4451494216918945,0.6800870895385742
2016-05-12,0.7357810139656067,108.41500091552734,79.75599670410156,1.142700433731079,1.4438347816467285,0.6819886565208435
2016-05-13,0.7317965626716614,109.0999984741211,79.80000305175781,1.1376951932907104,1.4445230960845947,0.6819886565208435
2016-05-16,0.7274843454360962,108.66100311279297,79.02899932861328,1.1316953897476196,1.4349260330200195,0.6768189668655396
2016-05-17,0.7288098335266113,109.08000183105469,79.47899627685547,1.1316057443618774,1.4446901082992554,0.678380012512207
2016-05-18,0.731368362903595,108.94999694824219,79.62999725341797,1.1316057443618774,1.4455254077911377,0.6797172427177429
2016-05-19,0.7226999998092651,110.13999938964844,79.5790023803711,1.122296690940857,1.4596196413040161,0.6761782765388489
2016-05-20,0.7232226729393005,109.88099670410156,79.4530029296875,1.1205987930297852,1.4601097106933594,0.6761782765388489
2016-05-23,0.7228044867515564,110.05000305175781,79.51499938964844,1.1221708059310913,1.4490653276443481,0.6765899658203125
2016-05-24,0.7223867774009705,109.3740005493164,78.97599792480469,1.121604323387146,1.4481840133666992,0.6753562688827515
2016-05-25,0.719062328338623,110.16999816894531,79.18000030517578,1.113796591758728,1.4612619876861572,0.6753106117248535
2016-05-26,0.7186489701271057,110.11100006103516,79.12200164794922,1.1158970594406128,1.4698317050933838,0.6709157824516296
2016-05-27,0.7225955128669739,109.71299743652344,79.24700164794922,1.1192066669464111,1.466490626335144,0.6753106117248535
2016-05-30,0.7184939980506897,110.7699966430664,79.5199966430664,1.1110000610351562,1.4626511335372925,0.6693888902664185
2016-05-31,0.7195797562599182,110.84100341796875,79.70999908447266,1.1148396730422974,1.4635074138641357,0.6710057854652405
2016-06-01,0.7236937284469604,110.66999816894531,80.02999877929688,1.113598108291626,1.4482468366622925,0.6785181164741516
2016-06-02,0.7250054478645325,109.47699737548828,79.35399627685547,1.1189061403274536,1.4419403076171875,0.6820816993713379
2016-06-03,0.7231180667877197,108.86000061035156,78.66000366210938,1.115200161933899,1.4405485391616821,0.6818026900291443
2016-06-06,0.7346999049186707,106.72100067138672,78.37699890136719,1.1350995302200317,1.4383935928344727,0.6939143538475037
2016-06-07,0.7373543977737427,107.43800354003906,79.21700286865234,1.1364023685455322,1.4459224939346313,0.6913716793060303
2016-06-08,0.7446016073226929,107.25399780273438,79.81999969482422,1.1357828378677368,1.454355001449585,0.695313572883606
2016-06-09,0.7496814131736755,106.77999877929688,79.98999786376953,1.140706181526184,1.4518423080444336,0.7129108309745789
2016-06-10,0.7416747212409973,107.08999633789062,79.38899993896484,1.1315033435821533,1.4463825225830078,0.7117944359779358
2016-06-13,0.7374087572097778,106.50399780273438,78.50499725341797,1.1239995956420898,1.4188824892044067,0.7051191329956055
2016-06-14,0.7381163239479065,106.22599792480469,78.40399932861328,1.1291015148162842,1.4206764698028564,0.7044237852096558
2016-06-15,0.7356186509132385,106.08699798583984,77.99500274658203,1.1213024854660034,1.4123696088790894,0.6987143754959106
2016-06-16,0.7416197061538696,105.8499984741211,78.44000244140625,1.1262656450271606,1.41958749294281,0.7079144716262817
2016-06-17,0.7387160658836365,104.74299621582031,77.34300231933594,1.1252011060714722,1.4295722246170044,0.7062645554542542
2016-06-20,0.7431076765060425,104.64800262451172,77.74099731445312,1.13490629196167,1.4585976600646973,0.7089182138442993
2016-06-21,0.7461016178131104,103.8239974975586,77.43499755859375,1.1322976350784302,1.467502236366272,0.7116931080818176
2016-06-22,0.7453786730766296,104.66999816894531,77.98699951171875,1.1250618696212769,1.4670286178588867,0.7132158875465393
2016-06-23,0.7514277100563049,104.6500015258789,78.58999633789062,1.1328235864639282,1.4789398908615112,0.7161784768104553
2016-06-24,0.7535226941108704,104.89600372314453,78.98699951171875,1.1324002742767334,1.4557948112487793,0.7199942469596863
2016-06-27,0.7431076765060425,102.12699890136719,75.83999633789062,1.103594422340393,1.3450984954833984,0.7094210982322693
2016-06-28,0.7357268929481506,101.81199645996094,74.88899993896484,1.1015034914016724,1.323504090309143,0.7016066908836365
2016-06-29,0.7405213713645935,102.70099639892578,76.01300048828125,1.1073951721191406,1.3350956439971924,0.7078142762184143
2016-06-30,0.7469933032989502,102.77799987792969,76.75499725341797,1.1128050088882446,1.3465837240219116,0.7124029397964478
2016-07-01,0.7448789477348328,103.072998046875,76.75800323486328,1.1106051206588745,1.3328713178634644,0.7136231064796448
2016-07-04,0.7463800311088562,102.48799896240234,76.44999694824219,1.1131023168563843,1.3289920091629028,0.7176175117492676
2016-07-05,0.7530120611190796,102.51799774169922,77.16699981689453,1.1146035194396973,1.3279860019683838,0.7213966250419617
2016-07-06,0.7443799376487732,101.14099884033203,75.26100158691406,1.1065007448196411,1.2957899570465088,0.7132158875465393
2016-07-07,0.7518796920776367,101.1500015258789,76.02899932861328,1.1099025011062622,1.292590856552124,0.7134194374084473
2016-07-08,0.7494004368782043,100.79000091552734,75.51599884033203,1.1065741777420044,1.2915725708007812,0.7234842777252197
2016-07-11,0.7559149861335754,100.69200134277344,76.06999969482422,1.1043988466262817,1.2946157455444336,0.7298737168312073
2016-07-12,0.7538067698478699,102.52400207519531,77.26499938964844,1.1058032512664795,1.2981113195419312,0.7230135202407837
2016-07-13,0.7605719566345215,104.75599670410156,79.65299987792969,1.1062926054000854,1.3278273344039917,0.729341447353363
2016-07-14,0.7596474885940552,104.07599639892578,79.05000305175781,1.1094961166381836,1.3119744062423706,0.7262164354324341
2016-07-15,0.7614986300468445,105.19100189208984,80.06300354003906,1.1106051206588745,1.3357912302017212,0.7162810564041138
2016-07-18,0.759013295173645,105.45899963378906,80.02200317382812,1.1053143739700317,1.3229613304138184,0.7074637413024902
2016-07-19,0.7575184106826782,106.14600372314453,80.38300323486328,1.1071866750717163,1.3268934488296509,0.7038784027099609
2016-07-20,0.750750720500946,106.13700103759766,79.67900085449219,1.1013579368591309,1.310839295387268,0.7047712802886963
2016-07-21,0.747160792350769,107.2040023803711,80.07099914550781,1.1019526720046997,1.326453447341919,0.6966699361801147
2016-07-22,0.7506943941116333,105.81099700927734,79.41400146484375,1.1032899618148804,1.3246086835861206,0.7007708549499512
2016-07-25,0.7476076483726501,106.32599639892578,79.46099853515625,1.097044587135315,1.3129734992980957,0.7010656595230103
2016-07-26,0.7476076483726501,105.5780029296875,78.91899871826172,1.0991184711456299,1.3107877969741821,0.6998390555381775
2016-07-27,0.7516536712646484,104.8489990234375,78.78199768066406,1.0987803936004639,1.3152875900268555,0.706763744354248
2016-07-28,0.7517440319061279,104.95099639892578,78.88099670410156,1.1073460578918457,1.323784351348877,0.7094714641571045
2016-07-29,0.751258373260498,104.74500274658203,78.66600036621094,1.108438491821289,1.316187858581543,0.709069013595581
2016-08-01,0.7587829232215881,102.33200073242188,77.63999938964844,1.1168068647384644,1.3216325044631958,0.7190106511116028
2016-08-02,0.7528419494628906,102.35900115966797,77.04199981689453,1.1168068647384644,1.3185480833053589,0.7173600792884827
2016-08-03,0.7599939703941345,101.06800079345703,76.78399658203125,1.1219062805175781,1.333777904510498,0.7209805250167847
2016-08-04,0.759013295173645,101.33699798583984,76.89099884033203,1.1151504516601562,1.332800269126892,0.7156659364700317
2016-08-05,0.7640002965927124,101.1989974975586,77.29199981689453,1.1134741306304932,1.3129217624664307,0.7180812358856201
2016-08-08,0.7611798048019409,102.1449966430664,77.73699951171875,1.1089547872543335,1.3085750341415405,0.711895763874054
2016-08-09,0.7660487294197083,102.28800201416016,78.34500122070312,1.1083648204803467,1.3032373189926147,0.7146430611610413
2016-08-10,0.7664597034454346,101.91500091552734,78.09500122070312,1.111580491065979,1.3007115125656128,0.7164350152015686
2016-08-11,0.77154541015625,101.13300323486328,77.99500274658203,1.1186434030532837,1.3020155429840088,0.7289692759513855
2016-08-12,0.7695859670639038,101.80799865722656,78.32499694824219,1.113908290863037,1.2954877614974976,0.721188485622406
2016-08-15,0.7656381726264954,101.28299713134766,77.53199768066406,1.1166945695877075,1.290988802909851,0.7192692160606384
2016-08-16,0.7676364183425903,101.23999786376953,77.6989974975586,1.1184055805206299,1.2883111238479614,0.7216569185256958
2016-08-17,0.7700778245925903,100.19999694824219,77.13200378417969,1.1275991201400757,1.303373098373413,0.7289161086082458
2016-08-18,0.766400933265686,99.90599822998047,76.552001953125,1.1298924684524536,1.3044612407684326,0.7269026637077332
2016-08-19,0.7678722143173218,100.11199951171875,76.83999633789062,1.1349449157714844,1.3166556358337402,0.7283321022987366
2016-08-22,0.7608034610748291,100.55400085449219,76.47899627685547,1.1298158168792725,1.3056023120880127,0.7249528765678406
2016-08-23,0.7630093097686768,100.2509994506836,76.48200225830078,1.1319260597229004,1.3137152194976807,0.7284913063049316
2016-08-24,0.7613826394081116,100.31099700927734,76.36499786376953,1.1300839185714722,1.3196094036102295,0.7276431918144226
2016-08-25,0.7610350251197815,100.552001953125,76.51499938964844,1.1263798475265503,1.3234516382217407,0.7317965626716614
2016-08-26,0.7624857425689697,100.55500030517578,76.63999938964844,1.1290504932403564,1.3194352388381958,0.7302467823028564
2016-08-29,0.7544322609901428,101.91999816894531,76.875,1.1199462413787842,1.3128528594970703,0.7225955128669739
2016-08-30,0.7577479481697083,101.80899810791016,77.14800262451172,1.1192818880081177,1.3107877969741821,0.7261109352111816
2016-08-31,0.7524454593658447,102.86799621582031,77.39700317382812,1.1153244972229004,1.3090718984603882,0.7241129279136658
2016-09-01,0.7519927620887756,103.302001953125,77.66999816894531,1.116071343421936,1.3133701086044312,0.7245851755142212
2016-09-02,0.7552869915962219,103.25800323486328,77.95899963378906,1.1200717687606812,1.327492356300354,0.7293945550918579
2016-09-05,0.7564868927001953,103.93399810791016,78.61299896240234,1.1161960363388062,1.3294336795806885,0.7296074628829956
2016-09-06,0.7593014240264893,103.51000213623047,78.58000183105469,1.1153244972229004,1.3313806056976318,0.7311010360717773
2016-09-07,0.7688168287277222,101.5250015258789,78.0270004272461,1.1253657341003418,1.3421016931533813,0.742225170135498
2016-09-08,0.7669299840927124,101.8290023803711,78.0790023803711,1.1241008043289185,1.333866834640503,0.745156466960907
2016-09-09,0.7650523781776428,102.30599975585938,78.26000213623047,1.1271415948867798,1.331026315689087,0.7405762076377869
2016-09-12,0.7544892430305481,102.43800354003906,77.28399658203125,1.1241133213043213,1.327316164970398,0.7336218357086182
2016-09-13,0.7567158937454224,101.7509994506836,76.9800033569336,1.1243535280227661,1.333866834640503,0.7363770008087158
2016-09-14,0.7469375729560852,102.50399780273438,76.5530014038086,1.12186861038208,1.3194352388381958,0.7251105904579163
2016-09-15,0.7482229471206665,102.5479965209961,76.71399688720703,1.1247328519821167,1.326435923576355,0.727219820022583
2016-09-16,0.7513148188591003,102.00800323486328,76.61100006103516,1.124593734741211,1.3247665166854858,0.7322788834571838
2016-09-19,0.7501875758171082,102.30699920654297,76.73300170898438,1.1158473491668701,1.3016257286071777,0.7274843454360962
2016-09-20,0.7537499070167542,101.84600067138672,76.7490005493164,1.118067979812622,1.3044612407684326,0.7304602265357971
2016-09-21,0.7558007836341858,101.5469970703125,76.72799682617188,1.1153992414474487,1.2985326051712036,0.7322788834571838
2016-09-22,0.763242244720459,100.39299774169922,76.61699676513672,1.1193194389343262,1.3036110401153564,0.7345919609069824
2016-09-23,0.7649353742599487,100.83100128173828,77.10600280761719,1.1210134029388428,1.3087291717529297,0.731368362903595
2016-09-26,0.7616146206855774,100.88899993896484,76.81900024414062,1.123923897743225,1.297858476638794,0.7235366702079773
2016-09-27,0.763382077217102,100.35900115966797,76.58100128173828,1.124985933303833,1.2969495058059692,0.7276431918144226
2016-09-28,0.7669888138771057,100.46800231933594,77.052001953125,1.121956706047058,1.3012362718582153,0.7296607494354248
2016-09-29,0.7694082856178284,100.93499755859375,77.63400268554688,1.1224982738494873,1.3039510250091553,0.7285974621772766
2016-09-30,0.7628347277641296,101.1989974975586,77.17400360107422,1.121956706047058,1.2963443994522095,0.7245851755142212
2016-10-03,0.7644091248512268,101.56300354003906,77.62000274658203,1.1234692335128784,1.2931592464447021,0.7265858054161072
2016-10-04,0.7686395049095154,101.81700134277344,78.24299621582031,1.121038556098938,1.2848516702651978,0.7297139763832092
2016-10-05,0.7610929608345032,102.87999725341797,78.28399658203125,1.121076226234436,1.273236632347107,0.7188039422035217
2016-10-06,0.7623694539070129,103.45999908447266,78.83999633789062,1.120824933052063,1.2755101919174194,0.7172572016716003
2016-10-07,0.7578054070472717,103.76499938964844,78.60900115966797,1.1144545078277588,1.2402331829071045,0.716383695602417
2016-10-10,0.7599939703941345,103.01799774169922,78.27999877929688,1.1196954250335693,1.2434717416763306,0.7172057628631592
2016-10-11,0.7599939703941345,103.6969985961914,78.81199645996094,1.1140819787979126,1.2341108322143555,0.7128599882125854
2016-10-12,0.7562580704689026,103.34200286865234,78.1449966430664,1.1061947345733643,1.2278977632522583,0.708365797996521
2016-10-13,0.7558007836341858,104.30400085449219,78.80699920654297,1.1011881828308105,1.2187690734863281,0.704820990562439
2016-10-14,0.7563723921775818,103.72200012207031,78.4469985961914,1.1049723625183105,1.222195029258728,0.708666980266571
2016-10-17,0.7596474885940552,104.03900146484375,79.01399993896484,1.0967799425125122,1.2183235883712769,0.7090187072753906
2016-10-18,0.7640587091445923,103.85099792480469,79.33300018310547,1.1015641689300537,1.2218962907791138,0.7174115777015686
2016-10-19,0.7674597501754761,103.86499786376953,79.7030029296875,1.0976948738098145,1.230466365814209,0.72061687707901
2016-10-20,0.7726184129714966,103.39099884033203,79.86000061035156,1.0975141525268555,1.2289540767669678,0.7232226729393005
2016-10-21,0.7633005380630493,104.10900115966797,79.45899963378906,1.0930395126342773,1.2256402969360352,0.7191140651702881
2016-10-24,0.7602249979972839,103.91699981689453,78.98100280761719,1.0882576704025269,1.2219113111495972,0.7156659364700317
2016-10-25,0.7594167590141296,104.32099914550781,79.18000030517578,1.0875475406646729,1.2217471599578857,0.7130124568939209
2016-10-26,0.7650523781776428,104.15399932861328,79.6709976196289,1.0887316465377808,1.217581868171692,0.7168973088264465
2016-10-27,0.7649939060211182,104.56300354003906,79.9729995727539,1.091202735900879,1.2235409021377563,0.7154099345207214
2016-10-28,0.759013295173645,105.20899963378906,79.84300231933594,1.0900371074676514,1.2171372175216675,0.7126567959785461
2016-10-31,0.7598206996917725,104.56500244140625,79.43499755859375,1.0984665155410767,1.2215979099273682,0.716589093208313
2016-11-01,0.7607455253601074,104.81999969482422,79.7229995727539,1.0973334312438965,1.2236906290054321,0.7158196568489075
2016-11-02,0.7645260095596313,104.09200286865234,79.56500244140625,1.1057054996490479,1.2238553762435913,0.7207207083702087
2016-11-03,0.7653451561927795,103.37799835205078,79.10299682617188,1.1097548007965088,1.230466365814209,0.7283851504325867
2016-11-04,0.768580436706543,103.052001953125,79.18000030517578,1.1102476119995117,1.2468827962875366,0.733245313167572
2016-11-07,0.7678722143173218,104.19499969482422,79.98300170898438,1.1101243495941162,1.248907208442688,0.7320643663406372
2016-11-08,0.7720219492912292,104.43800354003906,80.5989990234375,1.1052166223526,1.2399256229400635,0.7338911294937134
2016-11-09,0.7745933532714844,105.02999877929688,81.33799743652344,1.1019041538238525,1.2388503551483154,0.737136960029602
2016-11-10,0.7649353742599487,105.85299682617188,80.947998046875,1.0920606851577759,1.242081642150879,0.7289692759513855
2016-11-11,0.760861337184906,106.85600280761719,81.3239974975586,1.0889687538146973,1.2553352117538452,0.7218131422996521
2016-11-14,0.754944920539856,106.87100219726562,80.66300201416016,1.0824854373931885,1.2573871612548828,0.7109847068786621
2016-11-15,0.7571169137954712,108.2020034790039,81.86399841308594,1.0750375986099243,1.2520345449447632,0.7132158875465393
2016-11-16,0.7553440928459167,109.03800201416016,82.35199737548828,1.0727311372756958,1.2456402778625488,0.7095217704772949
2016-11-17,0.7494566440582275,108.78500366210938,81.51300048828125,1.0706638097763062,1.2442454099655151,0.709723174571991
2016-11-18,0.7398091554641724,110.25599670410156,81.54000091552734,1.062304139137268,1.2410026788711548,0.7020993232727051
2016-11-21,0.7323324680328369,110.9729995727539,81.24299621582031,1.0584250688552856,1.2324377298355103,0.6997900605201721
2016-11-22,0.7376807332038879,110.6500015258789,81.61699676513672,1.0638864040374756,1.2493752241134644,0.707764208316803
2016-11-23,0.7410151958465576,111.00599670410156,82.22699737548828,1.0633772611618042,1.2423903942108154,0.7069135904312134
2016-11-24,0.7374631762504578,112.58200073242188,83.00499725341797,1.0545185804367065,1.2433171272277832,0.6997900605201721
2016-11-25,0.7416747212409973,113.29199981689453,84.01599884033203,1.0561892986297607,1.2452834844589233,0.7009181976318359
2016-11-28,0.7445462346076965,112.6520004272461,83.85600280761719,1.0612331628799438,1.248127818107605,0.7049700617790222
2016-11-29,0.7494566440582275,111.69000244140625,83.7020034790039,1.062134861946106,1.2411566972732544,0.7085163593292236
2016-11-30,0.7484470009803772,112.47000122070312,84.16000366210938,1.0648492574691772,1.249219298362732,0.7134703397750854
2016-12-01,0.7388798594474792,114.69400024414062,84.72799682617188,1.0592098236083984,1.2517211437225342,0.707764208316803
2016-12-02,0.7421150207519531,113.90899658203125,84.52899932861328,1.0663141012191772,1.2589701414108276,0.7098239660263062
2016-12-05,0.7443799376487732,113.50499725341797,84.4800033569336,1.0582010746002197,1.266784906387329,0.7102777361869812
2016-12-06,0.747439980506897,113.86299896240234,85.0719985961914,1.0757315158843994,1.2728476524353027,0.7143367528915405
2016-12-07,0.7472166419029236,114.052001953125,85.20899963378906,1.0720411539077759,1.2671059370040894,0.7127075791358948
2016-12-08,0.748615026473999,113.71299743652344,85.12799835205078,1.0761945247650146,1.262785792350769,0.7182360291481018
2016-12-09,0.7459513545036316,114.07499694824219,85.06600189208984,1.062134861946106,1.2584948539733887,0.7180297374725342
2016-12-12,0.7448234558105469,115.41200256347656,85.9530029296875,1.0547411441802979,1.2597631216049194,0.7129108309745789
2016-12-13,0.7497376203536987,115.00199890136719,86.21199798583984,1.0641694068908691,1.2675877809524536,0.7199942469596863
2016-12-14,0.7494566440582275,115.2239990234375,86.34200286865234,1.062925100326538,1.2663036584854126,0.7204091548919678
2016-12-15,0.7410700917243958,117.21099853515625,86.84400177001953,1.051414132118225,1.253824234008789,0.7117944359779358
2016-12-16,0.7368110418319702,118.24099731445312,87.10900115966797,1.0418837070465088,1.2423903942108154,0.7049203515052795
2016-12-19,0.7291286587715149,117.79100036621094,85.87799835205078,1.0449975728988647,1.248907208442688,0.6963788270950317
2016-12-20,0.7251105904579163,117.03700256347656,84.85399627685547,1.0405826568603516,1.2390038967132568,0.6929046511650085
2016-12-21,0.7269555330276489,117.875,85.6520004272461,1.039047360420227,1.2365524768829346,0.6930007338523865
2016-12-22,0.7235366702079773,117.60399627685547,85.0790023803711,1.0428615808486938,1.2354830503463745,0.6904169917106628
2016-12-23,0.7221781015396118,117.54199981689453,84.86100006103516,1.0437650680541992,1.2285012006759644,0.6906077861785889
2016-12-26,0.7179266214370728,117.30999755859375,84.2020034790039,1.045478343963623,1.2289540767669678,0.6885629892349243
2016-12-27,0.7180812358856201,117.19200134277344,84.12000274658203,1.0456969738006592,1.227596402168274,0.6883260011672974
2016-12-28,0.7191140651702881,117.4800033569336,84.46099853515625,1.046233057975769,1.227596402168274,0.6897027492523193
2016-12-29,0.7184939980506897,117.08699798583984,84.10700225830078,1.0416991710662842,1.2224938869476318,0.6927126049995422
2016-12-30,0.7234842777252197,116.26699829101562,84.09600067138672,1.0575296878814697,1.2288031578063965,0.6972042322158813
2017-01-02,0.7209805250167847,116.79499816894531,84.08100128173828,1.052698016166687,1.234903335571289,0.6934331655502319
2017-01-03,0.7196833491325378,117.49500274658203,84.51200103759766,1.0460032224655151,1.2281994819641113,0.6931928396224976
2017-01-04,0.7229925990104675,117.65899658203125,85.04000091552734,1.0419923067092896,1.2245597839355469,0.6923769116401672
2017-01-05,0.7287036180496216,117.11299896240234,85.30999755859375,1.0500892400741577,1.2326807975769043,0.6963303089141846
2017-01-06,0.7338372468948364,115.26499938964844,84.57499694824219,1.0605915784835815,1.2425447702407837,0.7021485567092896
2017-01-09,0.7312079668045044,117.1500015258789,85.62699890136719,1.0531858205795288,1.2260912656784058,0.6967670321464539
2017-01-10,0.7359976172447205,115.98500061035156,85.3270034790039,1.0588620901107788,1.2173447608947754,0.7018036246299744
2017-01-11,0.7361602187156677,115.87200164794922,85.28099822998047,1.0552419424057007,1.2174336910247803,0.6984215378761292
2017-01-12,0.7447125315666199,115.0979995727539,85.697998046875,1.0597710609436035,1.2214486598968506,0.7067137956619263
2017-01-13,0.7488393187522888,114.66400146484375,85.84700012207031,1.0616837739944458,1.2165449857711792,0.711186945438385
2017-01-16,0.7497938275337219,114.22699737548828,85.63999938964844,1.0628687143325806,1.2039345502853394,0.7131599187850952
2017-01-17,0.7473283410072327,114.1520004272461,85.29399871826172,1.0602991580963135,1.2040214538574219,0.7100709080696106
2017-01-18,0.7550702691078186,112.87799835205078,85.2249984741211,1.0696789026260376,1.2388043403625488,0.7202794551849365
2017-01-19,0.7509198784828186,114.76200103759766,86.15599822998047,1.062778353691101,1.225970983505249,0.7128193378448486
2017-01-20,0.7566586136817932,114.9800033569336,86.96900177001953,1.0659730434417725,1.2338367700576782,0.7193416953086853
2017-01-23,0.7573462724685669,113.80999755859375,86.17900085449219,1.0713750123977661,1.2386969327926636,0.7189692854881287
2017-01-24,0.7582650780677795,112.77999877929688,85.50199890136719,1.0760787725448608,1.2517211437225342,0.7236099243164062
2017-01-25,0.7592437863349915,113.83999633789062,86.41799926757812,1.0728693008422852,1.2533055543899536,0.7256894111633301
2017-01-26,0.7574036121368408,113.29299926757812,85.79000091552734,1.0751993656158447,1.2634079456329346,0.7300815582275391
2017-01-27,0.7533524632453918,114.45500183105469,86.21099853515625,1.068296194076538,1.2595410346984863,0.7245011925697327
2017-01-30,0.7553611993789673,114.66799926757812,86.6050033569336,1.0713980197906494,1.2591921091079712,0.7272674441337585
2017-01-31,0.7565441131591797,113.6500015258789,85.9739990234375,1.0708587169647217,1.25,0.7295223474502563
2017-02-01,0.7580351233482361,112.74299621582031,85.43599700927734,1.0803803205490112,1.2589701414108276,0.7294318675994873
2017-02-02,0.7583800554275513,113.31099700927734,85.89600372314453,1.0767391920089722,1.2661433219909668,0.7254314422607422
2017-02-03,0.7654623985290527,112.78900146484375,86.33300018310547,1.0761713981628418,1.2520031929016113,0.7285602688789368
2017-02-06,0.7676010727882385,112.63899993896484,86.4530029296875,1.0782949924468994,1.2484238147735596,0.7314700484275818
2017-02-07,0.764584481716156,111.8270034790039,85.49199676513672,1.0743216276168823,1.2468360662460327,0.7317376136779785
2017-02-08,0.7622532248497009,112.38700103759766,85.64600372314453,1.0678056478500366,1.2496250867843628,0.7297991514205933
2017-02-09,0.7631723284721375,111.9520034790039,85.43199920654297,1.0692213773727417,1.252803087234497,0.723552405834198
2017-02-10,0.7625904083251953,113.43399810791016,86.49600219726562,1.0658594369888306,1.2498124837875366,0.7195383310317993
2017-02-13,0.7670122981071472,113.91400146484375,87.36799621582031,1.061954379081726,1.2484550476074219,0.7194244861602783
2017-02-14,0.7642396688461304,113.70500183105469,86.88999938964844,1.059849739074707,1.2523010969161987,0.7180503606796265
2017-02-15,0.7669299840927124,114.3010025024414,87.6449966430664,1.0578316450119019,1.2470382452011108,0.717288076877594
2017-02-16,0.7721471190452576,114.11199951171875,88.10299682617188,1.0607378482818604,1.2469760179519653,0.7222719788551331
2017-02-17,0.7698229551315308,113.30500030517578,87.2229995727539,1.0672245025634766,1.2489228248596191,0.721547544002533
2017-02-20,0.7668006420135498,112.91100311279297,86.5719985961914,1.062665343284607,1.2433944940567017,0.7181895971298218
2017-02-21,0.7688758969306946,113.27999877929688,87.08200073242188,1.0609403848648071,1.2473337650299072,0.7176175117492676
2017-02-22,0.7676364183425903,113.66899871826172,87.24800109863281,1.0542073249816895,1.248704433441162,0.7164401412010193
2017-02-23,0.7697044014930725,113.41699981689453,87.27799987792969,1.0554089546203613,1.2453765869140625,0.7181792259216309
2017-02-24,0.7713074088096619,112.68199920654297,86.9020004272461,1.0584474802017212,1.255618929862976,0.7230396866798401
2017-02-27,0.767047643661499,112.18800354003906,86.0469970703125,1.055275321006775,1.2399563789367676,0.7192174792289734
2017-02-28,0.7676364183425903,112.74500274658203,86.52999877929688,1.0584250688552856,1.2439358234405518,0.7185301780700684
2017-03-01,0.7642280459403992,113.0770034790039,86.40799713134766,1.0569148063659668,1.2378076314926147,0.717221200466156
2017-03-02,0.7657554149627686,114.12100219726562,87.38400268554688,1.0535852909088135,1.227219820022583,0.7114703059196472
2017-03-03,0.7572315335273743,114.34200286865234,86.56900024414062,1.0509721040725708,1.227475881576538,0.706239640712738
2017-03-06,0.7594744563102722,113.84700012207031,86.45899963378906,1.062044620513916,1.23001229763031,0.703759491443634
2017-03-07,0.7589211463928223,113.91699981689453,86.44999694824219,1.0579211711883545,1.224289894104004,0.6994082927703857
2017-03-08,0.7594974637031555,113.9260025024414,86.5199966430664,1.0570154190063477,1.2204499244689941,0.6963981986045837
2017-03-09,0.7528986930847168,114.41100311279297,86.0999984741211,1.0547411441802979,1.217730164527893,0.6916777491569519
2017-03-10,0.750750720500946,115.14900207519531,86.43900299072266,1.0578428506851196,1.2157316207885742,0.6896598935127258
2017-03-13,0.7543753385543823,114.73200225830078,86.54000091552734,1.0690041780471802,1.2171372175216675,0.6923577785491943
2017-03-14,0.7566586136817932,114.91500091552734,86.94000244140625,1.0651443004608154,1.220598816871643,0.691811740398407
2017-03-15,0.7565498352050781,114.65899658203125,86.73799896240234,1.0612443685531616,1.2157464027404785,0.6929382681846619
2017-03-16,0.7705941200256348,113.4020004272461,87.38099670410156,1.0737909078598022,1.2284257411956787,0.7027407288551331
2017-03-17,0.7669888138771057,113.33999633789062,86.89700317382812,1.077470064163208,1.2351168394088745,0.698319137096405
2017-03-20,0.7704753875732422,112.67400360107422,86.83899688720703,1.0742985010147095,1.2384514808654785,0.7028592228889465
2017-03-21,0.7730364799499512,112.572998046875,86.9800033569336,1.073767900466919,1.2367054224014282,0.7049203515052795
2017-03-22,0.7674126029014587,111.53199768066406,85.58399963378906,1.081244707107544,1.2482056617736816,0.7041410803794861
2017-03-23,0.7669417858123779,111.36900329589844,85.38999938964844,1.0790164470672607,1.2475050687789917,0.7040418982505798
2017-03-24,0.7634170055389404,111.00399780273438,84.7300033569336,1.0783880949020386,1.251877784729004,0.702928364276886
2017-03-27,0.7633005380630493,110.552001953125,84.37699890136719,1.0849517583847046,1.2514548301696777,0.7045577764511108
2017-03-28,0.7628929018974304,110.77100372314453,84.50399780273438,1.0860947370529175,1.2557923793792725,0.7047911882400513
2017-03-29,0.7652397751808167,111.22599792480469,85.10700225830078,1.0817711353302002,1.2421433925628662,0.7008199691772461
2017-03-30,0.767047643661499,111.15399932861328,85.2229995727539,1.0759629011154175,1.2440440654754639,0.7033783197402954
2017-03-31,0.7655209302902222,111.7760009765625,85.54000091552734,1.0687072277069092,1.2478474378585815,0.7003585696220398
2017-04-03,0.7629918456077576,111.26499938964844,84.87899780273438,1.0668829679489136,1.2540757656097412,0.7004910707473755
2017-04-04,0.7605140805244446,110.70899963378906,84.18399810791016,1.067008137702942,1.249219298362732,0.7017495036125183
2017-04-05,0.756887674331665,110.85399627685547,83.89299774169922,1.0680338144302368,1.2439976930618286,0.6976419687271118
2017-04-06,0.7567788362503052,110.38099670410156,83.52899932861328,1.0672472715377808,1.248907208442688,0.6977198123931885
2017-04-07,0.7541478276252747,110.89700317382812,83.62699890136719,1.0644639730453491,1.246867299079895,0.6973792314529419
2017-04-10,0.7507225871086121,111.2249984741211,83.49099731445312,1.0582010746002197,1.2375165224075317,0.6941697001457214
2017-04-11,0.7506943941116333,110.71700286865234,83.09200286865234,1.0597598552703857,1.2425447702407837,0.6964515447616577
2017-04-12,0.7503620386123657,109.58699798583984,82.21700286865234,1.0611318349838257,1.2492347955703735,0.6958893537521362
2017-04-13,0.7539090514183044,108.9020004272461,82.08999633789062,1.0670650005340576,1.2549885511398315,0.6993593573570251
2017-04-14,0.7566013336181641,109.10099792480469,82.52300262451172,1.0616387128829956,1.250781774520874,0.6995795369148254
2017-04-17,0.7580926418304443,108.322998046875,82.11499786376953,1.0610530376434326,1.253509759902954,0.7014787197113037
2017-04-18,0.7591862082481384,109.11199951171875,82.83499908447266,1.0644525289535522,1.2557765245437622,0.7012278437614441
2017-04-19,0.7559149861335754,108.53500366210938,82.03500366210938,1.0728693008422852,1.2844555377960205,0.7046024799346924
2017-04-20,0.7496252059936523,108.83399963378906,81.57099914550781,1.0715012550354004,1.2782330513000488,0.7038981914520264
2017-04-21,0.751908004283905,109.375,82.23300170898438,1.0714898109436035,1.2801966667175293,0.6990220546722412
2017-04-24,0.7555723190307617,109.97799682617188,83.09400177001953,1.087393879890442,1.2826268672943115,0.7042204141616821
2017-04-25,0.755972146987915,109.64099884033203,82.87000274658203,1.0864840745925903,1.2776614427566528,0.7013508081436157
2017-04-26,0.7536931037902832,111.0459976196289,83.68299865722656,1.0928245782852173,1.283235788345337,0.6950622797012329
2017-04-27,0.7480326294898987,111.19100189208984,83.16600036621094,1.090893268585205,1.2848351001739502,0.6902597546577454
2017-04-28,0.746720016002655,111.22599792480469,83.04299926757812,1.0864251852035522,1.2893576622009277,0.688349723815918
2017-05-01,0.7483405470848083,111.302001953125,83.27899932861328,1.0907504558563232,1.2931592464447021,0.6873891949653625
2017-05-02,0.753409206867218,111.81199645996094,84.2020034790039,1.090893268585205,1.2897402048110962,0.6922618746757507
2017-05-03,0.7543184757232666,111.96900177001953,84.44599914550781,1.0935654640197754,1.2941633462905884,0.6962576508522034
2017-05-04,0.7428869009017944,112.78299713134766,83.76000213623047,1.0888975858688354,1.287166953086853,0.6886577606201172
2017-05-05,0.7412348985671997,112.53700256347656,83.40599822998047,1.098152995109558,1.2924906015396118,0.6875687837600708
2017-05-08,0.7415812015533447,112.68399810791016,83.55799865722656,1.0965152978897095,1.296562910079956,0.6900882720947266
2017-05-09,0.7388798594474792,113.2300033569336,83.65499877929688,1.0927767753601074,1.2943308353424072,0.6920893788337708
2017-05-10,0.7342413067817688,113.697998046875,83.47100067138672,1.0886842012405396,1.2948503494262695,0.6897978782653809
2017-05-11,0.7361059784889221,114.3280029296875,84.0999984741211,1.087074637413025,1.2930588722229004,0.6833588480949402
2017-05-12,0.7378984093666077,113.80899810791016,83.96499633789062,1.0864958763122559,1.2891582250595093,0.684387743473053
2017-05-15,0.7392895221710205,113.27100372314453,83.73100280761719,1.0927289724349976,1.2886598110198975,0.6866387128829956
2017-05-16,0.7420544624328613,113.64199829101562,84.2979965209961,1.0981770753860474,1.2903059720993042,0.6890279054641724
2017-05-17,0.7421150207519531,112.64600372314453,83.58000183105469,1.1093976497650146,1.2916892766952515,0.6890421509742737
2017-05-18,0.7431076765060425,111.1259994506836,82.57099914550781,1.115635633468628,1.2970168590545654,0.6939721703529358
2017-05-19,0.742225170135498,111.4010009765625,82.67900085449219,1.1113580465316772,1.2958402633666992,0.689560055732727
2017-05-22,0.7452120184898376,111.28399658203125,82.9260025024414,1.120485782623291,1.3012192249298096,0.6934283971786499
2017-05-23,0.7471049427986145,110.89099884033203,82.83599853515625,1.123885989189148,1.2995283603668213,0.7004714012145996
2017-05-24,0.747160792350769,111.95700073242188,83.6449966430664,1.11793053150177,1.2956557273864746,0.700908362865448
2017-05-25,0.7497488260269165,111.52400207519531,83.60700225830078,1.1230907440185547,1.2980270385742188,0.7046322226524353
2017-05-26,0.7456009387969971,111.7300033569336,83.27999877929688,1.121076226234436,1.293326497077942,0.7018578052520752
2017-05-29,0.7444353699684143,111.25599670410156,82.81500244140625,1.1176055669784546,1.281427025794983,0.7051589488983154
2017-05-30,0.7438815832138062,111.17400360107422,82.6989974975586,1.1129041910171509,1.281410574913025,0.7051589488983154
2017-05-31,0.7459346652030945,110.83899688720703,82.63999938964844,1.117168664932251,1.2809016704559326,0.7086418867111206
2017-06-01,0.7426661252975464,110.7959976196289,82.27200317382812,1.1243535280227661,1.2875481843948364,0.7083407044410706
2017-06-02,0.7379528880119324,111.43699645996094,82.2239990234375,1.1215791702270508,1.2888258695602417,0.7061997056007385
2017-06-05,0.7428702712059021,110.46299743652344,82.05000305175781,1.128082513809204,1.2870012521743774,0.7137197852134705
2017-06-06,0.7487271428108215,110.38099670410156,82.64600372314453,1.1256824731826782,1.2907389402389526,0.7130582332611084
2017-06-07,0.7509763240814209,109.50900268554688,82.23600006103516,1.1271415948867798,1.2906723022460938,0.7180606722831726
2017-06-08,0.7542046904563904,109.9000015258789,82.86199951171875,1.125517725944519,1.2962098121643066,0.7189692854881287
2017-06-09,0.7528306245803833,109.85900115966797,82.69499969482422,1.1184805631637573,1.2722970247268677,0.71986985206604
2017-06-12,0.7530120611190796,110.28800201416016,83.01799774169922,1.1201971769332886,1.2739177942276,0.7208298444747925
2017-06-13,0.7547739148139954,109.9209976196289,82.96299743652344,1.1196202039718628,1.2669775485992432,0.7206116914749146
2017-06-14,0.7538067698478699,110.05500030517578,82.91999816894531,1.1208877563476562,1.2750548124313354,0.7206584215164185
2017-06-15,0.7588980793952942,109.44599914550781,83.0530014038086,1.1215791702270508,1.2754452228546143,0.7245693802833557
2017-06-16,0.7585526704788208,110.9520034790039,84.15799713134766,1.1146905422210693,1.275835633277893,0.720352053642273
2017-06-19,0.7621369957923889,110.9540023803711,84.5469970703125,1.120824933052063,1.277955174446106,0.7264379858970642
2017-06-20,0.7591918706893921,111.6729965209961,84.77999877929688,1.1144545078277588,1.273236632347107,0.7226007580757141
2017-06-21,0.7576102018356323,111.33399963378906,84.34200286865234,1.1136974096298218,1.263248324394226,0.7239190340042114
2017-06-22,0.7550873756408691,111.30999755859375,84.04000091552734,1.1167196035385132,1.2675718069076538,0.7248687744140625
2017-06-23,0.7541478276252747,111.29000091552734,83.91899871826172,1.1149640083312988,1.267812728881836,0.7261900305747986
2017-06-26,0.7567674517631531,111.23899841308594,84.18000030517578,1.1198835372924805,1.2743399143218994,0.7284117341041565
2017-06-27,0.7584375739097595,111.85800170898438,84.83200073242188,1.118355631828308,1.2724589109420776,0.7284382581710815
2017-06-28,0.7586677670478821,112.18800354003906,85.10700225830078,1.1339154243469238,1.281295657157898,0.7266808152198792
2017-06-29,0.7635919451713562,112.35399627685547,85.78700256347656,1.1382650136947632,1.2941465377807617,0.7304922342300415
2017-06-30,0.7685213685035706,112.00900268554688,86.08499908447266,1.144164800643921,1.3011176586151123,0.7309620976448059
2017-07-03,0.7688285708427429,112.26200103759766,86.30400085449219,1.1423088312149048,1.301642656326294,0.7336810827255249
2017-07-04,0.7666183710098267,113.38600158691406,86.91899871826172,1.1371389627456665,1.2948671579360962,0.728868305683136
2017-07-05,0.7612088322639465,112.96199798583984,85.97899627685547,1.1360150575637817,1.2934937477111816,0.7291924953460693
2017-07-06,0.7600921392440796,113.18699645996094,86.0,1.1346874237060547,1.2931759357452393,0.7284275889396667
2017-07-07,0.7579776644706726,113.14900207519531,85.75800323486328,1.1424784660339355,1.2973533868789673,0.7284382581710815
2017-07-10,0.7605140805244446,113.98500061035156,86.68000030517578,1.140380859375,1.2891249656677246,0.7276802062988281
2017-07-11,,,86.75399780273438,,,
2017-07-12,0.7639011144638062,113.74800109863281,86.88400268554688,1.1473942995071411,1.2859586477279663,0.7222875952720642
2017-07-13,0.7679194211959839,113.33499908447266,87.02400207519531,1.1418914794921875,1.2893743515014648,0.7256314754486084
2017-07-14,0.774053692817688,113.41799926757812,87.78099822998047,1.140393853187561,1.294716238975525,0.732429027557373
2017-07-17,0.7825216054916382,112.39700317382812,87.947998046875,1.1475391387939453,1.311131477355957,0.7358406186103821
2017-07-18,0.7791013717651367,112.58100128173828,87.7040023803711,1.1474337577819824,1.3053126335144043,0.72798752784729
2017-07-19,0.7918283343315125,111.99500274658203,88.6729965209961,1.1549744606018066,1.303865909576416,0.7352291941642761
2017-07-20,0.7960199117660522,111.87699890136719,89.0530014038086,1.1528440713882446,1.3032711744308472,0.7364312410354614
2017-07-21,0.7947861552238464,111.88500213623047,88.91799926757812,1.1628718376159668,1.2965459823608398,0.7403404116630554
2017-07-24,0.7925311923027039,110.94499969482422,87.91899871826172,1.1681697368621826,1.3004746437072754,0.7452787160873413
2017-07-25,0.7927699685096741,111.23200225830078,88.16400146484375,1.1638869047164917,1.3031013011932373,0.7439811825752258
2017-07-26,0.7932730913162231,112.00299835205078,88.84700012207031,1.1644561290740967,1.3027619123458862,0.7421976327896118
2017-07-27,0.8000128269195557,111.12799835205078,88.9010009765625,1.1728004217147827,1.311475396156311,0.7525699734687805
2017-07-28,0.7973591089248657,111.09700012207031,88.5780029296875,1.1688660383224487,1.3076680898666382,0.7504127025604248
2017-07-31,0.7985944747924805,110.51000213623047,88.22000122070312,1.1747292280197144,1.3144922256469727,0.7520097494125366
2017-08-01,0.7998719811439514,110.35900115966797,88.26699829101562,1.182410478591919,1.3195397853851318,0.750750720500946
2017-08-02,0.7956082820892334,110.43199920654297,87.8550033569336,1.1811256408691406,1.3207945823669434,0.7426385879516602
2017-08-03,0.7955195903778076,110.75700378417969,88.0989990234375,1.1851149797439575,1.3228389024734497,0.7410097122192383
2017-08-04,0.7959882616996765,109.9000015258789,87.447998046875,1.1884952783584595,1.314405918121338,0.7447125315666199
2017-08-07,0.7930842638015747,110.78600311279297,87.84500122070312,1.1778424978256226,1.3046995401382446,0.7409108877182007
2017-08-08,0.791671633720398,110.75,87.6500015258789,1.1800941228866577,1.3037809133529663,0.7359488606452942
2017-08-09,0.7898269891738892,110.10199737548828,86.9219970703125,1.1754610538482666,1.2986170053482056,0.7324987649917603
2017-08-10,0.7891601324081421,110.04900360107422,86.83200073242188,1.1761523485183716,1.3014055490493774,0.7355104684829712
2017-08-11,0.7866582870483398,109.10600280761719,85.8280029296875,1.177024483680725,1.2976733446121216,0.7273890972137451
2017-08-14,0.7904075980186462,109.2300033569336,86.33000183105469,1.182550311088562,1.3005930185317993,0.7316519618034363
2017-08-15,0.7853608131408691,109.93199920654297,86.34500122070312,1.1775789260864258,1.2965123653411865,0.7296394109725952
2017-08-16,0.7825950980186462,110.59600067138672,86.54499816894531,1.1741223335266113,1.2867032289505005,0.7233220934867859
2017-08-17,0.7932101488113403,109.9990005493164,87.23799896240234,1.1774264574050903,1.2891582250595093,0.7316573262214661
2017-08-18,0.7875256538391113,109.3280029296875,86.10399627685547,1.1715501546859741,1.2865046262741089,0.7282685041427612
2017-08-21,0.7927510738372803,109.31999969482422,86.65799713134766,1.1756268739700317,1.2873657941818237,0.7310903072357178
2017-08-22,0.79377681016922,108.94400024414062,86.4729995727539,1.1811953783035278,1.289823293685913,0.7327295541763306
2017-08-23,0.7913270592689514,109.73100280761719,86.80000305175781,1.176221489906311,1.2823965549468994,0.728141188621521
2017-08-24,0.79107666015625,108.91000366210938,86.1510009765625,1.1816558837890625,1.28037691116333,0.7235314249992371
2017-08-25,0.7900142073631287,109.51399993896484,86.48999786376953,1.1802195310592651,1.280393362045288,0.7207207083702087
2017-08-28,0.794060468673706,109.34600067138672,86.81700134277344,1.1951857805252075,1.2905224561691284,0.7251210808753967
2017-08-29,0.7924558520317078,108.73699951171875,86.16200256347656,1.1963869333267212,1.2927078008651733,0.7244381904602051
2017-08-30,0.7956715226173401,109.79000091552734,87.35600280761719,1.1970456838607788,1.292657732963562,0.7258895635604858
2017-08-31,0.7907013297080994,110.45999908447266,87.30999755859375,1.1893434524536133,1.2920564413070679,0.7203884720802307
2017-09-01,0.7939658164978027,110.12899780273438,87.43399810791016,1.1910432577133179,1.2941633462905884,0.7179111242294312
2017-09-04,0.796470046043396,109.79499816894531,87.44100189208984,1.1882835626602173,1.2965123653411865,0.7167790532112122
2017-09-05,0.7945336103439331,109.80999755859375,87.24299621582031,1.1893434524536133,1.2924071550369263,0.7161579728126526
2017-09-06,0.8006982207298279,108.60199737548828,86.9489974975586,1.1924067735671997,1.3041210174560547,0.7259106040000916
2017-09-07,0.8010895252227783,109.13400268554688,87.38999938964844,1.1927765607833862,1.3049719333648682,0.7203417420387268
2017-09-08,0.8058017492294312,108.2699966430664,87.24099731445312,1.2029062509536743,1.3104785680770874,0.7248477339744568
2017-09-11,0.8051530122756958,108.23100280761719,87.125,1.2017642259597778,1.3197661638259888,0.7241286635398865
2017-09-12,0.8023750185966492,109.3949966430664,87.76699829101562,1.1959433555603027,1.3169677257537842,0.7254314422607422
2017-09-13,0.8020082116127014,110.22599792480469,88.3949966430664,1.1974613666534424,1.3289213180541992,0.7283321022987366
2017-09-14,0.797957181930542,110.51499938964844,88.177001953125,1.1890605688095093,1.3206027746200562,0.7249581217765808
2017-09-15,0.8001792430877686,109.91899871826172,87.94499969482422,1.1921650171279907,1.3399077653884888,0.7229612469673157
2017-09-18,0.7996801733970642,111.1969985961914,88.91699981689453,1.193716287612915,1.3575152158737183,0.7289320230484009
2017-09-19,0.7971112728118896,111.49600219726562,88.86599731445312,1.1959290504455566,1.3516618013381958,0.7265593409538269
2017-09-20,0.8005764484405518,111.5780029296875,89.29000091552734,1.199256420135498,1.3515340089797974,0.7314593195915222
2017-09-21,0.8016674518585205,112.5459976196289,90.2239990234375,1.1872113943099976,1.3489633798599243,0.7333690524101257
2017-09-22,0.7930591702461243,112.4520034790039,89.17500305175781,1.194557547569275,1.3579760789871216,0.7300122380256653
2017-09-25,0.7964954376220703,112.44400024414062,89.54000091552734,1.1927196979522705,1.3507307767868042,0.729091465473175
2017-09-26,0.7936822772026062,111.76100158691406,88.69400024414062,1.185564637184143,1.3477815389633179,0.7273097634315491
2017-09-27,0.7877613306045532,112.37699890136719,88.51799774169922,1.1786059141159058,1.3448090553283691,0.7203624844551086
2017-09-28,0.785071074962616,112.86000061035156,88.59400177001953,1.1749638319015503,1.3398897647857666,0.7216413021087646
2017-09-29,0.7846275568008423,112.46700286865234,88.23100280761719,1.178175449371338,1.343021035194397,0.7222824096679688
2017-10-02,0.7845598459243774,112.63800048828125,88.6050033569336,1.1807351112365723,1.3394052982330322,0.7219278216362
2017-10-03,0.7827175855636597,112.7699966430664,88.26100158691406,1.173378348350525,1.3275628089904785,0.7192278504371643
2017-10-04,0.783631443977356,112.8479995727539,88.42500305175781,1.1747568845748901,1.3241175413131714,0.7163323760032654
2017-10-05,0.7861697673797607,112.822998046875,88.68699645996094,1.175723671913147,1.323276400566101,0.7157222628593445
2017-10-06,0.7790589332580566,112.77400207519531,87.84200286865234,1.1712344884872437,1.3112690448760986,0.7113589644432068
2017-10-09,0.7779377102851868,112.5510025024414,87.5510025024414,1.1742464303970337,1.3084039688110352,0.7071185111999512
2017-10-10,0.7759155631065369,112.65799713134766,87.40299987792969,1.1741636991500854,1.314405918121338,0.7066088914871216
2017-10-11,0.7786524295806885,112.34500122070312,87.47100067138672,1.1814883947372437,1.3211086988449097,0.7073786854743958
2017-10-12,0.7804573774337769,112.43399810791016,87.73500061035156,1.1865493059158325,1.3239772319793701,0.7098491191864014
2017-10-13,0.7827788591384888,112.23899841308594,87.8479995727539,1.1831799745559692,1.326435923576355,0.7129921317100525
2017-10-16,0.7885688543319702,111.88200378417969,88.19999694824219,1.181404709815979,1.3288860321044922,0.7177205085754395
2017-10-17,0.7844183444976807,112.19499969482422,88.00299835205078,1.1794538497924805,1.3252933025360107,0.7185094952583313
2017-10-18,0.7851697206497192,112.21299743652344,88.08899688720703,1.1771907806396484,1.319487452507019,0.7176586985588074
2017-10-19,0.7842522263526917,113.01300048828125,88.62300109863281,1.1795234680175781,1.321300745010376,0.7154815793037415
2017-10-20,0.7875069975852966,112.68000030517578,88.73100280761719,1.184805989265442,1.3150626420974731,0.7030519843101501
2017-10-23,0.7807010412216187,114.0479965209961,89.02899932861328,1.175364375114441,1.3189828395843506,0.6942178606987
2017-10-24,0.78125,113.33999633789062,88.54100036621094,1.1759172677993774,1.3206549882888794,0.698319137096405
2017-10-25,0.7775444984436035,113.94599914550781,88.58699798583984,1.1759034395217896,1.3131976127624512,0.6903693079948425
2017-10-26,0.770790159702301,113.55799865722656,87.5199966430664,1.182075023651123,1.327351450920105,0.6893603801727295
2017-10-27,0.7659724950790405,114.1240005493164,87.40799713134766,1.163724422454834,1.3130252361297607,0.6837607026100159
2017-10-30,0.7668123245239258,113.73899841308594,87.18000030517578,1.1604562997817993,1.3134045600891113,0.6861392855644226
2017-10-31,0.7697636485099792,112.99600219726562,86.9749984741211,1.1652703285217285,1.3212482929229736,0.6882407069206238
2017-11-01,0.7659900188446045,113.6500015258789,87.04000091552734,1.165175199508667,1.3292216062545776,0.6904885172843933
2017-11-02,0.7676953673362732,114.1520004272461,87.62899780273438,1.1628718376159668,1.3255391120910645,0.6892321705818176
2017-11-03,0.7713906764984131,114.01599884033203,87.94400024414062,1.1661807298660278,1.30532968044281,0.6912999749183655
2017-11-06,0.7651694416999817,114.1780014038086,87.35700225830078,1.1614941358566284,1.30804443359375,0.6909417510032654
2017-11-07,0.768994152545929,113.77100372314453,87.4520034790039,1.1612648963928223,1.3175057172775269,0.6941311359405518
2017-11-08,0.7655092477798462,113.76100158691406,87.07099914550781,1.1601063013076782,1.3172106742858887,0.6910611391067505
2017-11-09,0.7678722143173218,113.927001953125,87.47200012207031,1.15968918800354,1.3113033771514893,0.6955699324607849
2017-11-10,0.7682615518569946,113.375,87.09400177001953,1.164686679840088,1.3144404888153076,0.6944589018821716
2017-11-13,0.7647013664245605,113.68599700927734,86.93000030517578,1.1661127805709839,1.312026023864746,0.6925399899482727
2017-11-14,0.7614986300468445,113.58499908447266,86.48699951171875,1.1664936542510986,1.3123359680175781,0.6898311972618103
2017-11-15,0.7631257772445679,113.4020004272461,86.50800323486328,1.1792869567871094,1.3157894611358643,0.6878809332847595
2017-11-17,0.7587311267852783,113.02799987792969,85.74800109863281,1.1777453422546387,1.3200448751449585,0.6855512857437134
2017-11-20,0.7554011344909668,112.03800201416016,84.61299896240234,1.1731857061386108,1.3202714920043945,0.6801009178161621
2017-11-21,0.7555723190307617,112.5510025024414,85.01799774169922,1.1741223335266113,1.3245033025741577,0.6811988949775696
2017-11-22,0.7584893703460693,112.34100341796875,85.1989974975586,1.173722743988037,1.3245558738708496,0.6846595406532288
2017-11-23,0.7613826394081116,111.31300354003906,84.74099731445312,1.1814744472503662,1.3316820859909058,0.6874411702156067
2017-11-24,0.7625671029090881,111.25399780273438,84.83200073242188,1.1853959560394287,1.330672025680542,0.6889899373054504
2017-11-27,0.7611972093582153,111.6709976196289,84.98999786376953,1.1926485300064087,1.3324450254440308,0.6872379779815674
2017-11-28,0.7607165575027466,111.16999816894531,84.5199966430664,1.1904903650283813,1.3322319984436035,0.6920223832130432
2017-11-29,0.7605488300323486,111.64800262451172,84.9000015258789,1.184805989265442,1.3365410566329956,0.6901120543479919
2017-11-30,0.7566586136817932,112.00199890136719,84.73600006103516,1.18519926071167,1.3417235612869263,0.688477635383606
2017-12-01,0.7563438415527344,112.55599975585938,85.11299896240234,1.1898245811462402,1.3529969453811646,0.6831814646720886
2017-12-04,0.759013295173645,112.86399841308594,85.64800262451172,1.1859863996505737,1.349400281906128,0.6855278015136719
2017-12-05,0.7604100108146667,112.4990005493164,85.54000091552734,1.1867746114730835,1.347527265548706,0.6867990493774414
2017-12-06,0.7604620456695557,112.46399688720703,85.5,1.1832919120788574,1.341525673866272,0.6875120401382446
2017-12-07,0.7566872239112854,112.29100036621094,84.96399688720703,1.1804285049438477,1.3392258882522583,0.6886008977890015
2017-12-08,0.7512019276618958,113.1729965209961,85.01200103759766,1.1772184371948242,1.348435878753662,0.6827196478843689
2017-12-11,0.7508071064949036,113.54299926757812,85.23100280761719,1.1769968271255493,1.3392080068588257,0.6842519640922546
2017-12-12,0.7529497146606445,113.54000091552734,85.48300170898438,1.1777591705322266,1.334935188293457,0.6909608244895935
2017-12-13,0.7556580305099487,113.54499816894531,85.79000091552734,1.1742602586746216,1.331948161125183,0.6938276886940002
2017-12-14,0.7633005380630493,112.78199768066406,86.07599639892578,1.1835860013961792,1.3409678936004639,0.7024297118186951
2017-12-15,0.7665008306503296,112.39600372314453,86.14800262451172,1.1774957180023193,1.3432915210723877,0.6989585757255554
2017-12-18,0.7651109099388123,112.71600341796875,86.19999694824219,1.1743566989898682,1.3317352533340454,0.6998488306999207
2017-12-19,0.7665772438049316,112.56800079345703,86.28299713134766,1.1784253120422363,1.3380789756774902,0.6994816660881042
2017-12-20,0.7653451561927795,112.98300170898438,86.45800018310547,1.1841325759887695,1.3386881351470947,0.6970924139022827
2017-12-21,0.767224133014679,113.24099731445312,86.86599731445312,1.1878176927566528,1.3372023105621338,0.7016312479972839
2017-12-22,0.7707723379135132,113.322998046875,87.31700134277344,1.1857331991195679,1.338043212890625,0.7014294862747192
2017-12-25,0.7714858651161194,113.30799865722656,87.37999725341797,1.1856067180633545,1.3365052938461304,0.7015082240104675
2017-12-26,0.7725587487220764,113.3030014038086,87.51200103759766,1.187253713607788,1.3376137018203735,0.702799916267395
2017-12-27,0.7730425000190735,113.2030029296875,87.50299835205078,1.1857894659042358,1.337470531463623,0.7032496929168701
2017-12-28,0.7774840593338013,113.21700286865234,88.01499938964844,1.1900794506072998,1.3403927087783813,0.7069686055183411
2017-12-29,0.7794293165206909,112.875,87.97000122070312,1.1941723823547363,1.344085931777954,0.7093405723571777
2018-01-01,0.7802137732505798,112.66600036621094,87.88099670410156,1.200494647026062,1.351607084274292,0.7113893628120422
2018-01-02,0.7801042199134827,112.7699966430664,87.93000030517578,1.2011579275131226,1.3511322736740112,0.708817720413208
2018-01-03,0.783392071723938,112.24400329589844,87.9000015258789,1.2063454389572144,1.359619379043579,0.7100205421447754
2018-01-04,0.7828401327133179,112.60700225830078,88.125,1.2010425329208374,1.3511322736740112,0.7090187072753906
2018-01-05,0.7863799333572388,112.78299713134766,88.66999816894531,1.2068840265274048,1.3552889823913574,0.7155993580818176
2018-01-08,0.786101758480072,113.15399932861328,88.927001953125,1.2037460803985596,1.3575890064239502,0.7170412540435791
2018-01-09,0.7848061919212341,113.14099884033203,88.76000213623047,1.1970456838607788,1.3571282625198364,0.7175402641296387
2018-01-10,0.7810669541358948,112.75499725341797,88.06300354003906,1.1929330825805664,1.353234887123108,0.7144489884376526
2018-01-11,0.7847322225570679,111.44400024414062,87.44400024414062,1.1956144571304321,1.351278305053711,0.7206479907035828
2018-01-12,0.7885813117027283,111.29399871826172,87.75900268554688,1.2042099237442017,1.3541878461837769,0.7260793447494507
2018-01-15,0.7908889651298523,111.0999984741211,87.85800170898438,1.2192296981811523,1.3733056783676147,0.7249003052711487
2018-01-16,0.7962924242019653,110.58100128173828,88.02400207519531,1.2268433570861816,1.379824161529541,0.7296607494354248
2018-01-17,0.797130286693573,110.38800048828125,87.98500061035156,1.227129340171814,1.3798813819885254,0.7268921136856079
2018-01-18,0.7972510457038879,111.3759994506836,88.78800201416016,1.218397855758667,1.382800817489624,0.7272886037826538
2018-01-19,0.8005764484405518,111.0260009765625,88.87899780273438,1.2236607074737549,1.3894678354263306,0.72965008020401
2018-01-22,0.8002112507820129,110.68399810791016,88.56300354003906,1.2255502939224243,1.3891589641571045,0.7288311123847961
2018-01-23,0.8008328676223755,110.96600341796875,88.85900115966797,1.2256253957748413,1.3984841108322144,0.7319090366363525
2018-01-24,0.8004482388496399,110.10700225830078,88.1259994506836,1.2310267686843872,1.401738166809082,0.7362902760505676
2018-01-25,0.8048937320709229,109.32599639892578,87.99099731445312,1.239111304283142,1.4220906496047974,0.733718752861023
2018-01-26,0.8029226064682007,109.7040023803711,88.0770034790039,1.239234209060669,1.4150274991989136,0.731079638004303
2018-01-29,0.8116883039474487,108.63899993896484,88.13999938964844,1.2428072690963745,1.4149274826049805,0.7362686395645142
2018-01-30,0.8095985651016235,108.9260025024414,88.1780014038086,1.2381141185760498,1.4076577425003052,0.7325094938278198
2018-01-31,0.8101101517677307,108.73200225830078,88.0770034790039,1.2409565448760986,1.4155884981155396,0.7339880466461182
2018-02-01,0.806126594543457,109.20099639892578,88.00199890136719,1.241865873336792,1.420051097869873,0.7375882267951965
2018-02-02,0.8040524125099182,109.40599822998047,87.94200134277344,1.2510008811950684,1.4266760349273682,0.7397927045822144
2018-02-05,0.7906388640403748,110.03500366210938,86.97599792480469,1.244694471359253,1.411133885383606,0.7282207608222961
2018-02-06,0.7874636054039001,109.09500122070312,85.90499877929688,1.2367818355560303,1.3943694829940796,0.7266914248466492
2018-02-07,0.7893905639648438,109.62699890136719,86.53900146484375,1.2381294965744019,1.395868182182312,0.7331593036651611
2018-02-08,0.7817386388778687,109.19599914550781,85.34400177001953,1.2268133163452148,1.3879250288009644,0.7227522134780884
2018-02-09,0.7787495255470276,108.52899932861328,84.50599670410156,1.2260762453079224,1.3934950828552246,0.7226112484931946
2018-02-12,0.7820197939872742,108.80000305175781,85.0770034790039,1.2252799272537231,1.3827433586120605,0.7246691584587097
2018-02-13,0.7859163880348206,108.69000244140625,85.41300201416016,1.2303755283355713,1.3852334022521973,0.726300835609436
2018-02-14,0.786101758480072,107.76399993896484,84.70700073242188,1.235376238822937,1.3886960744857788,0.7282685041427612
2018-02-15,0.7928327918052673,106.58699798583984,84.49700164794922,1.2467273473739624,1.401581048965454,0.73744136095047
2018-02-16,0.7943821549415588,106.11100006103516,84.28800201416016,1.2503595352172852,1.4104173183441162,0.7398912310600281
2018-02-19,0.7912018299102783,106.26100158691406,84.06400299072266,1.241187572479248,1.4031543731689453,0.7387925386428833
2018-02-20,0.7908889651298523,106.70899963378906,84.39199829101562,1.2398641109466553,1.3992668390274048,0.7363878488540649
2018-02-21,0.7880903482437134,107.38099670410156,84.61699676513672,1.233532428741455,1.4001091718673706,0.7342305779457092
2018-02-22,0.7798426151275635,107.55500030517578,83.86799621582031,1.2281843423843384,1.3910139799118042,0.7316787838935852
2018-02-23,0.7839509844779968,106.81400299072266,83.72799682617188,1.2326656579971313,1.3953033685684204,0.7324022054672241
2018-02-26,0.7838403582572937,107.0739974975586,83.9219970703125,1.228712558746338,1.3968042135238647,0.7279079556465149
2018-02-27,0.7849909663200378,107.06900024414062,84.04299926757812,1.2315573692321777,1.3966480493545532,0.7291393280029297
2018-02-28,0.7793624997138977,107.4260025024414,83.71600341796875,1.2230321168899536,1.3906078338623047,0.7235209345817566
2018-03-01,0.7765783667564392,106.63999938964844,82.77999877929688,1.2191256284713745,1.375421166419983,0.7207622528076172
2018-03-02,0.776469886302948,106.16300201416016,82.4229965209961,1.2270842790603638,1.377543330192566,0.7261425852775574
2018-03-05,0.7754703164100647,105.55599975585938,81.85099792480469,1.2315422296524048,1.3795006275177002,0.7230605483055115
2018-03-06,0.7766990065574646,106.25,82.50399780273438,1.2336541414260864,1.3852334022521973,0.7225120067596436
2018-03-07,0.7786343097686768,105.53700256347656,82.16400146484375,1.2416653633117676,1.390008568763733,0.7283002734184265
2018-03-08,0.7827115058898926,106.18599700927734,83.1050033569336,1.2414649724960327,1.390627145767212,0.7286983132362366
2018-03-09,0.7790589332580566,106.40599822998047,82.88800048828125,1.2306632995605469,1.3805670738220215,0.7260476350784302
2018-03-12,0.7862686514854431,106.89099884033203,84.04000091552734,1.2308752536773682,1.38554048538208,0.730833888053894
2018-03-13,0.7872899770736694,106.26000213623047,83.64800262451172,1.2339584827423096,1.3907625675201416,0.7301188707351685
2018-03-14,0.7857990264892578,106.50800323486328,83.68699645996094,1.239234209060669,1.397233486175537,0.7329873442649841
2018-03-15,0.7879785895347595,106.15499877929688,83.64099884033203,1.2375624179840088,1.3971552848815918,0.7315502762794495
2018-03-16,0.7789375185966492,106.30899810791016,82.8010025024414,1.2309207916259766,1.3938642740249634,0.727087676525116
2018-03-19,0.7716049551963806,105.96900177001953,81.76399993896484,1.228078842163086,1.3943500518798828,0.7227522134780884
2018-03-20,0.7708317637443542,105.99600219726562,81.6969985961914,1.2336845397949219,1.4025245904922485,0.7243017554283142
2018-03-21,0.7690532803535461,106.46900177001953,81.86299896240234,1.2251899242401123,1.4004818201065063,0.7179318070411682
2018-03-22,0.777478039264679,105.92900085449219,82.35099792480469,1.2347661256790161,1.414627194404602,0.7230814695358276
2018-03-23,0.7693490982055664,104.96800231933594,80.75299835205078,1.2324985265731812,1.4114724397659302,0.7216100692749023
2018-03-26,0.7708614468574524,104.85900115966797,80.82599639892578,1.235437273979187,1.4147672653198242,0.7240920066833496
2018-03-27,0.7756146788597107,105.5,81.80500030517578,1.2457488775253296,1.423892855644226,0.7302681803703308
2018-03-28,0.768757700920105,105.49299621582031,81.06999969482422,1.240787148475647,1.417635440826416,0.7270084023475647
2018-03-29,0.766007661819458,106.81199645996094,81.802001953125,1.2310267686843872,1.4080342054367065,0.7211625576019287
2018-03-30,0.768580436706543,106.47899627685547,81.80799865722656,1.2302846908569336,1.4029377698898315,0.7229194045066833
2018-04-02,0.768302857875824,106.31199645996094,81.677001953125,1.231420874595642,1.403823971748352,0.7235890030860901
2018-04-03,0.7654623985290527,105.79900360107422,80.95899963378906,1.229271411895752,1.4046719074249268,0.7203105688095093
2018-04-04,0.768202543258667,106.43599700927734,81.75599670410156,1.2278525829315186,1.4068654775619507,0.726379930973053
2018-04-05,0.7719981074333191,106.77400207519531,82.4260025024414,1.228682279586792,1.4088078737258911,0.731898307800293
2018-04-06,0.7668300271034241,107.052001953125,82.08300018310547,1.2251598834991455,1.400874137878418,0.7262796759605408
2018-04-09,0.768226146697998,106.96800231933594,82.14600372314453,1.227144479751587,1.4091651439666748,0.7274684906005859
2018-04-10,0.7699592709541321,106.7490005493164,82.18399810791016,1.2322403192520142,1.4138271808624268,0.7307590842247009
2018-04-11,0.7763975262641907,107.11299896240234,83.15599822998047,1.2363078594207764,1.4182183742523193,0.7370989322662354
2018-04-12,0.7765181064605713,106.8290023803711,82.93000030517578,1.2371643781661987,1.4189025163650513,0.7368653416633606
2018-04-13,0.7757349610328674,107.22200012207031,83.1729965209961,1.2329696416854858,1.4238117933273315,0.7379420399665833
2018-04-16,0.7774477601051331,107.49800109863281,83.55999755859375,1.233258605003357,1.4246840476989746,0.7348726391792297
2018-04-17,0.7772907018661499,107.0459976196289,83.20500183105469,1.2385127544403076,1.4342057704925537,0.736680805683136
2018-04-18,0.7766990065574646,107.01599884033203,83.11000061035156,1.237317442893982,1.4296538829803467,0.7340688705444336
2018-04-19,0.778889000415802,107.34600067138672,83.58000183105469,1.237914800643921,1.4204343557357788,0.7324827313423157
2018-04-20,0.7723379135131836,107.43199920654297,82.97100067138672,1.2345526218414307,1.4086490869522095,0.726000189781189
2018-04-23,0.7659900188446045,107.86900329589844,82.61100006103516,1.2273402214050293,1.4001679420471191,0.7204195857048035
2018-04-24,0.7603406310081482,108.76100158691406,82.66500091552734,1.22089684009552,1.3938252925872803,0.7150518298149109
2018-04-25,0.7606297731399536,108.8030014038086,82.7300033569336,1.2241400480270386,1.3993842601776123,0.7117691040039062
2018-04-26,0.7571169137954712,109.36399841308594,82.79499816894531,1.2171669006347656,1.3939224481582642,0.7076590061187744
2018-04-27,0.7556865215301514,109.30000305175781,82.58899688720703,1.2109616994857788,1.391943335533142,0.7065489888191223
2018-04-30,0.7575184106826782,109.0979995727539,82.62100219726562,1.2122827768325806,1.37710702419281,0.7084109783172607
2018-05-01,0.7532389163970947,109.322998046875,82.34200286865234,1.2081234455108643,1.3772207498550415,0.7037693858146667
2018-05-02,0.7482901811599731,109.87200164794922,82.20800018310547,1.1991558074951172,1.3609329462051392,0.7000986933708191
2018-05-03,0.7486711144447327,109.8270034790039,82.22200012207031,1.19510018825531,1.3573862314224243,0.6995012760162354
2018-05-04,0.7528419494628906,109.09600067138672,82.12300109863281,1.1989257335662842,1.3572388887405396,0.7040815353393555
2018-05-07,0.7524227499961853,109.14600372314453,82.11399841308594,1.195500135421753,1.3531982898712158,0.7020007371902466
2018-05-08,0.7518796920776367,108.94300079345703,81.89700317382812,1.1933743953704834,1.3570362329483032,0.7022915482521057
2018-05-09,0.7449344992637634,109.02400207519531,81.20500183105469,1.1867886781692505,1.3553440570831299,0.6969126462936401
2018-05-10,0.7459346652030945,109.84700012207031,81.91999816894531,1.184721827507019,1.3544628620147705,0.6931399703025818
2018-05-11,0.7526153922080994,109.43599700927734,82.36599731445312,1.1917530298233032,1.352338194847107,0.6963788270950317
2018-05-14,0.7551102638244629,109.33799743652344,82.55500030517578,1.1952143907546997,1.355380892753601,0.6968204379081726
2018-05-15,0.7525983452796936,109.73100280761719,82.57599639892578,1.1931180953979492,1.3562448024749756,0.6918021440505981
2018-05-16,0.7468482851982117,110.2969970703125,82.36499786376953,1.1820889711380005,1.3500195741653442,0.6863606572151184
2018-05-17,0.7517666816711426,110.35900115966797,82.96199798583984,1.1816978454589844,1.354830026626587,0.6904789805412292
2018-05-18,0.7506380081176758,110.8280029296875,83.19000244140625,1.1795234680175781,1.3515340089797974,0.688477635383606
2018-05-21,0.752428412437439,110.87999725341797,83.4219970703125,1.1766643524169922,1.3477089405059814,0.691438615322113
2018-05-22,0.7582650780677795,110.97799682617188,84.14600372314453,1.1792453527450562,1.3431833982467651,0.69533771276474
2018-05-23,0.7578915357589722,110.72599792480469,83.91600036621094,1.1788560152053833,1.3441040515899658,0.6942033767700195
2018-05-24,0.7567158937454224,109.86900329589844,83.13300323486328,1.1710150241851807,1.3371307849884033,0.6929094791412354
2018-05-25,0.7571971416473389,109.31199645996094,82.76399993896484,1.1722642183303833,1.3383476734161377,0.6931399703025818
2018-05-28,0.7556865215301514,109.62300109863281,82.83100128173828,1.1688934564590454,1.3309022188186646,0.6920798420906067
2018-05-29,0.7547739148139954,109.38899993896484,82.53900146484375,1.162696123123169,1.3315579891204834,0.6940010786056519
2018-05-30,0.7481670379638672,108.39399719238281,81.09300231933594,1.1539349555969238,1.3253810405731201,0.6889424324035645
2018-05-31,0.7571169137954712,108.71199798583984,82.30000305175781,1.1667250394821167,1.328356385231018,0.698460578918457
2018-06-01,0.7562122941017151,108.7490005493164,82.23200225830078,1.1693171262741089,1.3289390802383423,0.7006579041481018
2018-06-04,0.7568819522857666,109.5979995727539,82.94499969482422,1.1668611764907837,1.3356484174728394,0.69808030128479
2018-06-05,0.7654037475585938,109.96299743652344,84.12000274658203,1.1700559854507446,1.3316465616226196,0.7031705975532532
2018-06-06,0.7624624371528625,109.85900115966797,83.75499725341797,1.1726216077804565,1.3406083583831787,0.7029679417610168
2018-06-07,0.7665772438049316,110.125,84.4010009765625,1.178550362586975,1.3421558141708374,0.7039080858230591
2018-06-08,0.761440634727478,109.69400024414062,83.51599884033203,1.1795234680175781,1.3419216871261597,0.7018824815750122
2018-06-11,0.7601903676986694,109.44300079345703,83.18800354003906,1.1783976554870605,1.341381549835205,0.7033783197402954
2018-06-12,0.7604620456695557,110.38600158691406,83.93599700927734,1.177412509918213,1.3374348878860474,0.7017495036125183
2018-06-13,0.7575757503509521,110.4520034790039,83.65399932861328,1.17482590675354,1.3372559547424316,0.7005499601364136
2018-06-14,0.7570710182189941,110.24199676513672,83.45500183105469,1.1807769536972046,1.3382760286331177,0.7025925517082214
2018-06-15,0.7465472221374512,110.6449966430664,82.60199737548828,1.1566576957702637,1.3256621360778809,0.6961994171142578
2018-06-18,0.743992269039154,110.61699676513672,82.2979965209961,1.159595012664795,1.3275099992752075,0.693899929523468
2018-06-19,0.7403568625450134,110.13800048828125,81.53600311279297,1.1630746126174927,1.3258730173110962,0.6931304335594177
2018-06-20,0.738825261592865,110.07099914550781,81.31700134277344,1.1588560342788696,1.317332148551941,0.6904789805412292
2018-06-21,0.7374087572097778,110.35199737548828,81.33999633789062,1.1579033136367798,1.3175230026245117,0.6869311332702637
2018-06-22,0.7378984093666077,109.9520034790039,81.11000061035156,1.1605775356292725,1.3247840404510498,0.687096357345581
2018-06-25,0.743837296962738,109.93699645996094,81.76599884033203,1.1661399602890015,1.3262423276901245,0.6915677189826965
2018-06-26,0.7409602999687195,109.64299774169922,81.23300170898438,1.1702749729156494,1.3278449773788452,0.6889187097549438
2018-06-27,0.7391692996025085,110.09700012207031,81.3740005493164,1.1650259494781494,1.3221042156219482,0.6850581765174866
2018-06-28,0.7343222498893738,110.21499633789062,80.91899871826172,1.1563634872436523,1.3120431900024414,0.6791402101516724
2018-06-29,0.7346459031105042,110.48600006103516,81.16000366210938,1.1562966108322144,1.3075141906738281,0.6752604842185974
2018-07-02,0.7398638129234314,110.70999908447266,81.91000366210938,1.1678558588027954,1.3207770586013794,0.6778420209884644
2018-07-03,0.7338911294937134,110.87100219726562,81.35600280761719,1.1642121076583862,1.314405918121338,0.6710913777351379
2018-07-04,0.7378440499305725,110.40799713134766,81.45899963378906,1.1659224033355713,1.3194352388381958,0.6753106117248535
2018-07-05,0.7381708025932312,110.50199890136719,81.55000305175781,1.166235089302063,1.3229262828826904,0.6761919260025024
2018-07-06,0.738661527633667,110.5790023803711,81.6760025024414,1.1695905923843384,1.3225764036178589,0.6795509457588196
2018-07-09,0.7436326146125793,110.4219970703125,82.1050033569336,1.1752262115478516,1.329787254333496,0.683531641960144
2018-07-10,0.7470491528511047,110.9530029296875,82.88200378417969,1.1756960153579712,1.325556755065918,0.6849784255027771
2018-07-11,0.7413997650146484,110.83100128173828,82.14700317382812,1.1727042198181152,1.3257324695587158,0.681742250919342
2018-07-12,0.7365885972976685,111.95800018310547,82.44999694824219,1.1676785945892334,1.3210039138793945,0.6755707263946533
2018-07-13,0.7406858801841736,112.66500091552734,83.43599700927734,1.1665889024734497,1.3180439472198486,0.6772085428237915
2018-07-16,0.7421150207519531,112.39900207519531,83.38700103759766,1.1679104566574097,1.3227688074111938,0.6765716671943665
2018-07-17,0.7414712309837341,112.3740005493164,83.31300354003906,1.170946478843689,1.3236442804336548,0.6785181164741516
2018-07-18,0.7377406358718872,113.01200103759766,83.36499786376953,1.1653246879577637,1.3106160163879395,0.6774150133132935
2018-07-19,0.7398912310600281,112.79100036621094,83.44400024414062,1.164564609527588,1.3078221082687378,0.6793293356895447
2018-07-20,0.7362794280052185,112.36299896240234,82.7239990234375,1.1655147075653076,1.3023037910461426,0.6748321056365967
2018-07-23,0.7433009743690491,111.0530014038086,82.53800201416016,1.1741912364959717,1.3147169351577759,0.6821607947349548
2018-07-24,0.7380073666572571,111.45999908447266,82.25399780273438,1.1694128513336182,1.3102725744247437,0.6783201694488525
2018-07-25,0.7426220178604126,111.24099731445312,82.5999984741211,1.1685519218444824,1.3152183294296265,0.6805036067962646
2018-07-26,0.7459402084350586,110.84500122070312,82.677001953125,1.1737502813339233,1.3199577331542969,0.6844814419746399
2018-07-27,0.7380073666572571,111.14600372314453,81.98999786376953,1.1642934083938599,1.3108737468719482,0.6786194443702698
2018-07-30,0.7400829195976257,110.93399810791016,82.08899688720703,1.16604483127594,1.3111830949783325,0.6796618103981018
2018-07-31,0.7407297492027283,110.99400329589844,82.20600128173828,1.1707408428192139,1.3135426044464111,0.6823609471321106
2018-08-01,0.7419498562812805,111.80799865722656,82.9489974975586,1.168961763381958,1.3121638298034668,0.6803415417671204
2018-08-02,0.7405816912651062,111.62000274658203,82.65799713134766,1.1665889024734497,1.3126115798950195,0.679500162601471
2018-08-03,0.7360084652900696,111.69000244140625,82.1780014038086,1.1586008071899414,1.3018121719360352,0.673768162727356
2018-08-06,0.7395902872085571,111.23400115966797,82.25599670410156,1.1562297344207764,1.3003562688827515,0.6745999455451965
2018-08-07,0.738552451133728,111.33999633789062,82.22599792480469,1.1558021306991577,1.2944984436035156,0.6730290055274963
2018-08-08,0.7424456477165222,111.34500122070312,82.64900207519531,1.1602946519851685,1.2946659326553345,0.6740588545799255
2018-08-09,0.7427765130996704,110.89199829101562,82.31999969482422,1.1610760688781738,1.2881617546081543,0.6694694757461548
2018-08-10,0.7372456192970276,111.09100341796875,81.88899993896484,1.1523923873901367,1.2828407287597656,0.660689651966095
2018-08-13,0.7288098335266113,110.62899780273438,80.61699676513672,1.1394712924957275,1.2758845090866089,0.6585012674331665
2018-08-14,0.7267969846725464,110.66100311279297,80.39600372314453,1.1402509212493896,1.2762752771377563,0.6575486660003662
2018-08-15,0.7235890030860901,111.24600219726562,80.48999786376953,1.1345715522766113,1.271779179573059,0.6571381688117981
2018-08-16,0.7233691811561584,110.57599639892578,79.9729995727539,1.134429931640625,1.2693899869918823,0.6558194160461426
2018-08-17,0.7259528040885925,111.00399780273438,80.56999969482422,1.1371389627456665,1.2714558839797974,0.6584882140159607
2018-08-20,0.7308178544044495,110.4749984741211,80.73200225830078,1.1437721252441406,1.2747135162353516,0.6625719666481018
2018-08-21,0.7336488366127014,109.947998046875,80.66000366210938,1.149134635925293,1.2804261445999146,0.6640812158584595
2018-08-22,0.7359814047813416,110.13400268554688,81.05400085449219,1.1576753854751587,1.290555715560913,0.6703221797943115
2018-08-23,0.7332990765571594,110.58799743652344,81.08899688720703,1.1584800481796265,1.2904725074768066,0.6697115898132324
2018-08-24,0.7243227958679199,111.36699676513672,80.65699768066406,1.154334545135498,1.281065821647644,0.6626027226448059
2018-08-27,0.7344084978103638,111.28199768066406,81.71900177001953,1.164890170097351,1.2860909700393677,0.6701918840408325
2018-08-28,0.7348618507385254,111.13700103759766,81.66300201416016,1.1683608293533325,1.2896735668182373,0.6704300045967102
2018-08-29,0.7341066002845764,111.16200256347656,81.59400177001953,1.1691256761550903,1.2867693901062012,0.6713212132453918
2018-08-30,0.7311919331550598,111.71199798583984,81.6780014038086,1.1709738969802856,1.3035939931869507,0.671312153339386
2018-08-31,0.7261636853218079,110.9990005493164,80.5999984741211,1.1664663553237915,1.301100730895996,0.6648715138435364
2018-09-03,0.7193209528923035,111.14399719238281,79.91200256347656,1.1601063013076782,1.292306900024414,0.6609079837799072
2018-09-04,0.7208245992660522,111.08799743652344,80.06600189208984,1.161548137664795,1.2869019508361816,0.6608948111534119
2018-09-05,0.718339204788208,111.46099853515625,80.05899810791016,1.1586545705795288,1.2858428955078125,0.6553938984870911
2018-09-06,0.719610869884491,111.4489974975586,80.19100189208984,1.1635212898254395,1.2914891242980957,0.6598482728004456
2018-09-07,0.719062328338623,110.49500274658203,79.44400024414062,1.1620069742202759,1.2925406694412231,0.6583191752433777
2018-09-10,0.7117944359779358,110.91999816894531,78.91100311279297,1.1561094522476196,1.2930254936218262,0.653710126876831
2018-09-11,0.7109847068786621,111.14800262451172,78.98999786376953,1.159595012664795,1.302643060684204,0.6520817875862122
2018-09-12,0.7110706567764282,111.60700225830078,79.35299682617188,1.1596084833145142,1.3015578985214233,0.6516355872154236
2018-09-13,0.7170617580413818,111.22000122070312,79.74299621582031,1.1629259586334229,1.3045463562011719,0.656150758266449
2018-09-14,0.7188039422035217,112.01200103759766,80.50800323486328,1.1691803932189941,1.311131477355957,0.6573800444602966
2018-09-17,0.7145919799804688,111.9530029296875,79.97000122070312,1.1628988981246948,1.307326316833496,0.6542319059371948
2018-09-18,0.7145919799804688,111.69000244140625,79.79000091552734,1.1669156551361084,1.3146305084228516,0.6564005613327026
2018-09-19,0.7226007580757141,112.2770004272461,81.12200164794922,1.167992353439331,1.3168463706970215,0.6589351296424866
2018-09-20,0.7259528040885925,112.31700134277344,81.5,1.167460560798645,1.3141123056411743,0.6643679738044739
2018-09-21,0.7286505103111267,112.49500274658203,81.9540023803711,1.1775927543640137,1.327087163925171,0.6681990623474121
2018-09-24,0.7278549671173096,112.52400207519531,81.87000274658203,1.1751019954681396,1.30804443359375,0.6685832738876343
2018-09-25,0.7253209352493286,112.78600311279297,81.78299713134766,1.175295352935791,1.311733365058899,0.6642178893089294
2018-09-26,0.7249003052711487,112.96900177001953,81.88999938964844,1.1763184070587158,1.3179919719696045,0.6644606590270996
2018-09-27,0.725789487361908,112.7040023803711,81.79100036621094,1.1748534440994263,1.3172800540924072,0.6663512587547302
2018-09-28,0.7205129861831665,113.35700225830078,81.66100311279297,1.1637378931045532,1.3078734874725342,0.661808967590332
2018-10-01,0.7223920226097107,113.7959976196289,82.1989974975586,1.1605371236801147,1.3039000034332275,0.6623481512069702
2018-10-02,0.7228567600250244,113.94599914550781,82.3489990234375,1.157755732536316,1.3043591976165771,0.6604583859443665
2018-10-03,0.7187522649765015,113.5770034790039,81.62899780273438,1.1551746129989624,1.2981956005096436,0.6589916348457336
2018-10-04,0.7096225023269653,114.48600006103516,81.23400115966797,1.147631287574768,1.294062852859497,0.650199294090271
2018-10-05,0.7080999612808228,113.89399719238281,80.63800048828125,1.1518083810806274,1.3024225234985352,0.6481595635414124
2018-10-08,0.7052882313728333,113.71499633789062,80.19400024414062,1.1522595882415771,1.31271493434906,0.6437202095985413
2018-10-09,0.7073636651039124,113.09700012207031,79.97000122070312,1.1494120359420776,1.309311866760254,0.6451613306999207
2018-10-10,0.7114905714988708,112.99800109863281,80.38899993896484,1.1506949663162231,1.3157029151916504,0.6488029360771179
2018-10-11,0.7064142823219299,112.09200286865234,79.17900085449219,1.1533360481262207,1.3206725120544434,0.6460908055305481
2018-10-12,0.7124537229537964,112.08000183105469,79.84700012207031,1.1590440273284912,1.3234164714813232,0.6527585387229919
2018-10-15,0.710782527923584,112.19200134277344,79.73100280761719,1.1551345586776733,1.3103927373886108,0.6500893831253052
2018-10-16,0.713541567325592,111.84100341796875,79.79199981689453,1.1583458185195923,1.315477967262268,0.6572980284690857
2018-10-17,0.7139134407043457,112.34200286865234,80.18900299072266,1.1575279235839844,1.318721890449524,0.658301830291748
2018-10-18,0.7111009955406189,112.62799835205078,80.08300018310547,1.1500862836837769,1.3104442358016968,0.6545187830924988
2018-10-19,0.709723174571991,112.18499755859375,79.5979995727539,1.1460003852844238,1.3024225234985352,0.6538811326026917
2018-10-22,0.7113286256790161,112.4800033569336,80.00499725341797,1.1509466171264648,1.3065404891967773,0.6594479084014893
2018-10-23,0.7072685956954956,112.75700378417969,79.74199676513672,1.1467890739440918,1.2965964078903198,0.6554110646247864
2018-10-24,0.7091192603111267,112.44400024414062,79.73300170898438,1.147315263748169,1.2981280088424683,0.6553595662117004
2018-10-25,0.7062994837760925,112.01200103759766,79.10800170898438,1.1399258375167847,1.2888258695602417,0.6510798335075378
2018-10-26,0.7081149816513062,112.3499984741211,79.54900360107422,1.1377859115600586,1.2824623584747314,0.6528608202934265
2018-10-29,0.709773600101471,111.90799713134766,79.4219970703125,1.1398738622665405,1.2831040620803833,0.6529119610786438
2018-10-30,0.7063294053077698,112.3239974975586,79.33200073242188,1.137617588043213,1.2802459001541138,0.6527883410453796
2018-10-31,0.7099247574806213,113.052001953125,80.2509994506836,1.1346358060836792,1.2708903551101685,0.6559011340141296
2018-11-01,0.7083156108856201,112.85099792480469,79.927001953125,1.1316697597503662,1.276943564414978,0.6525498628616333
2018-11-02,0.7205129861831665,112.71499633789062,81.20800018310547,1.1403288841247559,1.3003731966018677,0.6651280522346497
2018-11-05,0.7198283672332764,113.13899993896484,81.43399810791016,1.1397570371627808,1.3005592823028564,0.6649201512336731
2018-11-06,0.7212925553321838,113.24600219726562,81.66999816894531,1.141291856765747,1.3058068752288818,0.666058361530304
2018-11-07,0.7243595123291016,113.36299896240234,82.10299682617188,1.1438506841659546,1.3112518787384033,0.6741496920585632
2018-11-08,0.7275902032852173,113.5469970703125,82.61000061035156,1.1434059143066406,1.3128528594970703,0.6785089373588562
2018-11-09,0.7266808152198792,113.9530029296875,82.7979965209961,1.1368415355682373,1.3066771030426025,0.6751784682273865
2018-11-12,0.7226999998092651,113.84600067138672,82.26899719238281,1.132502794265747,1.2938451766967773,0.6730290055274963
2018-11-13,0.7175660133361816,113.69599914550781,81.57599639892578,1.1233429908752441,1.2857933044433594,0.6718308329582214
2018-11-14,0.7231390476226807,113.78900146484375,82.28099822998047,1.1311193704605103,1.3014055490493774,0.6770022511482239
2018-11-15,0.7234842777252197,113.56400299072266,82.13700103759766,1.131183385848999,1.2986170053482056,0.6792555451393127
2018-11-16,0.7271669507026672,113.55500030517578,82.56800079345703,1.1324899196624756,1.276650071144104,0.6824913620948792
2018-11-19,0.7317965626716614,112.7300033569336,82.48500061035156,1.141396164894104,1.2833181619644165,0.686238169670105
2018-11-20,0.7295010089874268,112.44300079345703,82.02400207519531,1.1455016136169434,1.2859750986099243,0.6840881109237671
2018-11-21,0.7216569185256958,112.7030029296875,81.3270034790039,1.1372424364089966,1.2789195775985718,0.6791079044342041
2018-11-22,0.7262164354324341,113.02100372314453,82.06199645996094,1.1388354301452637,1.277726650238037,0.6827803254127502
2018-11-23,0.725021243095398,112.97799682617188,81.88999938964844,1.1403158903121948,1.287597894668579,0.6808881163597107
2018-11-26,0.7233796119689941,112.91899871826172,81.66600036621094,1.1337354183197021,1.2812299728393555,0.67728191614151
2018-11-27,0.7223502397537231,113.50399780273438,81.98200225830078,1.1333370208740234,1.2812299728393555,0.677639901638031
2018-11-28,0.7229612469673157,113.76699829101562,82.24099731445312,1.1298797130584717,1.2743724584579468,0.6798697113990784
2018-11-29,0.7302521467208862,113.55500030517578,82.91000366210938,1.1368545293807983,1.2824130058288574,0.6869311332702637
2018-11-30,0.7321876883506775,113.41100311279297,83.02999877929688,1.1392766237258911,1.2784454822540283,0.686582088470459
2018-12-03,0.7373108863830566,113.76300048828125,83.8740005493164,1.1342240571975708,1.2753475904464722,0.6911088824272156
2018-12-04,0.7356890439987183,113.58699798583984,83.55699920654297,1.135486125946045,1.2725884914398193,0.6927990317344666
2018-12-05,0.7345919609069824,112.6989974975586,82.7699966430664,1.1342884302139282,1.2720541954040527,0.6941118240356445
2018-12-06,0.7266386151313782,113.0510025024414,82.1449966430664,1.13490629196167,1.2727665901184082,0.6894412636756897
2018-12-07,0.7231180667877197,112.68900299072266,81.4800033569336,1.1374752521514893,1.2778573036193848,0.6882786154747009
2018-12-10,0.7184939980506897,112.50199890136719,80.77999877929688,1.1400948762893677,1.2721028327941895,0.6845095753669739
2018-12-11,0.7190985083580017,113.18099975585938,81.38099670410156,1.1356538534164429,1.2561235427856445,0.6874600052833557
2018-12-12,0.7212925553321838,113.38400268554688,81.7770004272461,1.1323105096817017,1.2492972612380981,0.6888000965118408
2018-12-13,0.7221259474754333,113.28500366210938,81.77200317382812,1.1373459100723267,1.2628655433654785,0.6859416365623474
2018-12-14,0.7224911451339722,113.55999755859375,82.0260009765625,1.1363636255264282,1.2655024528503418,0.6857017874717712
2018-12-17,0.7175660133361816,113.38999938964844,81.35900115966797,1.1305949687957764,1.2585581541061401,0.6792417168617249
2018-12-18,0.7177205085754395,112.8290023803711,80.97100067138672,1.1349835395812988,1.2615749835968018,0.6809901595115662
2018-12-19,0.7188039422035217,112.52400207519531,80.86900329589844,1.1375399827957153,1.2655024528503418,0.6852694153785706
2018-12-20,0.7113893628120422,112.41000366210938,79.9530029296875,1.1389521360397339,1.262785792350769,0.6777822971343994
2018-12-21,0.7115918397903442,111.1709976196289,79.0989990234375,1.1456853151321411,1.2669775485992432,0.6774609088897705
2018-12-24,0.7050197124481201,111.05400085449219,78.28600311279297,1.1372811794281006,1.2648941278457642,0.6717901825904846
2018-12-25,0.7052186131477356,110.31099700927734,77.76000213623047,1.140393853187561,1.2710840702056885,0.673582136631012
2018-12-26,0.7046124339103699,110.4020004272461,77.77999877929688,1.1415525674819946,1.2688745260238647,0.6730200052261353
2018-12-27,0.7074787616729736,111.20600128173828,78.66799926757812,1.1361312866210938,1.2648781538009644,0.6739816665649414
2018-12-28,0.7035317420959473,110.8550033569336,77.98100280761719,1.143105387687683,1.2646220922470093,0.6700212359428406
2018-12-31,0.7044734358787537,110.33000183105469,77.72599792480469,1.1439945697784424,1.269357681274414,0.6707717776298523
2019-01-01,0.7041757702827454,109.62999725341797,77.17500305175781,1.1493064165115356,1.2738043069839478,0.6724949479103088
2019-01-02,0.7047911882400513,109.66799926757812,77.28500366210938,1.14617121219635,1.2754288911819458,0.6713616847991943
2019-01-03,0.6918978691101074,107.44100189208984,74.32499694824219,1.1318106651306152,1.2521913051605225,0.6633586883544922
2019-01-04,0.7006235718727112,107.80799865722656,75.5270004272461,1.1391078233718872,1.2628813982009888,0.6688515543937683
2019-01-07,0.7123776078224182,108.52200317382812,77.302001953125,1.1410444974899292,1.2734960317611694,0.6743497252464294
2019-01-08,0.7145919799804688,108.61599731445312,77.56999969482422,1.1479737758636475,1.278608798980713,0.675369918346405
2019-01-09,0.7163323760032654,108.7760009765625,77.90499877929688,1.1456066370010376,1.2737879753112793,0.6740497946739197
2019-01-10,0.7175660133361816,108.18900299072266,77.62799835205078,1.1554949283599854,1.279967188835144,0.6791079044342041
2019-01-11,0.7187005877494812,108.2979965209961,77.81999969482422,1.151012897491455,1.2753963470458984,0.6785181164741516
2019-01-14,0.7205129861831665,108.45800018310547,78.08999633789062,1.146013617515564,1.2849836349487305,0.682174801826477
2019-01-15,0.7199423909187317,108.25,77.92900085449219,1.1472889184951782,1.2874983549118042,0.6826870441436768
2019-01-16,0.7207674384117126,108.64399719238281,78.29900360107422,1.1416828632354736,1.2872166633605957,0.6823609471321106
2019-01-17,0.7173087000846863,109.03700256347656,78.20600128173828,1.1398088932037354,1.2885768413543701,0.6773782968521118
2019-01-18,0.7190313339233398,109.15299987792969,78.47699737548828,1.13926362991333,1.2983977794647217,0.6763291358947754
2019-01-21,0.716383695602417,109.66100311279297,78.54100036621094,1.1365574598312378,1.2853471040725708,0.674040675163269
2019-01-22,0.7158913612365723,109.66999816894531,78.50700378417969,1.136932134628296,1.2891747951507568,0.6729927659034729
2019-01-23,0.7122101187705994,109.3550033569336,77.87300109863281,1.1364023685455322,1.2957731485366821,0.6752012372016907
2019-01-24,0.714796245098114,109.49199676513672,78.22000122070312,1.1388224363327026,1.308215618133545,0.6793893575668335
2019-01-25,0.7091192603111267,109.59700012207031,77.69400024414062,1.1313496828079224,1.3121638298034668,0.6760091185569763
2019-01-28,0.7179421186447144,109.4000015258789,78.53500366210938,1.1413049697875977,1.3208470344543457,0.683947741985321
2019-01-29,0.7165992856025696,109.25399780273438,78.28399658203125,1.143000841140747,1.3160146474838257,0.6833588480949402
2019-01-30,0.7159220576286316,109.41699981689453,78.27999877929688,1.1435366868972778,1.30804443359375,0.6823004484176636
2019-01-31,0.7254682779312134,108.98100280761719,79.04000091552734,1.1487650871276855,1.3117163181304932,0.6899882555007935
2019-02-01,0.7271669507026672,108.84400177001953,79.14199829101562,1.1449507474899292,1.3109424114227295,0.6914194822311401
2019-02-04,0.7249003052711487,109.43800354003906,79.30999755859375,1.1455278396606445,1.3077365159988403,0.6898407340049744
2019-02-05,0.7214018106460571,109.96099853515625,79.3270034790039,1.1436283588409424,1.3031013011932373,0.687809944152832
2019-02-06,0.7243752479553223,109.94100189208984,79.63099670410156,1.140992522239685,1.2957228422164917,0.690212070941925
2019-02-07,0.7109948396682739,109.9739990234375,78.18099975585938,1.1365960836410522,1.2934435606002808,0.6769701838493347
2019-02-08,0.709541916847229,109.75599670410156,77.86900329589844,1.1338768005371094,1.2949174642562866,0.6747183203697205
2019-02-11,0.7101768255233765,109.80999755859375,77.94999694824219,1.1324259042739868,1.293677806854248,0.6760411262512207
2019-02-12,0.7063493728637695,110.4000015258789,77.9729995727539,1.1279042959213257,1.2864052057266235,0.673768162727356
2019-02-13,0.7104795575141907,110.51499938964844,78.51200103759766,1.1334655284881592,1.2892080545425415,0.6741496920585632
2019-02-14,0.7092198729515076,110.9229965209961,78.63999938964844,1.12649405002594,1.2856775522232056,0.6808093190193176
2019-02-15,0.710328221321106,110.53800201416016,78.51399993896484,1.1295350790023804,1.2798361778259277,0.6832607984542847
2019-02-18,0.7145408987998962,110.56400299072266,78.99500274658203,1.1298030614852905,1.290555715560913,0.6865491271018982
2019-02-19,0.7132158875465393,110.59100341796875,78.86000061035156,1.131196141242981,1.2924071550369263,0.6856594681739807
2019-02-20,0.7166917324066162,110.5719985961914,79.24199676513672,1.1343011856079102,1.3061310052871704,0.6879944801330566
2019-02-21,0.7170000672340393,110.76499938964844,79.39600372314453,1.1346358060836792,1.30451238155365,0.6858381032943726
2019-02-22,0.710883617401123,110.70800018310547,78.69100189208984,1.1343011856079102,1.3041380643844604,0.681430995464325
2019-02-25,0.7159220576286316,110.77200317382812,79.27799987792969,1.1342240571975708,1.306557536125183,0.686582088470459
2019-02-26,0.7174115777015686,111.0459976196289,79.62999725341797,1.1367511749267578,1.31271493434906,0.6885914206504822
2019-02-27,0.719398558139801,110.55599975585938,79.5,1.1393154859542847,1.3258028030395508,0.6895790696144104
2019-02-28,0.7148473858833313,110.86199951171875,79.24500274658203,1.1380189657211304,1.3318239450454712,0.6853587031364441
2019-03-01,0.7102777361869812,111.35700225830078,79.08599853515625,1.1373459100723267,1.3264886140823364,0.6821980476379395
2019-03-04,0.7100305557250977,111.93800354003906,79.47100067138672,1.1375917196273804,1.3239772319793701,0.6822911500930786
2019-03-05,0.7092198729515076,111.7770004272461,79.26899719238281,1.1337354183197021,1.3178529739379883,0.6823703050613403
2019-03-06,0.7087423801422119,111.86599731445312,79.27999877929688,1.1307101249694824,1.3156682252883911,0.6800916790962219
2019-03-07,0.7034822702407837,111.62300109863281,78.4800033569336,1.1314009428024292,1.3182177543640137,0.6771397590637207
2019-03-08,0.7023458480834961,111.63400268554688,78.3949966430664,1.1198333501815796,1.3092432022094727,0.6764801144599915
2019-03-11,0.7039278745651245,111.08000183105469,78.18499755859375,1.1232421398162842,1.2988362312316895,0.6806888580322266
2019-03-12,0.7073386311531067,111.34200286865234,78.7490005493164,1.1259232759475708,1.3248542547225952,0.6837139129638672
2019-03-13,0.7064142823219299,111.30599975585938,78.5999984741211,1.1287446022033691,1.3066771030426025,0.6853821277618408
2019-03-14,0.7087172269821167,111.19599914550781,78.8010025024414,1.133105993270874,1.3285682201385498,0.6858381032943726
2019-03-15,0.706813633441925,111.75299835205078,78.98500061035156,1.1308379173278809,1.3258554935455322,0.6837139129638672
2019-03-18,0.7082905769348145,111.56099700927734,79.0,1.1319772005081177,1.329716444015503,0.684359610080719
2019-03-19,0.7099751830101013,111.37300109863281,79.05799865722656,1.133619785308838,1.326435923576355,0.6846032738685608
2019-03-20,0.7089684009552002,111.4010009765625,78.94999694824219,1.135486125946045,1.3271400928497314,0.6855888962745667
2019-03-21,0.7135212421417236,110.66000366210938,78.9280014038086,1.1427918672561646,1.320533037185669,0.6918978691101074
2019-03-22,0.710782527923584,110.80599975585938,78.73799896240234,1.1375011205673218,1.313232183456421,0.68822181224823
2019-03-25,0.7083156108856201,110.08100128173828,77.93599700927734,1.129586100578308,1.3206549882888794,0.6877484321594238
2019-03-26,0.7116121053695679,110.06800079345703,78.31600189208984,1.131580114364624,1.3215277194976807,0.6912713050842285
2019-03-27,0.713699460029602,110.55400085449219,78.87000274658203,1.127484679222107,1.321143627166748,0.690817654132843
2019-03-28,0.7084510922431946,110.48999786376953,78.26000213623047,1.1251758337020874,1.3152703046798706,0.6798281073570251
2019-03-29,0.7083156108856201,110.63700103759766,78.33000183105469,1.1230024099349976,1.30565345287323,0.6781821846961975
2019-04-01,0.7113893628120422,110.99500274658203,78.94200134277344,1.1223849058151245,1.3022867441177368,0.6824122071266174
2019-04-02,0.710989773273468,111.45099639892578,79.23100280761719,1.1205737590789795,1.3068991899490356,0.6790249347686768
2019-04-03,0.7058408260345459,111.30500030517578,78.55599975585938,1.1203854084014893,1.312766671180725,0.6752285361289978
2019-04-04,0.7117488384246826,111.3949966430664,79.27300262451172,1.1246949434280396,1.3176966905593872,0.6789788007736206
2019-04-05,0.7110353112220764,111.65799713134766,79.38400268554688,1.1225864887237549,1.3077024221420288,0.6757989525794983
2019-04-08,0.7101768255233765,111.71099853515625,79.31300354003906,1.121956706047058,1.3038150072097778,0.6731740236282349
2019-04-09,0.7121593952178955,111.45600128173828,79.36900329589844,1.1256444454193115,1.306335687637329,0.6739407777786255
2019-04-10,0.7129108309745789,111.1050033569336,79.19300079345703,1.126697063446045,1.305721640586853,0.6752604842185974
2019-04-11,0.7166917324066162,110.98500061035156,79.53600311279297,1.1276500225067139,1.3099292516708374,0.6768510341644287
2019-04-12,0.7122507095336914,111.62100219726562,79.49400329589844,1.1260753870010376,1.3056023120880127,0.6724587678909302
2019-04-15,0.7173087000846863,112.02799987792969,80.33000183105469,1.1305055618286133,1.3083868026733398,0.6768693327903748
2019-04-16,0.7176175117492676,111.94300079345703,80.2959976196289,1.1304928064346313,1.3102725744247437,0.6767594218254089
2019-04-17,0.7164915204048157,111.99299621582031,80.23200225830078,1.128502607345581,1.3046314716339111,0.6710193157196045
2019-04-18,0.7174115777015686,112.03600311279297,80.33699798583984,1.129713773727417,1.3039339780807495,0.6726487278938293
2019-04-19,0.714796245098114,111.98899841308594,80.01399993896484,1.1235954761505127,1.2994438409805298,0.6687307953834534
2019-04-22,0.715103030204773,111.91000366210938,79.95999908447266,1.1244546175003052,1.299376368522644,0.6686279773712158
2019-04-23,0.7137249112129211,111.92900085449219,79.83999633789062,1.1258978843688965,1.2981449365615845,0.6683107018470764
2019-04-24,0.7096678018569946,111.87699890136719,79.30799865722656,1.122435212135315,1.2938116788864136,0.6654378771781921
2019-04-25,0.7014589905738831,112.12999725341797,78.62000274658203,1.1153494119644165,1.2904890775680542,0.6595479249954224
2019-04-26,0.7017790079116821,111.53900146484375,78.27999877929688,1.113684892654419,1.289607048034668,0.6633191108703613
2019-04-29,0.7044287323951721,111.59300231933594,78.61399841308594,1.1150261163711548,1.2920230627059937,0.6667200326919556
2019-04-30,0.7055171132087708,111.677001953125,78.7699966430664,1.1185182332992554,1.2932428121566772,0.6670224070549011
2019-05-01,0.705129086971283,111.3949966430664,78.5250015258789,1.121604323387146,1.3039849996566772,0.6656016707420349
2019-05-02,0.7014589905738831,111.4520034790039,78.17500305175781,1.1200841665267944,1.3053126335144043,0.6627915501594543
2019-05-03,0.6995453238487244,111.49500274658203,77.98999786376953,1.1173559427261353,1.3033220767974854,0.6616294384002686
2019-05-06,0.69733065366745,110.62300109863281,77.13700103759766,1.1185808181762695,1.3150626420974731,0.6607595086097717
2019-05-07,0.6992518305778503,110.80500030517578,77.47699737548828,1.1201846599578857,1.3099292516708374,0.6607987880706787
2019-05-08,0.7008494734764099,110.25700378417969,77.2699966430664,1.1191065311431885,1.3068820238113403,0.6596697568893433
2019-05-09,0.6994963884353638,110.02799987792969,76.93699645996094,1.1198333501815796,1.3012022972106934,0.65845787525177
2019-05-10,0.6987094879150391,109.80699920654297,76.71600341796875,1.1222084760665894,1.3009653091430664,0.6587311625480652
2019-05-13,0.6985093951225281,109.65399932861328,76.58300018310547,1.1236460208892822,1.3010668754577637,0.6591610312461853
2019-05-14,0.6945891380310059,109.15399932861328,75.80699920654297,1.1232547760009766,1.2963106632232666,0.6576784253120422
2019-05-15,0.6939143538475037,109.6709976196289,76.0770034790039,1.1204482316970825,1.2906556129455566,0.6571295261383057
2019-05-16,0.6927126049995422,109.4749984741211,75.8239974975586,1.1207244396209717,1.2847524881362915,0.6563402414321899
2019-05-17,0.6893223524093628,109.87100219726562,75.69000244140625,1.1173559427261353,1.2797706127166748,0.6535306572914124
2019-05-20,0.690321683883667,110.16000366210938,76.02999877929688,1.1165324449539185,1.2731555700302124,0.6528011560440063
2019-05-21,0.6920607089996338,110.06999969482422,76.16999816894531,1.1168566942214966,1.2729123830795288,0.6540393233299255
2019-05-22,,,76.09400177001953,,,
2019-05-23,0.6877579092979431,110.22100067138672,75.7979965209961,1.1155484914779663,1.2664159536361694,0.6495193243026733
2019-05-24,0.689959704875946,109.55799865722656,75.58000183105469,1.1184556484222412,1.2664639949798584,0.6522603631019592
2019-05-27,0.6932889819145203,109.4010009765625,75.8239974975586,1.1209630966186523,1.2724751234054565,0.655750572681427
2019-05-28,0.6919936537742615,109.50900268554688,75.76799774169922,1.1193821430206299,1.2682307958602905,0.6546516418457031
2019-05-29,0.6926167011260986,109.34600067138672,75.7040023803711,1.1170687675476074,1.2659670114517212,0.6545487642288208
2019-05-30,0.691840410232544,109.54199981689453,75.75599670410156,1.1137346029281616,1.2629451751708984,0.6514403223991394
2019-05-31,0.6906077861785889,109.35700225830078,75.50700378417969,1.1131147146224976,1.2609704732894897,0.6506688594818115
2019-06-03,0.6929622888565063,108.21199798583984,74.97799682617188,1.1174057722091675,1.2639508247375488,0.6534196734428406
2019-06-04,0.6972042322158813,108.0270004272461,75.302001953125,1.124631643295288,1.2664159536361694,0.6592783331871033
2019-06-05,0.6991393566131592,108.25399780273438,75.6760025024414,1.1254037618637085,1.2702767848968506,0.660969078540802
2019-06-06,0.6971070170402527,108.3280029296875,75.50599670410156,1.1229015588760376,1.2688584327697754,0.6627344489097595
2019-06-07,0.6975446939468384,108.4540023803711,75.63800048828125,1.1276500225067139,1.269841194152832,0.6619009971618652
2019-06-10,0.6995893716812134,108.4489974975586,75.86199951171875,1.1320157051086426,1.2722970247268677,0.665708065032959
2019-06-11,0.6961122155189514,108.35900115966797,75.4219970703125,1.1318106651306152,1.2691160440444946,0.6614194512367249
2019-06-12,0.6960880160331726,108.4739990234375,75.49400329589844,1.1329518556594849,1.2724426984786987,0.6584188938140869
2019-06-13,0.6930487751960754,108.48799896240234,75.1780014038086,1.1295605897903442,1.2693415880203247,0.6577087044715881
2019-06-14,0.6913239359855652,108.32099914550781,74.86299896240234,1.1280443668365479,1.268005609512329,0.6558710336685181
2019-06-17,0.6878904104232788,108.57599639892578,74.68099975585938,1.1217050552368164,1.2596044540405273,0.6498908400535583
2019-06-18,0.6854009628295898,108.53900146484375,74.37000274658203,1.1224603652954102,1.2541544437408447,0.6497599482536316
2019-06-19,0.6880418062210083,108.572998046875,74.69499969482422,1.1198208332061768,1.2566603422164917,0.6534580588340759
2019-06-20,0.688548743724823,108.11499786376953,74.43499755859375,1.1238480806350708,1.2656625509262085,0.6554583311080933
2019-06-21,0.6922379732131958,107.2770004272461,74.25599670410156,1.1295605897903442,1.2707933187484741,0.6584709286689758
2019-06-24,0.6944299936294556,107.31199645996094,74.51300048828125,1.1384724378585815,1.2750873565673828,0.6597480773925781
2019-06-25,0.696567952632904,107.3270034790039,74.7509994506836,1.140029788017273,1.2739664316177368,0.6624096035957336
2019-06-26,0.6961848735809326,107.16600036621094,74.56999969482422,1.1369967460632324,1.2690677642822266,0.6633411049842834
2019-06-27,0.6986606121063232,107.73799896240234,75.26499938964844,1.1374752521514893,1.269841194152832,0.66806960105896
2019-06-28,0.7003781795501709,107.74700164794922,75.45700073242188,1.1372941732406616,1.267748475074768,0.6701918840408325
2019-07-01,0.702331006526947,108.38200378417969,76.11199951171875,1.1364928483963013,1.2694543600082397,0.6723185777664185
2019-07-02,0.6964758634567261,108.36599731445312,75.46700286865234,1.1287446022033691,1.2644623517990112,0.6675121784210205
2019-07-03,0.699594259262085,107.80500030517578,75.39399719238281,1.1293054819107056,1.25982666015625,0.6678822040557861
2019-07-04,0.7031310796737671,107.77899932861328,75.76000213623047,1.1287955045700073,1.2582731246948242,0.6709157824516296
2019-07-05,0.702538251876831,107.80799865722656,75.73200225830078,1.128579020500183,1.2583048343658447,0.669178307056427
2019-07-08,0.6982752084732056,108.4739990234375,75.70999908447266,1.1227376461029053,1.2525520324707031,0.6631079912185669
2019-07-09,0.6973987221717834,108.72100067138672,75.7969970703125,1.121604323387146,1.2516427040100098,0.6628003716468811
2019-07-10,0.6927126049995422,108.92400360107422,75.44000244140625,1.120824933052063,1.2458575963974,0.6601400971412659
2019-07-11,0.6961848735809326,108.33399963378906,75.38700103759766,1.125885248184204,1.2508130073547363,0.664548933506012
2019-07-12,0.6972576975822449,108.58799743652344,75.70600128173828,1.1252391338348389,1.2523481845855713,0.6663779020309448
2019-07-15,0.7017790079116821,107.83200073242188,75.66899871826172,1.1272051334381104,1.2571974992752075,0.6694919466972351
2019-07-16,0.7040022611618042,107.88899993896484,75.947998046875,1.1261768341064453,1.251799464225769,0.6724406480789185
2019-07-17,0.701655924320221,108.20099639892578,75.91200256347656,1.1212271451950073,1.2412029504776,0.670218825340271
2019-07-18,0.7010164856910706,107.93699645996094,75.62999725341797,1.12296462059021,1.2434717416763306,0.6733598709106445
2019-07-19,0.7067188024520874,107.4010009765625,75.89900207519531,1.1261515617370605,1.2541857957839966,0.6777317523956299
2019-07-22,0.7043097019195557,107.80999755859375,75.9280014038086,1.1218308210372925,1.2512825727462769,0.6760868430137634
2019-07-23,0.7031854391098022,107.90399932861328,75.83799743652344,1.1206114292144775,1.2474894523620605,0.6739906668663025
2019-07-24,0.6997410655021667,108.23200225830078,75.71700286865234,1.1151255369186401,1.243904948234558,0.6699494123458862
2019-07-25,0.697934091091156,108.18900299072266,75.49800109863281,1.1142433881759644,1.2485953569412231,0.6701694130897522
2019-07-26,0.6952168941497803,108.66600036621094,75.51000213623047,1.1146159172058105,1.2453454732894897,0.6660494804382324
2019-07-29,0.6906220316886902,108.63300323486328,75.0199966430664,1.1132138967514038,1.2376697063446045,0.6637197732925415
2019-07-30,0.6899406909942627,108.86599731445312,75.11000061035156,1.1143054962158203,1.2217471599578857,0.6630904078483582
2019-07-31,0.6875215172767639,108.56199645996094,74.62999725341797,1.1157974004745483,1.2161602973937988,0.6617783308029175
2019-08-01,0.6846501231193542,108.81999969482422,74.4800033569336,1.1071745157241821,1.215376853942871,0.6552779078483582
2019-08-02,0.6803507804870605,107.43099975585938,73.08300018310547,1.1078859567642212,1.2124298810958862,0.6554496884346008
2019-08-05,0.6793016791343689,106.5770034790039,72.37799835205078,1.1108025312423706,1.215214490890503,0.6522731781005859
2019-08-06,0.6763520240783691,105.59300231933594,71.41200256347656,1.1243788003921509,1.2158203125,0.6559914946556091
2019-08-07,0.6763017177581787,106.33699798583984,71.90699768066406,1.1206992864608765,1.2169743776321411,0.6532403826713562
2019-08-08,0.6758126616477966,106.12100219726562,71.71800231933594,1.1204355955123901,1.2143291234970093,0.6451280117034912
2019-08-09,0.6811710596084595,105.8740005493164,72.11000061035156,1.1187183856964111,1.2143733501434326,0.6485715508460999
2019-08-12,0.6776812076568604,105.38200378417969,71.40599822998047,1.1208499670028687,1.2021976709365845,0.6462787389755249
2019-08-13,0.6755889058113098,105.35800170898438,71.16999816894531,1.1218308210372925,1.207875370979309,0.6448201537132263
2019-08-14,0.6797772645950317,106.58999633789062,72.45099639892578,1.1177055835723877,1.2064181566238403,0.6462202668190002
2019-08-15,0.6754018664360046,105.91600036621094,71.53299713134766,1.1143302917480469,1.2060399055480957,0.6438900828361511
2019-08-16,0.6772773265838623,106.08300018310547,71.81999969482422,1.1113580465316772,1.209160566329956,0.6435089111328125
2019-08-19,0.6786608695983887,106.43000030517578,72.19999694824219,1.109385371208191,1.2161011695861816,0.6426693797111511
2019-08-20,0.6755843758583069,106.5739974975586,71.97000122070312,1.1083157062530518,1.2131506204605103,0.6404796242713928
2019-08-21,0.6775205135345459,106.27400207519531,71.99400329589844,1.1097793579101562,1.2162343263626099,0.6411406993865967
2019-08-22,0.678499698638916,106.59700012207031,72.31099700927734,1.10907781124115,1.213224172592163,0.6405287981033325
2019-08-23,0.6755843758583069,106.46800231933594,71.9000015258789,1.1084016561508179,1.2251899242401123,0.6388307213783264
2019-08-26,0.6708078384399414,104.85199737548828,70.3280029296875,1.1143054962158203,1.2262415885925293,0.6362982988357544
2019-08-27,0.6769564151763916,105.97799682617188,71.73899841308594,1.1103708744049072,1.222195029258728,0.6386919617652893
2019-08-28,0.6754383444786072,105.73799896240234,71.41600036621094,1.109004020690918,1.2283201217651367,0.636448085308075
2019-08-29,0.6739588975906372,106.06999969482422,71.4800033569336,1.1085859537124634,1.2218515872955322,0.6337296366691589
2019-08-30,0.673582136631012,106.43800354003906,71.68599700927734,1.1061947345733643,1.218650221824646,0.6317797899246216
2019-09-02,0.672766387462616,106.12799835205078,71.38700103759766,1.0991789102554321,1.21592378616333,0.630079984664917
2019-09-03,0.6712490320205688,106.19300079345703,71.2699966430664,1.0968520641326904,1.2066656351089478,0.6305209994316101
2019-09-04,0.6763977408409119,105.86100006103516,71.5999984741211,1.0974539518356323,1.2090436220169067,0.6338903307914734
2019-09-05,0.6799945831298828,106.32499694824219,72.2699966430664,1.10349702835083,1.2248897552490234,0.6356592178344727
2019-09-06,0.6811803579330444,107.0719985961914,72.92900085449219,1.1036310195922852,1.2323921918869019,0.637259304523468
2019-09-09,0.6846688985824585,106.94499969482422,73.21499633789062,1.1020619869232178,1.2283051013946533,0.6427106857299805
2019-09-10,0.6865302920341492,107.33699798583984,73.67900085449219,1.1048381328582764,1.2345373630523682,0.6428015828132629
2019-09-11,0.6858522295951843,107.5999984741211,73.77999877929688,1.1050333976745605,1.2354830503463745,0.6418073177337646
2019-09-12,0.6873797178268433,108.02100372314453,74.24600219726562,1.1013457775115967,1.233471393585205,0.6420587301254272
2019-09-13,0.6863889098167419,108.1760025024414,74.23899841308594,1.1058276891708374,1.2329391241073608,0.6402294635772705
2019-09-16,0.6879944801330566,107.76499938964844,74.11799621582031,1.1083402633666992,1.2497344017028809,0.6385411024093628
2019-09-17,0.686294674873352,108.16100311279297,74.2239990234375,1.100594401359558,1.2428536415100098,0.6343004107475281
2019-09-18,0.6866245269775391,108.08699798583984,74.21199798583984,1.1074687242507935,1.2502655982971191,0.6362010836601257
2019-09-19,0.6825705766677856,108.42500305175781,73.9990005493164,1.1031439304351807,1.247053861618042,0.6321112513542175
2019-09-20,0.6792786121368408,108.04100036621094,73.38500213623047,1.1048502922058105,1.2525050640106201,0.6296594738960266
2019-09-23,0.6769014596939087,107.6520004272461,72.86399841308594,1.1019041538238525,1.2471938133239746,0.6267313361167908
2019-09-24,0.6775985956192017,107.61399841308594,72.88500213623047,1.0993722677230835,1.243456244468689,0.6297784447669983
2019-09-25,0.6799483299255371,107.16300201416016,72.81999969482422,1.1016855239868164,1.2485953569412231,0.6318396925926208
2019-09-26,0.6755387783050537,107.69200134277344,72.74700164794922,1.0952903032302856,1.2359564304351807,0.6273998022079468
2019-09-27,0.6754018664360046,107.75599670410156,72.77100372314453,1.0922753810882568,1.2331976890563965,0.629830002784729
2019-09-30,0.6760868430137634,107.94400024414062,72.95999908447266,1.0942714214324951,1.2293167114257812,0.6286382675170898
2019-10-01,0.6753106117248535,108.06900024414062,72.94000244140625,1.0899657011032104,1.2289994955062866,0.626228928565979
2019-10-02,0.6708707809448242,107.73699951171875,72.26000213623047,1.0934937000274658,1.2292261123657227,0.6244106888771057
2019-10-03,0.6709608435630798,107.16300201416016,71.88500213623047,1.0963709354400635,1.230436086654663,0.6266999244689941
2019-10-04,0.6745316982269287,106.82599639892578,72.04900360107422,1.0975382328033447,1.2342326641082764,0.6303898096084595
2019-10-07,0.6764526963233948,106.76399993896484,72.2030029296875,1.098659634590149,1.2334411144256592,0.6316680312156677
2019-10-08,0.6732510924339294,107.2509994506836,72.1989974975586,1.0972130298614502,1.2288031578063965,0.6291682124137878
2019-10-09,0.6728116869926453,106.96099853515625,71.95700073242188,1.0960105657577515,1.2219561338424683,0.6298617720603943
2019-10-10,0.6718172430992126,107.1780014038086,71.99500274658203,1.0987803936004639,1.2212995290756226,0.628788411617279
2019-10-11,0.6763200163841248,107.87999725341797,72.9540023803711,1.1011033058166504,1.2433171272277832,0.632611095905304
2019-10-14,0.679638683795929,108.45899963378906,73.7040023803711,1.1030004024505615,1.261899709701538,0.6328593492507935
2019-10-15,0.6775398254394531,108.38800048828125,73.43199920654297,1.1029006242752075,1.2611771821975708,0.6306005120277405
2019-10-16,0.6753197908401489,108.81700134277344,73.4739990234375,1.1034727096557617,1.2760635614395142,0.6295484900474548
2019-10-17,0.6756391525268555,108.677001953125,73.4000015258789,1.107493281364441,1.2823801040649414,0.6288082003593445
2019-10-18,0.6825472712516785,108.58100128173828,74.1050033569336,1.1127183437347412,1.286860466003418,0.6354814767837524
2019-10-21,0.6847720146179199,108.40799713134766,74.22599792480469,1.1155734062194824,1.2900229692459106,0.6385998129844666
2019-10-22,0.6870585680007935,108.60099792480469,74.60099792480469,1.1151753664016724,1.297168254852295,0.6411982774734497
2019-10-23,0.6861298680305481,108.48300170898438,74.4229965209961,1.112928867340088,1.2884771823883057,0.6411818265914917
2019-10-24,0.6850300431251526,108.64199829101562,74.41699981689453,1.1132385730743408,1.2923235893249512,0.6421700119972229
2019-10-25,0.6816632747650146,108.60600280761719,74.0199966430664,1.1103955507278442,1.2840267419815063,0.6377795338630676
2019-10-28,0.682400107383728,108.73400115966797,74.18000030517578,1.1084262132644653,1.283202886581421,0.6358693838119507
2019-10-29,0.6839599013328552,108.96399688720703,74.5199966430664,1.1099148988723755,1.2857435941696167,0.6353886127471924
2019-10-30,0.6855888962745667,108.8740005493164,74.63500213623047,1.1114816665649414,1.2866700887680054,0.6352109909057617
2019-10-31,0.6897883415222168,108.78900146484375,75.03600311279297,1.1154489517211914,1.290172815322876,0.6409598588943481
2019-11-01,0.6892986297607422,107.99600219726562,74.43299865722656,1.1157102584838867,1.2939623594284058,0.6414985060691833
2019-11-04,0.6917997598648071,108.22000122070312,74.8280029296875,1.1166571378707886,1.2937614917755127,0.6435089111328125
2019-11-05,0.6890279054641724,108.69400024414062,74.86399841308594,1.1128545999526978,1.2891582250595093,0.6402294635772705
2019-11-06,0.6890848875045776,109.14600372314453,75.20099639892578,1.107419729232788,1.288062334060669,0.637421727180481
2019-11-07,0.6877300143241882,108.91300201416016,74.89600372314453,1.1070396900177002,1.2856775522232056,0.6366385221481323
2019-11-08,0.6860997080802917,109.27400207519531,75.37000274658203,1.1019697189331055,1.2779992818832397,0.6380997896194458
2019-11-11,0.6858004927635193,109.22599792480469,74.9000015258789,1.102244257926941,1.2796396017074585,0.6332681179046631
2019-11-12,0.6850253343582153,109.04199981689453,74.65799713134766,1.1035456657409668,1.2858428955078125,0.6364886164665222
2019-11-13,0.6843999624252319,108.99299621582031,74.56600189208984,1.1012367010116577,1.285214900970459,0.6336613297462463
2019-11-14,0.6839500665664673,108.7979965209961,74.40699768066406,1.1013215780258179,1.2853800058364868,0.6415314674377441
2019-11-15,0.6788313388824463,108.49199676513672,73.63899993896484,1.1020498275756836,1.2881784439086914,0.6381784081459045
2019-11-18,0.6815982460975647,108.6989974975586,74.08100128173828,1.105509877204895,1.2921231985092163,0.6401802897453308
2019-11-19,0.680522084236145,108.66200256347656,73.94100189208984,1.1072357892990112,1.2950851917266846,0.6397216320037842
2019-11-20,0.6824899911880493,108.44499969482422,74.00900268554688,1.1080001592636108,1.2929502725601196,0.6431405544281006
2019-11-21,0.6798997521400452,108.47799682617188,73.70999908447266,1.1078859567642212,1.2927078008651733,0.6410995721817017
2019-11-22,0.6789419054985046,108.58499908447266,73.71600341796875,1.1065863370895386,1.2919896841049194,0.6406999230384827
2019-11-25,0.6792001724243164,108.7300033569336,73.84500122070312,1.1022562980651855,1.2853471040725708,0.6409311294555664
2019-11-26,0.677639901638031,108.99199676513672,73.84700012207031,1.1014429330825806,1.289723515510559,0.6415109038352966
2019-11-27,0.6789000034332275,109.09700012207031,74.03199768066406,1.1022562980651855,1.2860909700393677,0.6426982879638672
2019-11-28,0.6767200231552124,109.36699676513672,74.00499725341797,1.1004853248596191,1.2929919958114624,0.6413010954856873
2019-11-29,0.6769000291824341,109.51200103759766,74.11199951171875,1.101176142692566,1.29128897190094,0.6420091986656189
2019-12-02,0.6764801144599915,109.53500366210938,74.08699798583984,1.1019041538238525,1.29128897190094,0.6432108879089355
2019-12-03,0.6818817257881165,109.02200317382812,74.3270034790039,1.1079105138778687,1.294062852859497,0.6498781442642212
2019-12-04,0.6848700046539307,108.65299987792969,74.41000366210938,1.1085245609283447,1.2997816801071167,0.6518301367759705
2019-12-05,0.684960126876831,108.83200073242188,74.54100036621094,1.108303427696228,1.311131477355957,0.6550204157829285
2019-12-06,0.6833000183105469,108.73799896240234,74.26000213623047,1.1105434894561768,1.3158414363861084,0.6544117331504822
2019-12-09,0.683531641960144,108.62699890136719,74.24199676513672,1.105888843536377,1.3139568567276,0.6559183597564697
2019-12-10,0.6827998757362366,108.58200073242188,74.10600280761719,1.106499433517456,1.314578652381897,0.6548788547515869
2019-12-11,0.6811400055885315,108.76399993896484,74.0770034790039,1.1092746257781982,1.3131287097930908,0.6545016765594482
2019-12-12,0.687049150466919,108.54900360107422,74.56800079345703,1.1135857105255127,1.3200099468231201,0.6580800414085388
2019-12-13,0.6927126049995422,109.41300201416016,75.7760009765625,1.1186057329177856,1.347527265548706,0.6620499491691589
2019-12-16,0.6874789595603943,109.4000015258789,75.19499969482422,1.1124460697174072,1.335327386856079,0.6592696905136108
2019-12-17,0.6874316930770874,109.57599639892578,75.2979965209961,1.1136974096298218,1.3272457122802734,0.6593601107597351
2019-12-18,0.6852600574493408,109.51599884033203,75.02400207519531,1.115138053894043,1.3122154474258423,0.6569180488586426
2019-12-19,0.6854700446128845,109.5510025024414,75.08699798583984,1.1115927696228027,1.3087291717529297,0.6584492325782776
2019-12-20,0.6893000602722168,109.38300323486328,75.3499984741211,1.1125946044921875,1.3017443418502808,0.6612619757652283
2019-12-23,0.6903898119926453,109.4990005493164,75.59100341796875,1.1079840660095215,1.3005423545837402,0.6607507467269897
2019-12-24,0.6925197839736938,109.38200378417969,75.7239990234375,1.109385371208191,1.2944984436035156,0.6634599566459656
2019-12-25,0.6921852231025696,109.38300323486328,75.68000030517578,1.1090162992477417,1.2934937477111816,0.6642999649047852
2019-12-26,0.6924728155136108,109.36900329589844,75.72699737548828,1.1095454692840576,1.2973533868789673,0.6647000312805176
2019-12-27,0.6946374177932739,109.54199981689453,76.08899688720703,1.110111951828003,1.3002209663391113,0.6672716736793518
2019-12-30,0.6982996463775635,109.4280014038086,76.41600036621094,1.1182304620742798,1.3091918230056763,0.6706413626670837
2019-12-31,0.7001398801803589,108.87300109863281,76.23899841308594,1.120229721069336,1.3113033771514893,0.6734777688980103
2020-01-01,0.7017002105712891,108.68099975585938,76.20999908447266,1.1220825910568237,1.326259970664978,0.6785798072814941
2020-01-02,0.7019514441490173,108.71299743652344,76.302001953125,1.1220825910568237,1.3250298500061035,0.6737182140350342
2020-01-03,0.6985191702842712,108.54299926757812,75.7959976196289,1.1171437501907349,1.3152703046798706,0.6700212359428406
2020-01-06,0.694420337677002,107.96399688720703,74.96499633789062,1.1161960363388062,1.308010220527649,0.665530800819397
2020-01-07,0.693731427192688,108.40599822998047,75.19599914550781,1.1197994947433472,1.317002534866333,0.6669512391090393
2020-01-08,0.6860399842262268,108.01599884033203,74.08999633789062,1.1154738664627075,1.31137216091156,0.6631211638450623
2020-01-09,0.6873801350593567,109.03099822998047,74.94000244140625,1.1113210916519165,1.3105130195617676,0.6654289960861206
2020-01-10,0.6853210926055908,109.50700378417969,75.03900146484375,1.1111111640930176,1.3070186376571655,0.6607987880706787
2020-01-13,0.6900601387023926,109.56600189208984,75.59700012207031,1.1116669178009033,1.3045634031295776,0.6637682318687439
2020-01-14,0.6898902058601379,109.99199676513672,75.87699890136719,1.1135733127593994,1.2988194227218628,0.6626817584037781
2020-01-15,0.6896551251411438,109.85399627685547,75.73999786376953,1.113089919090271,1.3022528886795044,0.660969078540802
2020-01-16,0.6907795071601868,109.88300323486328,75.89399719238281,1.1154004335403442,1.3041210174560547,0.6619185209274292
2020-01-17,0.6901001930236816,110.17500305175781,75.98500061035156,1.1139578819274902,1.3078734874725342,0.6638211011886597
2020-01-20,0.6881791353225708,110.18000030517578,75.81999969482422,1.1094592809677124,1.3007283210754395,0.6619710922241211
2020-01-21,0.6876397132873535,110.1729965209961,75.75399780273438,1.109693169593811,1.3005592823028564,0.6608904600143433
2020-01-22,0.684689998626709,109.90799713134766,75.24500274658203,1.108561396598816,1.3048017024993896,0.6595305800437927
2020-01-23,0.6842987537384033,109.72799682617188,75.06999969482422,1.1096439361572266,1.3144749402999878,0.659639298915863
2020-01-24,0.6839804649353027,109.552001953125,74.92400360107422,1.1055220365524292,1.311991572380066,0.6614719033241272
2020-01-27,0.680188775062561,108.802001953125,73.99800109863281,1.1025358438491821,1.3061821460723877,0.6572720408439636
2020-01-28,0.6761700510978699,108.91999816894531,73.64399719238281,1.101976990699768,1.3060115575790405,0.6545788049697876
2020-01-29,0.6764206886291504,109.13200378417969,73.81199645996094,1.1022562980651855,1.3024563789367676,0.6540094017982483
2020-01-30,0.6752194762229919,108.98699951171875,73.56999969482422,1.1016855239868164,1.3022021055221558,0.6527202129364014
2020-01-31,0.6708257794380188,108.87699890136719,73.02300262451172,1.1029127836227417,1.3089004755020142,0.6485421061515808
2020-02-03,0.66936194896698,108.37200164794922,72.53199768066406,1.1089794635772705,1.31816565990448,0.6459489464759827
2020-02-04,0.6690497994422913,108.61199951171875,72.65899658203125,1.1062926054000854,1.2997479438781738,0.6461117267608643
2020-02-05,0.6731785535812378,109.4469985961914,73.66799926757812,1.1047282218933105,1.3032711744308472,0.6493801474571228
2020-02-06,0.6751797795295715,109.81400299072266,74.12000274658203,1.1002310514450073,1.2997140884399414,0.6481889486312866
2020-02-07,0.6733997464179993,109.96800231933594,74.0270004272461,1.0982975959777832,1.2930254936218262,0.6463000178337097
2020-02-10,0.6672316193580627,109.6449966430664,73.1510009765625,1.0949305295944214,1.2891582250595093,0.6399590373039246
2020-02-11,0.6690099835395813,109.76599884033203,73.43099975585938,1.0913456678390503,1.2918227910995483,0.6388592720031738
2020-02-12,0.6720998883247375,109.84300231933594,73.79100036621094,1.091941475868225,1.2956557273864746,0.6406519412994385
2020-02-13,0.6713197827339172,109.84600067138672,73.7300033569336,1.0875948667526245,1.295756459236145,0.6447120904922485
2020-02-14,0.6721997857093811,109.75800323486328,73.73600006103516,1.0845986604690552,1.3046824932098389,0.6443091630935669
2020-02-17,0.6725989580154419,109.79100036621094,73.83799743652344,1.0841753482818604,1.3052955865859985,0.6446580290794373
2020-02-18,0.6711999773979187,109.83000183105469,73.68000030517578,1.0840108394622803,1.3008975982666016,0.6438984274864197
2020-02-19,0.6696000099182129,109.91899871826172,73.55000305175781,1.079540491104126,1.3002209663391113,0.6394516229629517
2020-02-20,0.6684000492095947,111.20999908447266,74.29399871826172,1.081009864807129,1.2928247451782227,0.6389816999435425
2020-02-21,0.6613800525665283,111.9540023803711,74.03700256347656,1.078799843788147,1.2883278131484985,0.6332480907440186
2020-02-24,0.6606900691986084,111.55699920654297,73.69599914550781,1.0839051008224487,1.29537034034729,0.6323310732841492
2020-02-25,0.6612007021903992,110.85700225830078,73.29199981689453,1.0849199295043945,1.292657732963562,0.6344292163848877
2020-02-26,0.6605198383331299,110.28600311279297,72.84100341796875,1.0881996154785156,1.3003394603729248,0.6321592330932617
2020-02-27,0.6546516418457031,110.36299896240234,72.24800109863281,1.0885894298553467,1.2906889915466309,0.6286817193031311
2020-02-28,0.6580203175544739,109.66000366210938,72.15299987792969,1.0997228622436523,1.2888922691345215,0.6311696767807007
2020-03-02,0.6516313552856445,107.6969985961914,70.16899871826172,1.1051311492919922,1.2807048559188843,0.6229403614997864
2020-03-03,0.6547498106956482,108.48699951171875,71.0199966430664,1.1144047975540161,1.2767152786254883,0.6265585422515869
2020-03-04,0.6582195162773132,107.03700256347656,70.46199798583984,1.118067979812622,1.2820841073989868,0.6269199252128601
2020-03-05,0.6626901030540466,107.677001953125,71.35099792480469,1.113908290863037,1.2874983549118042,0.6300284266471863
2020-03-06,0.6615506410598755,106.24800109863281,70.27899932861328,1.1223849058151245,1.295068383216858,0.6313091516494751
2020-03-09,0.6613581776618958,103.93800354003906,68.7300033569336,1.1386020183563232,1.3099292516708374,0.6329394578933716
2020-03-10,0.6597998738288879,103.11199951171875,68.01699829101562,1.1397960186004639,1.3075313568115234,0.6341515779495239
2020-03-11,0.6499098539352417,105.0260009765625,68.24500274658203,1.1316505670547485,1.2909722328186035,0.6268099546432495
2020-03-12,0.647939920425415,104.55000305175781,67.72799682617188,1.1261515617370605,1.2818212509155273,0.6264290809631348
2020-03-13,0.6274116039276123,104.61000061035156,65.61900329589844,1.1184931993484497,1.257023572921753,0.6114487648010254
2020-03-16,0.6177682876586914,106.68800354003906,65.87799835205078,1.115536093711853,1.2399870157241821,0.6050997972488403
2020-03-17,0.6099420189857483,106.17500305175781,64.75,1.1163206100463867,1.2266627550125122,0.6044706702232361
2020-03-18,0.5992200374603271,107.37699890136719,64.3030014038086,1.101552128791809,1.2121652364730835,0.5949299931526184
2020-03-19,0.5809798836708069,108.36000061035156,62.917999267578125,1.0961546897888184,1.1625338792800903,0.5730692148208618
2020-03-20,0.5742902159690857,111.29100036621094,63.867000579833984,1.0657345056533813,1.149438500404358,0.5684757828712463
2020-03-23,0.5753309726715088,110.46199798583984,63.520999908447266,1.0694386959075928,1.162304162979126,0.5626100301742554
2020-03-24,0.5876600742340088,110.8270034790039,65.10099792480469,1.0764610767364502,1.1595547199249268,0.574418842792511
2020-03-25,0.597550094127655,111.12000274658203,66.39199829101562,1.080263614654541,1.1792036294937134,0.5829713940620422
2020-03-26,0.5908098220825195,110.8759994506836,65.49099731445312,1.0889569520950317,1.1851149797439575,0.5812196135520935
2020-03-27,0.60791015625,109.10900115966797,66.30899810791016,1.1048258543014526,1.2200626134872437,0.5979001522064209
2020-03-30,0.618058443069458,107.41300201416016,66.35900115966797,1.113908290863037,1.245319128036499,0.6058292984962463
2020-03-31,0.6168993711471558,108.03500366210938,66.61799621582031,1.1030466556549072,1.2371643781661987,0.6009796261787415
2020-04-01,0.6136998534202576,107.50800323486328,65.96800231933594,1.102657437324524,1.2408487796783447,0.5951389074325562
2020-04-02,0.6091395616531372,107.25700378417969,65.3290023803711,1.0953621864318848,1.238236665725708,0.5936902165412903
2020-04-03,0.6063215136528015,108.0009994506836,65.46600341796875,1.0847399234771729,1.2394952774047852,0.5914394855499268
2020-04-06,0.5994700789451599,108.69300079345703,65.13700103759766,1.0806955099105835,1.2220158576965332,0.5854012370109558
2020-04-07,0.6117599606513977,109.11499786376953,66.74600219726562,1.0803803205490112,1.2240501642227173,0.5950610041618347
2020-04-08,0.6152199506759644,108.6510009765625,66.81999969482422,1.0895144939422607,1.2338672876358032,0.5962993502616882
2020-04-09,0.6235308051109314,108.9219970703125,67.89299774169922,1.0863661766052246,1.23931086063385,0.6016702651977539
2020-04-10,0.6332600712776184,108.56099700927734,68.7249984741211,1.0927408933639526,1.2454850673675537,0.6077216863632202
2020-04-13,0.6335208415985107,108.33599853515625,68.61900329589844,1.0932666063308716,1.2461059093475342,0.6075407862663269
2020-04-14,0.6401106119155884,107.62300109863281,68.86799621582031,1.0922993421554565,1.2523951530456543,0.6102696061134338
2020-04-15,0.6434298753738403,107.10399627685547,68.91000366210938,1.098538875579834,1.26262629032135,0.6101199388504028
2020-04-16,0.6308901309967041,107.60900115966797,67.88800048828125,1.0905101299285889,1.252097249031067,0.5995994806289673
2020-04-17,0.6358600854873657,107.94499969482422,68.63300323486328,1.0858471393585205,1.2487823963165283,0.5998692512512207
2020-04-20,0.6340188980102539,107.66999816894531,68.2300033569336,1.0866966247558594,1.248751163482666,0.601550817489624
2020-04-21,0.6345701217651367,107.66899871826172,68.30899810791016,1.0864840745925903,1.2442762851715088,0.6045108437538147
2020-04-22,0.6293998956680298,107.72100067138672,67.77999877929688,1.0856467485427856,1.2298610210418701,0.5964096188545227
2020-04-23,0.6298998594284058,107.81300354003906,67.86000061035156,1.080964207649231,1.2323921918869019,0.5924205780029297
2020-04-24,0.6376798748970032,107.66699981689453,68.6500015258789,1.077702283859253,1.235223650932312,0.6005717515945435
2020-04-27,0.6397543549537659,107.49500274658203,68.75760650634766,1.08236825466156,1.2366595268249512,0.6021702289581299
2020-04-28,0.6449116468429565,107.28299713134766,69.1780014038086,1.0824854373931885,1.2422668933868408,0.6024604439735413
2020-04-29,0.6502699255943298,106.74099731445312,69.41000366210938,1.0836584568023682,1.2435646057128906,0.607810378074646
2020-04-30,0.6555013060569763,106.61000061035156,69.87300109863281,1.087725043296814,1.2471472024917603,0.6142000555992126
2020-05-01,0.6495501399040222,107.28500366210938,69.67500305175781,1.094546914100647,1.2581465244293213,0.6120288372039795
2020-05-04,0.6376819014549255,106.73799896240234,68.05699920654297,1.0959625244140625,1.2454230785369873,0.6016412973403931
2020-05-05,0.642611563205719,106.6969985961914,68.55699920654297,1.0904293060302734,1.244555115699768,0.605029821395874
2020-05-06,0.6436000466346741,106.4520034790039,68.48200225830078,1.0838581323623657,1.2444202899932861,0.6053100228309631
2020-05-07,0.6390756368637085,106.19100189208984,67.83699798583984,1.0798553228378296,1.232559323310852,0.6006998419761658
2020-05-08,0.6503299474716187,106.35900115966797,69.16200256347656,1.0837171077728271,1.237593173980713,0.6095698475837708
2020-05-11,0.653710126876831,106.91899871826172,69.87000274658203,1.0839520692825317,1.2417423725128174,0.6143185496330261
2020-05-12,0.6484664082527161,107.56600189208984,69.73400115966797,1.080940842628479,1.2333498001098633,0.6077697277069092
2020-05-13,0.6455298662185669,107.13800048828125,69.16100311279297,1.0846810340881348,1.2254902124404907,0.6069986820220947
2020-05-14,0.6454944014549255,106.93299865722656,69.01699829101562,1.08236825466156,1.224155068397522,0.5999088287353516
2020-05-15,0.6471235156059265,107.36499786376953,69.45999908447266,1.0806955099105835,1.2233912944793701,0.6013012528419495
2020-05-18,0.6425785422325134,107.20800018310547,68.88099670410156,1.0821340084075928,1.2085760831832886,0.5936691164970398
2020-05-19,0.652600109577179,107.38099670410156,70.05500030517578,1.0915124416351318,1.2200031280517578,0.6040598750114441
2020-05-20,0.6540094017982483,107.80999755859375,70.5,1.0927767753601074,1.2255953550338745,0.6086501479148865
2020-05-21,0.65923011302948,107.59100341796875,70.9260025024414,1.0982975959777832,1.2236906290054321,0.614809513092041
2020-05-22,0.6566894054412842,107.63099670410156,70.66000366210938,1.0952903032302856,1.2223445177078247,0.6123398542404175
2020-05-25,0.6545788049697876,107.73500061035156,70.51000213623047,1.0907801389694214,1.218605637550354,0.6105006337165833
2020-05-26,0.6547399163246155,107.68699645996094,70.50299835205078,1.0902997255325317,1.220137119293213,0.6106609106063843
2020-05-27,0.6646699905395508,107.49099731445312,71.44499969482422,1.0981770753860474,1.23350191116333,0.6198398470878601
2020-05-28,0.6620806455612183,107.7979965209961,71.36299896240234,1.1016855239868164,1.2264822721481323,0.618739128112793
2020-05-29,0.6633498668670654,107.64299774169922,71.4020004272461,1.1079105138778687,1.2321492433547974,0.6199781894683838
2020-06-01,0.6659784913063049,107.70800018310547,71.7239990234375,1.1118524074554443,1.2347996234893799,0.6199012994766235
2020-06-02,0.6786000728607178,107.5479965209961,72.96099853515625,1.1125946044921875,1.248704433441162,0.6281801462173462
2020-06-03,0.6914199590682983,108.80899810791016,75.23100280761719,1.118943691253662,1.2581465244293213,0.6385492086410522
2020-06-04,0.6929046511650085,108.9990005493164,75.50399780273438,1.1235954761505127,1.2575136423110962,0.6428387761116028
2020-06-05,0.6939899921417236,109.1500015258789,75.74600219726562,1.1337867975234985,1.2609069347381592,0.6463789939880371
2020-06-08,0.700239896774292,109.63400268554688,76.76399993896484,1.1319515705108643,1.2725722789764404,0.6537613868713379
2020-06-09,0.7024494409561157,108.40899658203125,76.12999725341797,1.1305567026138306,1.2735283374786377,0.6567497253417969
2020-06-10,0.6942998170852661,107.7969970703125,74.8030014038086,1.1332215070724487,1.2711325883865356,0.6497303247451782
2020-06-11,0.6968300938606262,106.98100280761719,74.54199981689453,1.1365444660186768,1.2710679769515991,0.6510586142539978
2020-06-12,0.6830880641937256,106.8030014038086,72.9489974975586,1.1288082599639893,1.257703423500061,0.6413010954856873
2020-06-15,0.6825007200241089,107.31099700927734,73.23200225830078,1.1252011060714722,1.2508755922317505,0.6417208313941956
2020-06-16,0.695820152759552,107.46399688720703,74.77899932861328,1.1337740421295166,1.2637752294540405,0.6499203443527222
2020-06-17,0.6895315051078796,107.41000366210938,74.05799865722656,1.1265701055526733,1.258510708808899,0.6460198760032654
2020-06-18,0.6875702142715454,106.89399719238281,73.49500274658203,1.1242902278900146,1.2552721500396729,0.6446402072906494
2020-06-19,0.6857205629348755,107.00599670410156,73.37000274658203,1.1211000680923462,1.2426837682724,0.642937958240509
2020-06-22,0.6822911500930786,106.83100128173828,72.87899780273438,1.1177555322647095,1.234811782836914,0.6402007341384888
2020-06-23,0.6931601762771606,106.90299987792969,74.0989990234375,1.1279679536819458,1.250156283378601,0.649599552154541
2020-06-24,0.6940299272537231,106.43199920654297,73.86799621582031,1.1312345266342163,1.2524893283843994,0.6500301957130432
2020-06-25,0.685678243637085,107.04399871826172,73.38800048828125,1.1250872611999512,1.2412954568862915,0.6404016613960266
2020-06-26,0.6888190507888794,107.15499877929688,73.77899932861328,1.1222084760665894,1.2425447702407837,0.6430785655975342
2020-06-29,0.6861910820007324,107.21800231933594,73.55899810791016,1.1225864887237549,1.2342174053192139,0.6419391632080078
2020-06-30,0.6871907711029053,107.58999633789062,73.93499755859375,1.1247202157974243,1.2310571670532227,0.6427395939826965
2020-07-01,0.69020015001297,107.98899841308594,74.51542663574219,1.1235954761505127,1.2389271259307861,0.6451113224029541
2020-07-02,0.6913239359855652,107.36599731445312,74.16999816894531,1.1251378059387207,1.2464786767959595,0.6479201316833496
2020-07-03,0.6919199228286743,107.49700164794922,74.37699890136719,1.1237848997116089,1.2466403245925903,0.65091872215271
2020-07-06,0.694840133190155,107.5790023803711,74.73999786376953,1.1247202157974243,1.247551679611206,0.6538383364677429
2020-07-07,0.6976999044418335,107.35900115966797,74.88800048828125,1.1312856674194336,1.249547004699707,0.6558882594108582
2020-07-08,0.6942322850227356,107.5780029296875,74.6760025024414,1.1275228261947632,1.2542802095413208,0.6549388766288757
2020-07-09,0.6989096999168396,107.28299713134766,74.91999816894531,1.1339154243469238,1.2613521814346313,0.6574016809463501
2020-07-10,0.695894181728363,107.23600006103516,74.62000274658203,1.1287955045700073,1.2605094909667969,0.6569395661354065
2020-07-13,0.6950284838676453,106.91000366210938,74.29000091552734,1.1310042142868042,1.2627506256103516,0.6574997901916504
2020-07-14,0.6940106749534607,107.2760009765625,74.41999816894531,1.134549617767334,1.255177617073059,0.6538383364677429
2020-07-15,0.6988999247550964,107.24500274658203,74.91999816894531,1.1410704851150513,1.25692880153656,0.654360294342041
2020-07-16,0.7009181976318359,106.91699981689453,74.91100311279297,1.1417193412780762,1.2591001987457275,0.6573001742362976
2020-07-17,0.6978002190589905,107.27799987792969,74.84500122070312,1.139211654663086,1.2559500932693481,0.6542105078697205
2020-07-20,0.7004998922348022,107.08999633789062,74.99299621582031,1.1442956924438477,1.2571184635162354,0.6562497615814209
2020-07-21,0.7025925517082214,107.19599914550781,75.28199768066406,1.1458691358566284,1.266175389289856,0.6581414937973022
2020-07-22,0.7135599255561829,106.83200073242188,76.23100280761719,1.15340256690979,1.2730745077133179,0.6646903157234192
2020-07-23,0.7140816450119019,107.17500305175781,76.5009994506836,1.1568717956542969,1.2729934453964233,0.6657390594482422
2020-07-24,0.7100104689598083,106.83799743652344,75.85700225830078,1.1596084833145142,1.2730745077133179,0.663561224937439
2020-07-27,0.7098188996315002,105.99299621582031,75.22699737548828,1.1652567386627197,1.2795906066894531,0.6644695401191711
2020-07-28,0.7159000635147095,105.26100158691406,75.35700225830078,1.1769275665283203,1.2889753580093384,0.6688382029533386
2020-07-29,0.71602463722229,105.10700225830078,75.2300033569336,1.171879529953003,1.292373776435852,0.6660600900650024
2020-07-30,0.7171697616577148,105.03199768066406,75.3290023803711,1.1782865524291992,1.298246145248413,0.6656593084335327
2020-07-31,0.7203676700592041,104.68299865722656,75.38999938964844,1.1872254610061646,1.311785101890564,0.6696891784667969
2020-08-03,0.7146890163421631,105.86599731445312,75.6510009765625,1.1782310009002686,1.3101695775985718,0.6637109518051147
2020-08-04,0.7117944359779358,106.02999877929688,75.45999908447266,1.1763322353363037,1.3078734874725342,0.6615402102470398
2020-08-05,0.7177102565765381,105.61399841308594,75.79100036621094,1.181544303894043,1.3086093664169312,0.664548933506012
2020-08-06,0.7199097275733948,105.5530014038086,75.98200225830078,1.187281847000122,1.3126804828643799,0.664818525314331
2020-08-07,0.7230997681617737,105.58100128173828,76.34300231933594,1.1876484155654907,1.3138015270233154,0.6684491634368896
2020-08-10,0.7157120108604431,105.8499984741211,75.74700164794922,1.1782727241516113,1.3052273988723755,0.6601095795631409
2020-08-11,0.7158001661300659,105.99199676513672,75.82499694824219,1.1737778186798096,1.3077194690704346,0.6593479514122009
2020-08-12,0.7145199775695801,106.52100372314453,76.10900115966797,1.1736538410186768,1.3050740957260132,0.6569395661354065
2020-08-13,0.7164863348007202,106.8219985961914,76.53199768066406,1.179380178451538,1.3048017024993896,0.6576480865478516
2020-08-14,0.7148800492286682,106.98600006103516,76.47699737548828,1.1816558837890625,1.3070528507232666,0.6547288298606873
2020-08-17,0.7192589044570923,106.55400085449219,76.63200378417969,1.1852554082870483,1.3107001781463623,0.6543817520141602
2020-08-18,0.7218131422996521,105.99500274658203,76.44999694824219,1.1876484155654907,1.3107877969741821,0.6554712057113647
2020-08-19,0.7257947325706482,105.2239990234375,76.33000183105469,1.1947859525680542,1.325398564338684,0.6610389947891235
2020-08-20,0.7188039422035217,106.0790023803711,76.2300033569336,1.1843500137329102,1.311079978942871,0.6561594009399414
2020-08-21,0.7206116914749146,105.66500091552734,76.13899993896484,1.1873664855957031,1.3220343589782715,0.6542105078697205
2020-08-24,0.7161374688148499,105.87699890136719,75.81300354003906,1.1798018217086792,1.3094146251678467,0.6538811326026917
2020-08-25,0.7168900370597839,105.99299621582031,75.98300170898438,1.1794538497924805,1.307138204574585,0.6529998183250427
2020-08-26,0.7199320793151855,106.40499877929688,76.56999969482422,1.183501958847046,1.3152183294296265,0.6552993655204773
2020-08-27,0.7245011925697327,105.85600280761719,76.6719970703125,1.1842728853225708,1.3219819068908691,0.6633411049842834
2020-08-28,0.7269898653030396,106.63700103759766,77.51399993896484,1.1819632053375244,1.3199577331542969,0.6645312905311584
2020-08-31,0.7373000383377075,105.53500366210938,77.7699966430664,1.1918240785598755,1.3356484174728394,0.6745316982269287
2020-09-01,0.738099992275238,106.00399780273438,78.19999694824219,1.193901538848877,1.3364516496658325,0.6732601523399353
2020-09-02,0.7378494143486023,105.89600372314453,78.12799835205078,1.1923214197158813,1.339943766593933,0.6768602132797241
2020-09-03,0.7331109642982483,106.20800018310547,77.84700012207031,1.184735894203186,1.335131287574768,0.6767502427101135
2020-09-04,0.725584089756012,106.08599853515625,76.93800354003906,1.1839784383773804,1.3262248039245605,0.6689102053642273
2020-09-07,0.7282207608222961,106.31099700927734,77.41078186035156,1.183445930480957,1.3245735168457031,0.6712896227836609
2020-09-08,0.7280998229980469,106.30500030517578,77.38899993896484,1.1821727752685547,1.3162224292755127,0.6691021919250488
2020-09-09,0.7209399938583374,105.96800231933594,76.39600372314453,1.177024483680725,1.2968486547470093,0.6612619757652283
2020-09-10,0.727660059928894,106.23100280761719,77.29900360107422,1.1806375980377197,1.2999167442321777,0.6682080030441284
2020-09-11,0.7262997627258301,106.14299774169922,77.06999969482422,1.1824384927749634,1.2808295488357544,0.6646991968154907
2020-09-14,0.728151798248291,106.1449966430664,77.2699966430664,1.1842728853225708,1.2806557416915894,0.6685296297073364
2020-09-15,0.7286000847816467,105.71499633789062,77.00599670410156,1.187000036239624,1.2849671840667725,0.6699718832969666
2020-09-16,0.7296819686889648,105.38099670410156,76.89099884033203,1.1844412088394165,1.2884771823883057,0.6710913777351379
2020-09-17,0.7295500040054321,105.06199645996094,76.64800262451172,1.1803449392318726,1.2959998846054077,0.6721695065498352
2020-09-18,0.7313095927238464,104.697998046875,76.55000305175781,1.1848200559616089,1.2975554466247559,0.6762696504592896
2020-09-21,0.729341447353363,104.53700256347656,76.20999908447266,1.1845533847808838,1.2932761907577515,0.6758995056152344
2020-09-22,0.7231180667877197,104.69000244140625,75.68099975585938,1.176800012588501,1.2820513248443604,0.6666000485420227
2020-09-23,0.717442512512207,105.03399658203125,75.35099792480469,1.1708368062973022,1.2744048833847046,0.6632398962974548
2020-09-24,0.7069001197814941,105.30400085449219,74.42900085449219,1.1658544540405273,1.2717468738555908,0.6545187830924988
2020-09-25,0.7057162523269653,105.43499755859375,74.36399841308594,1.1673243045806885,1.2757054567337036,0.6549903750419617
2020-09-28,0.7041906118392944,105.5739974975586,74.31700134277344,1.1635348796844482,1.2766826152801514,0.6551792025566101
2020-09-29,0.7095197439193726,105.43299865722656,74.80000305175781,1.167883276939392,1.2873492240905762,0.6568015217781067
2020-09-30,0.714360237121582,105.66400146484375,75.47799682617188,1.1742050647735596,1.2866535186767578,0.6600921154022217
2020-10-01,0.716650664806366,105.45099639892578,75.56099700927734,1.1726078987121582,1.2917560338974,0.6622779369354248
2020-10-02,0.7182875871658325,105.54299926757812,75.78500366210938,1.1744946241378784,1.2886265516281128,0.6651412844657898
2020-10-05,0.7177205085754395,105.51000213623047,75.69000244140625,1.1720443964004517,1.2931090593338013,0.6639797687530518
2020-10-06,0.7193209528923035,105.70700073242188,76.01000213623047,1.1792453527450562,1.2992581129074097,0.6653802394866943
2020-10-07,0.7110099792480469,105.63999938964844,75.10399627685547,1.1737639904022217,1.2883278131484985,0.6590003371238708
2020-10-08,0.713820219039917,105.96499633789062,75.60299682617188,1.176747441291809,1.2917560338974,0.6574103236198425
2020-10-09,0.7177998423576355,106.01799774169922,76.05999755859375,1.1767003536224365,1.29404616355896,0.6589394807815552
2020-10-12,0.7224597930908203,105.63200378417969,76.30899810791016,1.181683897972107,1.3031693696975708,0.6664400696754456
2020-10-13,0.721188485622406,105.33899688720703,75.94300079345703,1.1816140413284302,1.3065747022628784,0.6649290323257446
2020-10-14,0.7164401412010193,105.47000122070312,75.55000305175781,1.1742188930511475,1.2935272455215454,0.6655396819114685
2020-10-15,0.7141479849815369,105.13899993896484,75.0719985961914,1.1743981838226318,1.3012362718582153,0.665619432926178
2020-10-16,0.7088397741317749,105.36000061035156,74.6729965209961,1.1707134246826172,1.2902060747146606,0.6598917841911316
2020-10-19,0.7095997929573059,105.427001953125,74.77999877929688,1.1715501546859741,1.2927746772766113,0.6617783308029175
2020-10-20,0.7056167125701904,105.47000122070312,74.37000274658203,1.176885962486267,1.2948671579360962,0.6593087911605835
2020-10-21,0.7049998641014099,105.47699737548828,74.35600280761719,1.1829839944839478,1.2954038381576538,0.6580809354782104
2020-10-22,0.7105603218078613,104.6760025024414,74.37300109863281,1.1853959560394287,1.3131976127624512,0.6646196842193604
2020-10-23,0.7126100659370422,104.9209976196289,74.76399993896484,1.1815024614334106,1.307805061340332,0.667159914970398
2020-10-26,0.7132006287574768,104.68299865722656,74.63600158691406,1.1848480701446533,1.3054660558700562,0.6684402823448181
2020-10-27,0.7117098569869995,104.83200073242188,74.60700225830078,1.1809443235397339,1.301574945449829,0.6678001284599304
2020-10-28,0.7123100757598877,104.54499816894531,74.46700286865234,1.1784114837646484,1.303186297416687,0.6700795888900757
2020-10-29,0.7055200934410095,104.31500244140625,73.59200286865234,1.1748672723770142,1.2989881038665771,0.6649687886238098
2020-10-30,0.7037599682807922,104.55400085449219,73.58000183105469,1.1678695678710938,1.2931926250457764,0.6629716753959656
2020-11-02,0.7008199691772461,104.58000183105469,73.27999877929688,1.1642121076583862,1.2926744222640991,0.6598482728004456
2020-11-03,0.7053698301315308,104.7249984741211,73.86900329589844,1.1642799377441406,1.2923903465270996,0.6632398962974548
2020-11-04,0.7196833491325378,104.5459976196289,75.23500061035156,1.176221489906311,1.3121638298034668,0.6729022264480591
2020-11-05,0.7180498242378235,104.43800354003906,74.98999786376953,1.17326819896698,1.2966804504394531,0.6700077652931213
2020-11-06,0.7262701988220215,103.60299682617188,75.23699951171875,1.1817537546157837,1.3139395713806152,0.6764892935752869
2020-11-09,0.7286717891693115,103.25299835205078,75.22699737548828,1.1893010139465332,1.318061351776123,0.6797495484352112
2020-11-10,0.7282000184059143,105.13700103759766,76.52799987792969,1.182732105255127,1.3169677257537842,0.6825193166732788
2020-11-11,0.7281697988510132,105.26000213623047,76.64399719238281,1.1818794012069702,1.3261544704437256,0.6828222870826721
2020-11-12,0.7284275889396667,105.41500091552734,76.7770004272461,1.1780297756195068,1.3224189281463623,0.6902502179145813
2020-11-13,0.7240185737609863,105.08999633789062,76.08399963378906,1.1803393363952637,1.3121638298034668,0.6839009523391724
2020-11-16,0.729080855846405,104.6760025024414,76.30599975585938,1.1845253705978394,1.3220518827438354,0.6871482729911804
2020-11-17,0.7320997714996338,104.54100036621094,76.51300048828125,1.1859441995620728,1.322209119796753,0.690808117389679
2020-11-18,0.7296000123023987,104.18099975585938,76.00599670410156,1.186366319656372,1.3259083032608032,0.6893000602722168
2020-11-19,0.7301988005638123,103.89399719238281,75.8550033569336,1.1847639083862305,1.325644612312317,0.6922091841697693
2020-11-20,0.7269100546836853,103.82499694824219,75.47100067138672,1.1866477727890015,1.3249244689941406,0.6906601786613464
2020-11-23,0.7317001819610596,103.81700134277344,75.93699645996094,1.1866477727890015,1.3305126428604126,0.6946905255317688
2020-11-24,0.7298204302787781,104.5250015258789,76.25997161865234,1.1842728853225708,1.332906723022461,0.6931111812591553
2020-11-25,0.7366699576377869,104.51300048828125,76.98999786376953,1.1900511980056763,1.3363267183303833,0.6979097723960876
2020-11-26,0.736485481262207,104.4000015258789,76.8759994506836,1.1920002698898315,1.3385447263717651,0.7004076242446899
2020-11-27,0.7357999682426453,104.24199676513672,76.68699645996094,1.191599726676941,1.3354523181915283,0.7003389596939087
2020-11-30,0.7400281429290771,104.08200073242188,77.01808166503906,1.1971460580825806,1.333191156387329,0.7035019993782043
2020-12-01,0.7356798052787781,104.29900360107422,76.73100280761719,1.193816065788269,1.3336889743804932,0.7018824815750122
2020-12-02,0.7380890846252441,104.30899810791016,76.98400115966797,1.2074378728866577,1.3422638177871704,0.7069985866546631
2020-12-03,0.7418001294136047,104.45800018310547,77.447998046875,1.2114603519439697,1.3370771408081055,0.7071500420570374
2020-12-04,0.7438998222351074,103.822998046875,77.22699737548828,1.2145650386810303,1.345496654510498,0.7073386311531067
2020-12-07,0.7431573867797852,104.197998046875,77.43199920654297,1.212135910987854,1.3417415618896484,0.7041400671005249
2020-12-08,0.7417599558830261,103.99800109863281,77.14399719238281,1.2113136053085327,1.3357375860214233,0.7040518522262573
2020-12-09,0.7410997152328491,104.13500213623047,77.14800262451172,1.2110936641693115,1.3365589380264282,0.7040716409683228
2020-12-10,0.7434999346733093,104.27200317382812,77.50399780273438,1.207875370979309,1.3367018699645996,0.7016411423683167
2020-12-11,0.7524397969245911,104.18199920654297,78.37799835205078,1.2144293785095215,1.3305658102035522,0.70940101146698
2020-12-14,0.7551102638244629,103.93900299072266,78.4749984741211,1.213340401649475,1.3318239450454712,0.7098491191864014
2020-12-15,0.7539203763008118,104.01000213623047,78.38600158691406,1.214889645576477,1.3330844640731812,0.7085816264152527
2020-12-16,0.7555609345436096,103.63400268554688,78.2969970703125,1.2154301404953003,1.3444474935531616,0.7086820602416992
2020-12-17,0.7569999694824219,103.4749984741211,78.3270034790039,1.2199585437774658,1.3502929210662842,0.7110403180122375
2020-12-18,0.7615299224853516,103.13099670410156,78.54000091552734,1.226271629333496,1.3570178747177124,0.7147911787033081
2020-12-21,0.7587425708770752,103.45700073242188,78.48899841308594,1.221612811088562,1.3401951789855957,0.7104896903038025
2020-12-22,0.7575200796127319,103.33999633789062,78.27799987792969,1.2236906290054321,1.3449536561965942,0.7096678018569946
2020-12-23,0.7551700472831726,103.53399658203125,78.16799926757812,1.2186651229858398,1.339943766593933,0.7054275274276733
2020-12-24,0.7579599022865295,103.552001953125,78.4800033569336,1.2191405296325684,1.3505300283432007,0.709679901599884
2020-12-25,0.7606801390647888,103.65299987792969,78.70999908447266,1.2184720039367676,1.3552008867263794,0.713749885559082
2020-12-28,0.7611914277076721,103.53299713134766,78.79499816894531,1.2205095291137695,1.3572388887405396,0.7115614414215088
2020-12-29,0.758892297744751,103.68900299072266,78.6780014038086,1.2223445177078247,1.3466018438339233,0.7107997536659241
2020-12-30,0.7609898447990417,103.55899810791016,78.80500030517578,1.225295066833496,1.3499903678894043,0.7148601412773132
2020-12-31,0.7689290642738342,103.12100219726562,79.28500366210938,1.2299896478652954,1.36306631565094,0.7215397357940674
2021-01-01,0.7702973484992981,103.22599792480469,78.37799835205078,1.218026876449585,1.3673007488250732,0.7181999087333679
2021-01-04,0.7712300419807434,103.23899841308594,79.60700225830078,1.2250697612762451,1.3684196472167969,0.7198387980461121
2021-01-05,0.7670999765396118,103.125,79.0739974975586,1.2251598834991455,1.3571596145629883,0.7178286910057068
2021-01-06,0.7766000628471375,102.6780014038086,79.71900177001953,1.230027437210083,1.3629549741744995,0.7256894111633301
2021-01-07,0.781700074672699,103.02400207519531,80.51000213623047,1.2341108322143555,1.3625277280807495,0.7305775880813599
2021-01-08,0.7768999934196472,103.79000091552734,80.63500213623047,1.227144479751587,1.3569625616073608,0.7265488505363464
2021-01-11,0.7716525793075562,104.09100341796875,80.30999755859375,1.2186205387115479,1.3516253232955933,0.7199320793151855
2021-01-12,0.7707497477531433,104.12799835205078,80.25700378417969,1.2160701751708984,1.3524113893508911,0.7174013257026672
2021-01-13,0.7776049971580505,103.75199890136719,80.66600036621094,1.2208894491195679,1.3670539855957031,0.7229298949241638
2021-01-14,0.774713397026062,103.83699798583984,80.427001953125,1.2162491083145142,1.364926815032959,0.7190313339233398
2021-01-15,0.777580201625824,103.8280029296875,80.69999694824219,1.2151259183883667,1.3683634996414185,0.7217714786529541
2021-01-18,0.7688876986503601,103.90799713134766,79.88200378417969,1.2068113088607788,1.357533574104309,0.7122507095336914
2021-01-19,0.7686986327171326,103.7030029296875,79.69100189208984,1.207729458808899,1.3581236600875854,0.7115817070007324
2021-01-20,0.7711800932884216,103.89700317382812,80.12300109863281,1.2138868570327759,1.3644241094589233,0.7128803133964539
2021-01-21,0.7755701541900635,103.55500030517578,80.30699920654297,1.2115631103515625,1.3668484687805176,0.7186385989189148
2021-01-22,0.7761022448539734,103.50599670410156,80.322998046875,1.2166293859481812,1.3729474544525146,0.7216001749038696
2021-01-25,0.7715799808502197,103.7770004272461,80.06900024414062,1.216944694519043,1.3688204288482666,0.7183701395988464
2021-01-26,0.7718997597694397,103.76000213623047,80.05999755859375,1.214624047279358,1.3678992986679077,0.719990074634552
2021-01-27,0.7753139734268188,103.60299682617188,80.30999755859375,1.216299295425415,1.374154806137085,0.7236900925636292
2021-01-28,0.765099823474884,104.14299774169922,79.66000366210938,1.2105072736740112,1.3669419288635254,0.7142704129219055
2021-01-29,0.7669699192047119,104.29100036621094,79.98500061035156,1.2120037078857422,1.3725008964538574,0.717442512512207
2021-02-01,0.761997640132904,104.68599700927734,79.75900268554688,1.2123857736587524,1.3697690963745117,0.7163375020027161
2021-02-02,0.7634601593017578,104.88099670410156,80.07099914550781,1.2068694829940796,1.3678767681121826,0.7165479063987732
2021-02-03,0.760820746421814,105.02799987792969,79.90299987792969,1.203905463218689,1.3659336566925049,0.7196678519248962
2021-02-04,0.7636000514030457,104.99500274658203,80.14900207519531,1.2042388916015625,1.364908218383789,0.7219695448875427
2021-02-05,0.7603002190589905,105.5719985961914,80.24500274658203,1.1966731548309326,1.3676148653030396,0.7160297632217407
2021-02-08,0.7679199576377869,105.4000015258789,80.92500305175781,1.2048773765563965,1.3738716840744019,0.7211625576019287
2021-02-09,0.7710998058319092,105.20999908447266,81.09700012207031,1.2053595781326294,1.374570369720459,0.7226702570915222
2021-02-10,0.7740501165390015,104.57499694824219,80.9520034790039,1.2119992971420288,1.3817994594573975,0.7243799567222595
2021-02-11,0.7725348472595215,104.61499786376953,80.78900146484375,1.2121212482452393,1.3832597732543945,0.7218199968338013
2021-02-12,0.7753999829292297,104.74099731445312,81.18199920654297,1.2131506204605103,1.381024718284607,0.7231180667877197
2021-02-15,0.7764095664024353,105.05899810791016,81.56300354003906,1.2122093439102173,1.3871549367904663,0.7219487428665161
2021-02-16,0.7786197066307068,105.38700103759766,82.05400085449219,1.2132196426391602,1.3914785385131836,0.723358690738678
2021-02-17,0.773790180683136,106.10299682617188,82.10600280761719,1.2092483043670654,1.388811707496643,0.718989908695221
2021-02-18,0.7758697867393494,105.86100006103516,82.12899780273438,1.2048004865646362,1.3866355419158936,0.719398558139801
2021-02-19,0.7767997980117798,105.6520004272461,82.05999755859375,1.209189772605896,1.3967455625534058,0.721870481967926
2021-02-22,0.7888488173484802,105.51399993896484,83.2249984741211,1.2126356363296509,1.403114914894104,0.7312721014022827
2021-02-23,0.7915400266647339,104.98400115966797,83.09369659423828,1.2166796922683716,1.4071228504180908,0.7329819798469543
2021-02-24,0.7908827066421509,105.28299713134766,83.26521301269531,1.215214490890503,1.412030577659607,0.7338700890541077
2021-02-25,0.7977026104927063,105.94400024414062,84.40821838378906,1.2171372175216675,1.4148274660110474,0.7445295453071594
2021-02-26,0.7870000004768372,106.37899780273438,83.6969985961914,1.2160420417785645,1.4008152484893799,0.7365506291389465
2021-03-01,0.7752419114112854,106.50299835205078,82.55599975585938,1.208956003189087,1.3972529172897339,0.7271193265914917
2021-03-02,0.7772001028060913,106.85099792480469,83.03800201416016,1.2051095962524414,1.3929517269134521,0.7274197936058044
2021-03-03,0.7825197577476501,106.75800323486328,83.53399658203125,1.208546757698059,1.3954981565475464,0.7292988300323486
2021-03-04,0.7758102416992188,107.05799865722656,83.04900360107422,1.2050660848617554,1.3926994800567627,0.7231912612915039
2021-03-05,0.7715603113174438,107.95500183105469,83.28600311279297,1.1967735290527344,1.3894098997116089,0.7178286910057068
2021-03-08,0.7709101438522339,108.41899871826172,83.56999969482422,1.1925631761550903,1.385367751121521,0.7178596258163452
2021-03-09,0.7656674981117249,108.93900299072266,83.40299987792969,1.185171127319336,1.3823610544204712,0.7132616639137268
2021-03-10,0.7717835903167725,108.5770034790039,83.76699829101562,1.1897906064987183,1.3890432119369507,0.7179575562477112
2021-03-11,0.773200273513794,108.43199920654297,83.822998046875,1.1926058530807495,1.3931456804275513,0.7192174792289734
2021-03-12,0.7787615656852722,108.55500030517578,84.53399658203125,1.1986095905303955,1.3989927768707275,0.7227522134780884
2021-03-15,0.7762998938560486,109.11699676513672,84.69223022460938,1.1950000524520874,1.3929517269134521,0.7187315821647644
2021-03-16,0.7750135660171509,109.13400268554688,84.55845642089844,1.1925773620605469,1.3899120092391968,0.720352053642273
2021-03-17,0.77455735206604,109.02899932861328,84.44300079345703,1.190164566040039,1.3902212381362915,0.7193002700805664
2021-03-18,0.7813000679016113,108.89099884033203,85.0739974975586,1.1982792615890503,1.3975849151611328,0.7251210808753967
2021-03-19,0.7753699421882629,108.93099975585938,84.46099853515625,1.1918240785598755,1.3925055265426636,0.7168099284172058
2021-03-22,0.7722502946853638,108.87100219726562,84.07099914550781,1.1883116960525513,1.3832597732543945,0.7152001261711121
2021-03-23,0.7745501399040222,108.7760009765625,84.24500274658203,1.193303108215332,1.3862512111663818,0.7133176326751709
2021-03-24,0.7604701519012451,108.5199966430664,82.51899719238281,1.1840205192565918,1.3730417490005493,0.6990220546722412
2021-03-25,0.7591003179550171,108.79000091552734,82.57099914550781,1.1813069581985474,1.3688879013061523,0.6969515085220337
2021-03-26,0.7594000697135925,109.17900085449219,82.90699768066406,1.1776621341705322,1.374910593032837,0.6967815160751343
2021-03-29,0.7637377381324768,109.79100036621094,83.83000183105469,1.1788004636764526,1.3791011571884155,0.6994082927703857
2021-03-30,0.7641170620918274,109.83599853515625,83.90237426757812,1.177100658416748,1.3775053024291992,0.7009722590446472
2021-03-31,0.7608798146247864,110.30500030517578,83.9219970703125,1.1723604202270508,1.3746649026870728,0.6992420554161072
2021-04-01,0.7594098448753357,110.75,84.08399963378906,1.1728830337524414,1.3786258697509766,0.6983581781387329
2021-04-02,0.7619001269340515,110.61299896240234,84.24700164794922,1.177994966506958,1.383508563041687,0.7024997472763062
2021-04-05,0.7620998620986938,110.677001953125,84.3219985961914,1.176816701889038,1.383125901222229,0.7031112313270569
2021-04-06,0.7658727169036865,110.19300079345703,84.37799835205078,1.1818934679031372,1.3914011716842651,0.7066688537597656
2021-04-07,0.7666947841644287,109.79299926757812,84.16999816894531,1.1874228715896606,1.383125901222229,0.7063693404197693
2021-04-08,0.7613884806632996,109.85199737548828,83.63500213623047,1.1873664855957031,1.3743815422058105,0.7013409733772278
2021-04-09,0.7659003138542175,109.33000183105469,83.70600128173828,1.1915684938430786,1.373437762260437,0.7061498761177063
2021-04-12,0.7626002430915833,109.69400024414062,83.63500213623047,1.1900511980056763,1.3712154626846313,0.703982412815094
2021-04-13,0.7627707123756409,109.3740005493164,83.42400360107422,1.1914690732955933,1.3753834962844849,0.7032397985458374
2021-04-14,0.7647499442100525,108.92400360107422,83.29299926757812,1.1954143047332764,1.3759700059890747,0.706119954586029
2021-04-15,0.772509753704071,108.89399719238281,84.11799621582031,1.1986095905303955,1.3779228925704956,0.7140001058578491
2021-04-16,0.7751697301864624,108.68900299072266,84.24600219726562,1.1971746683120728,1.3785498142242432,0.7175711989402771
2021-04-19,0.7714025974273682,108.71900177001953,83.85600280761719,1.1969454288482666,1.3818453550338745,0.7127177715301514
2021-04-20,0.7767002582550049,108.0979995727539,83.91999816894531,1.204529047012329,1.3993842601776123,0.7190881967544556
2021-04-21,0.7723796963691711,108.13300323486328,83.50299835205078,1.2032392024993896,1.3938837051391602,0.7165479063987732
2021-04-22,0.7754402756690979,108.03900146484375,83.7770004272461,1.2037750482559204,1.3931845426559448,0.7204403877258301
2021-04-23,0.7705348134040833,107.97799682617188,83.1709976196289,1.2014753818511963,1.3840255737304688,0.7154299020767212
2021-04-26,0.7743114233016968,107.8740005493164,83.52200317382812,1.2089852094650269,1.3866355419158936,0.7191709280014038
2021-04-27,0.7799704074859619,108.2020034790039,84.36399841308594,1.2081671953201294,1.3895643949508667,0.7230082750320435
2021-04-28,0.7770001888275146,108.75,84.4729995727539,1.2090305089950562,1.390356421470642,0.7204195857048035
2021-04-29,0.7801297307014465,108.50499725341797,84.64600372314453,1.213592290878296,1.395673394203186,0.727300226688385
2021-04-30,0.777762234210968,108.90399932861328,84.69599914550781,1.2127091884613037,1.3952839374542236,0.7247374653816223
2021-05-03,0.7722997665405273,109.28299713134766,84.33999633789062,1.2027760744094849,1.3819791078567505,0.7169898152351379
2021-05-04,0.7758914828300476,109.08699798583984,84.63200378417969,1.2061271667480469,1.3903758525848389,0.7198076248168945
2021-05-05,0.7713799476623535,109.3290023803711,84.3280029296875,1.2015043497085571,1.388811707496643,0.7162697911262512
2021-05-06,0.7751199007034302,109.21900177001953,84.65499877929688,1.2007973194122314,1.3909753561019897,0.7219278216362
2021-05-07,0.7787312865257263,109.05000305175781,84.91500091552734,1.2068549394607544,1.389854073524475,0.7232906818389893
2021-05-10,0.7858793139457703,108.5719985961914,85.31400299072266,1.2171076536178589,1.4041197299957275,0.7296074628829956
2021-05-11,0.7838999032974243,108.84400177001953,85.33499908447266,1.2140932083129883,1.4131278991699219,0.7271299362182617
2021-05-12,0.7838096022605896,108.71499633789062,85.20600128173828,1.2144500017166138,1.4138271808624268,0.7262691855430603
2021-05-13,0.7732301950454712,109.66400146484375,84.79399871826172,1.2078505754470825,1.4063708782196045,0.7164093852043152
2021-05-14,0.7726202011108398,109.51599884033203,84.58699798583984,1.207729458808899,1.4050863981246948,0.7182979583740234
2021-05-17,0.7778711318969727,109.41200256347656,85.08999633789062,1.2150373458862305,1.4101786613464355,0.7243909239768982
2021-05-18,0.7773698568344116,109.24199676513672,84.9000015258789,1.2156872749328613,1.4148674011230469,0.7219122052192688
2021-05-19,0.7789981961250305,108.86799621582031,84.78199768066406,1.2223997116088867,1.41880202293396,0.7237984538078308
2021-05-20,0.772030234336853,109.27300262451172,84.35600280761719,1.217285394668579,1.4106162786483765,0.7163118720054626
2021-05-21,0.7770001888275146,108.86000061035156,84.57499694824219,1.222538709640503,1.4185603857040405,0.7196574807167053
2021-05-24,0.7730000615119934,108.91899871826172,84.16999816894531,1.2183235883712769,1.4142870903015137,0.7173189520835876
2021-05-25,0.7750802040100098,108.85099792480469,84.36599731445312,1.2214635610580444,1.415608525276184,0.7214798927307129
2021-05-26,0.7753139734268188,108.802001953125,84.31300354003906,1.2249093055725098,1.4143872261047363,0.7224389910697937
2021-05-27,0.7739902138710022,109.16999816894531,84.49299621582031,1.21925950050354,1.4116119146347046,0.7278285026550293
2021-05-28,0.774250328540802,109.80899810791016,85.01799774169922,1.2193188667297363,1.4203739166259766,0.7284275889396667
2021-05-31,0.7710099816322327,109.90699768066406,84.71199798583984,1.2190067768096924,1.4180374145507812,0.7242912650108337
2021-06-01,0.7743498086929321,109.49299621582031,84.78399658203125,1.223286509513855,1.4226775169372559,0.7277278900146484
2021-06-02,0.7755900025367737,109.49299621582031,84.9219970703125,1.2217769622802734,1.4157087802886963,0.7253314852714539
2021-06-03,0.7744301557540894,109.59500122070312,84.87200164794922,1.220986247062683,1.4171934127807617,0.7233482599258423
2021-06-04,0.7665772438049316,110.26599884033203,84.4800033569336,1.2133007049560547,1.4109944105148315,0.7148601412773132
2021-06-07,0.7744001746177673,109.61699676513672,84.85099792480469,1.2168411016464233,1.4164307117462158,0.7209701538085938
2021-06-08,0.7756296992301941,109.27400207519531,84.75499725341797,1.2193634510040283,1.41765558719635,0.7225485444068909
2021-06-09,0.7736998200416565,109.46900177001953,84.69599914550781,1.217285394668579,1.414987564086914,0.7190313339233398
2021-06-10,0.7729498147964478,109.61000061035156,84.72200012207031,1.218200445175171,1.4112334251403809,0.7171800136566162
2021-06-11,0.7747998237609863,109.40899658203125,84.76699829101562,1.2172558307647705,1.4170126914978027,0.7189486026763916
2021-06-14,0.7708911895751953,109.70899963378906,84.55000305175781,1.2110203504562378,1.411930799484253,0.7138981223106384
2021-06-15,0.7712002992630005,110.04100036621094,84.86000061035156,1.212224006652832,1.4109944105148315,0.7143775820732117
2021-06-16,0.7686217427253723,110.08399963378906,84.6050033569336,1.2127091884613037,1.4081531763076782,0.7122507095336914
2021-06-17,0.7616726756095886,110.7699966430664,84.34300231933594,1.1995586156845093,1.3990709781646729,0.7071185111999512
2021-06-18,0.7556899189949036,110.32499694824219,83.37000274658203,1.1913414001464844,1.3938642740249634,0.7015377879142761
2021-06-21,0.7503997683525085,110.20099639892578,82.66300201416016,1.1873664855957031,1.381711721420288,0.6949077248573303
2021-06-22,0.7534897923469543,110.3740005493164,83.12999725341797,1.1912561655044556,1.392540454864502,0.6986313462257385
2021-06-23,0.7554810047149658,110.65399932861328,83.59300231933594,1.1936734914779663,1.3949919939041138,0.7017987370491028
2021-06-24,0.7574437856674194,111.01200103759766,84.07099914550781,1.1933174133300781,1.3967455625534058,0.7045577764511108
2021-06-25,0.7582076191902161,110.9209976196289,84.09700012207031,1.1930327415466309,1.3916915655136108,0.7063194513320923
2021-06-28,0.7594998478889465,110.8219985961914,84.12000274658203,1.1942152976989746,1.389506459236145,0.70689857006073
2021-06-29,0.756840169429779,110.60299682617188,83.7030029296875,1.1928904056549072,1.3879058361053467,0.7048904895782471
2021-06-30,0.7513599991798401,110.53500366210938,83.04900360107422,1.1901928186416626,1.3842746019363403,0.6989800930023193
2021-07-01,0.7497701644897461,111.1240005493164,83.31700134277344,1.1856770515441895,1.3829153776168823,0.6996676325798035
2021-07-02,0.7465806603431702,111.5719985961914,83.29199981689453,1.1846235990524292,1.3759511709213257,0.6963691115379333
2021-07-05,0.7518599033355713,111.13500213623047,83.5510025024414,1.1856207847595215,1.383125901222229,0.7025876045227051
2021-07-06,0.7543002963066101,110.91600036621094,83.63700103759766,1.186380386352539,1.3856172561645508,0.7052086591720581
2021-07-07,0.7494998574256897,110.60199737548828,82.89199829101562,1.1824523210525513,1.3805670738220215,0.7017691731452942
2021-07-08,0.7484413981437683,110.63500213623047,82.79000091552734,1.17933988571167,1.3801099061965942,0.7013409733772278
2021-07-09,0.7433286309242249,109.8010025024414,81.61399841308594,1.184800386428833,1.3790820837020874,0.6949077248573303
2021-07-12,0.749007523059845,110.21499633789062,82.54000091552734,1.187295913696289,1.3899506330490112,0.7006186246871948
2021-07-13,0.7480998039245605,110.32499694824219,82.49600219726562,1.186521053314209,1.3886960744857788,0.6986606121063232
2021-07-14,0.7441999316215515,110.59500122070312,82.2770004272461,1.1775373220443726,1.3806052207946777,0.6944106817245483
2021-07-15,0.7480382323265076,109.98400115966797,82.26499938964844,1.1833338737487793,1.385809302330017,0.7038784027099609
2021-07-16,0.7423000931739807,109.77799987792969,81.48699951171875,1.1811814308166504,1.3829728364944458,0.7011492252349854
2021-07-19,0.7390999794006348,109.8740005493164,81.1500015258789,1.1814005374908447,1.3763866424560547,0.6994816660881042
2021-07-20,0.7339202165603638,109.53399658203125,80.38999938964844,1.1793843507766724,1.3669979572296143,0.693600058555603
2021-07-21,0.7338911294937134,109.91999816894531,80.66500091552734,1.1784114837646484,1.3633265495300293,0.6923816800117493
2021-07-22,0.7352616786956787,110.25499725341797,81.05400085449219,1.179273009300232,1.3714035749435425,0.696097731590271
2021-07-23,0.7380498647689819,110.13999938964844,81.28600311279297,1.1772738695144653,1.377389669418335,0.69810950756073
2021-07-26,0.7368219494819641,110.54399871826172,81.44000244140625,1.1773432493209839,1.3757808208465576,0.6983678936958313
2021-07-27,0.738825261592865,110.302001953125,81.47000122070312,1.1807769536972046,1.3829153776168823,0.7004797458648682
2021-07-28,0.7366374135017395,109.80599975585938,80.87999725341797,1.1823126077651978,1.3882719278335571,0.6963497400283813
2021-07-29,0.7377101182937622,109.89099884033203,81.06099700927734,1.1845955848693848,1.3906852006912231,0.6960588693618774
2021-07-30,0.739609956741333,109.40899658203125,80.91699981689453,1.1892997026443481,1.3964334726333618,0.7011098861694336
2021-08-02,0.7342305779457092,109.70600128173828,80.54299926757812,1.186704158782959,1.3896223306655884,0.6974901556968689
2021-08-03,0.7360599637031555,109.26899719238281,80.4280014038086,1.1874650716781616,1.3892748355865479,0.6987192630767822
2021-08-04,0.7396799921989441,108.99099731445312,80.61599731445312,1.1869436502456665,1.391788363456726,0.7045776844024658
2021-08-05,0.7382999658584595,109.52899932861328,80.85299682617188,1.1837401390075684,1.3890432119369507,0.7044088840484619
2021-08-06,0.7402998805046082,109.75199890136719,81.2490005493164,1.1835720539093018,1.3927576541900635,0.7048507928848267
2021-08-09,0.7337833642959595,110.25900268554688,80.87100219726562,1.1749500036239624,1.3868471384048462,0.6993300318717957
2021-08-10,0.733100175857544,110.30599975585938,80.85600280761719,1.17384672164917,1.3849073648452759,0.6991980075836182
2021-08-11,0.7343798875808716,110.5979995727539,81.19999694824219,1.172333002090454,1.3836042881011963,0.7006480693817139
2021-08-12,0.7374087572097778,110.3740005493164,81.3499984741211,1.1741899251937866,1.3866932392120361,0.7041807174682617
2021-08-13,0.734149694442749,110.40299987792969,81.0459976196289,1.173626184463501,1.3811582326889038,0.7005204558372498
2021-08-16,0.736572265625,109.6240005493164,80.73799896240234,1.179467797279358,1.3863856792449951,0.703982412815094
2021-08-17,0.7341066002845764,109.2969970703125,80.19200134277344,1.177994966506958,1.3842746019363403,0.7028493285179138
2021-08-18,0.7255598902702332,109.53700256347656,79.47100067138672,1.1709738969802856,1.3740416765213013,0.6927894949913025
2021-08-19,0.7230997681617737,109.84200286865234,79.42400360107422,1.1703298091888428,1.3743815422058105,0.6874505877494812
2021-08-20,0.714620053768158,109.76799774169922,78.44200134277344,1.1676595211029053,1.3630849123001099,0.6820305585861206
2021-08-23,0.7139797210693359,109.83999633789062,78.37999725341797,1.1697548627853394,1.3625277280807495,0.6830880641937256
2021-08-24,0.7209597229957581,109.6780014038086,79.02999877929688,1.1744533777236938,1.37247633934021,0.6894079446792603
2021-08-25,0.724879801273346,109.7300033569336,79.53299713134766,1.175309181213379,1.3725517988204956,0.6938084959983826
2021-08-26,0.727660059928894,109.97599792480469,80.02400207519531,1.1774401664733887,1.3766520023345947,0.6972820162773132
2021-08-27,0.7238398790359497,110.0479965209961,79.65699768066406,1.1756407022476196,1.3702384233474731,0.694531261920929
2021-08-30,0.731598436832428,109.86499786376953,80.36299896240234,1.1799006462097168,1.3762996196746826,0.7012377381324768
2021-08-31,0.7291233539581299,109.94400024414062,80.1500015258789,1.1796904802322388,1.376045823097229,0.6998194456100464
2021-09-01,0.7317901849746704,110.05599975585938,80.53199768066406,1.1810280084609985,1.3753398656845093,0.7051689028739929
2021-09-02,0.7368001937866211,110.09600067138672,81.09600067138672,1.1840906143188477,1.3771638870239258,0.7065889835357666
2021-09-03,0.7399300932884216,109.94499969482422,81.33300018310547,1.1876484155654907,1.383680820465088,0.7110706567764282
2021-09-06,0.7445018887519836,109.76399993896484,81.70899963378906,1.1885942220687866,1.3859245777130127,0.7151899337768555
2021-09-07,0.7436713576316833,109.81999969482422,81.66400146484375,1.1875073909759521,1.3839489221572876,0.7136587500572205
2021-09-08,0.7386598587036133,110.2959976196289,81.46600341796875,1.184356927871704,1.3779798746109009,0.7097585201263428
2021-09-09,0.7363770008087158,110.21800231933594,81.13400268554688,1.1819101572036743,1.3767657279968262,0.7098290324211121
2021-09-10,0.7370826601982117,109.78099822998047,80.87999725341797,1.1825922727584839,1.3839681148529053,0.7105098962783813
2021-09-13,0.7368110418319702,109.91500091552734,80.95099639892578,1.1811953783035278,1.3840830326080322,0.711657702922821
2021-09-14,0.7365902066230774,109.99400329589844,81.01799774169922,1.1811953783035278,1.3838149309158325,0.7114601731300354
2021-09-15,0.7317097783088684,109.71900177001953,80.28199768066406,1.1804981231689453,1.381024718284607,0.7095721364021301
2021-09-16,0.7341200709342957,109.38300323486328,80.30000305175781,1.1819995641708374,1.3848881721496582,0.7132006287574768
2021-09-17,0.7291499972343445,109.6989974975586,79.98600006103516,1.176747441291809,1.3797005414962769,0.7070900201797485
2021-09-20,0.7264010310173035,109.97100067138672,79.87699890136719,1.1729930639266968,1.3729662895202637,0.7033585906028748
2021-09-21,0.7259702086448669,109.43699645996094,79.44599914550781,1.1730204820632935,1.366269588470459,0.7017691731452942
2021-09-22,0.7227997779846191,109.14900207519531,78.8735580444336,1.17229163646698,1.3657469749450684,0.6997313499450684
2021-09-23,0.7233999967575073,109.8219985961914,79.4280014038086,1.168770432472229,1.3617113828659058,0.6991002559661865
2021-09-24,0.7299802899360657,110.32599639892578,80.4990005493164,1.1740258932113647,1.3722503185272217,0.7065390348434448
2021-09-27,0.7266121506690979,110.76399993896484,80.4530029296875,1.1723054647445679,1.3669044971466064,0.7016608715057373
2021-09-28,0.7280601263046265,110.96399688720703,80.78500366210938,1.1696795225143433,1.3701633214950562,0.700790524482727
2021-09-29,0.7244277596473694,111.52799987792969,80.79000091552734,1.1686338186264038,1.354224443435669,0.6960008144378662
2021-09-30,0.7179998159408569,111.93599700927734,80.35299682617188,1.1601601839065552,1.3426424264907837,0.6872379779815674
2021-10-01,0.7231180667877197,111.46099853515625,80.56700134277344,1.1574475765228271,1.346982717514038,0.6896799206733704
2021-10-04,0.7275214195251465,110.9469985961914,80.70700073242188,1.160725712776184,1.3570915460586548,0.6941889524459839
2021-10-05,0.7289697527885437,110.96800231933594,80.88500213623047,1.1618449687957764,1.3607479333877563,0.6961801052093506
2021-10-06,0.7290754914283752,111.48699951171875,81.24700164794922,1.1596084833145142,1.3627691268920898,0.6956700682640076
2021-10-07,0.728141188621521,111.41300201416016,81.12000274658203,1.1555349826812744,1.3592127561569214,0.6915820240974426
2021-10-08,0.7316797971725464,111.66200256347656,81.69400024414062,1.1559758186340332,1.3620266914367676,0.6938180923461914
2021-10-11,0.729490339756012,112.2699966430664,81.89099884033203,1.1566041707992554,1.361655831336975,0.6921613216400146
2021-10-12,0.7348402738571167,113.38800048828125,83.31700134277344,1.1553747653961182,1.3590649366378784,0.6943287253379822
2021-10-13,0.7335088849067688,113.51899719238281,83.26000213623047,1.15340256690979,1.3578838109970093,0.6925591230392456
2021-10-14,0.7386069893836975,113.3010025024414,83.62999725341797,1.1599582433700562,1.366923213005066,0.6972284913063049
2021-10-15,0.741379976272583,113.83399963378906,84.37000274658203,1.159151554107666,1.3668859004974365,0.7035713195800781
2021-10-18,0.7424786686897278,114.3239974975586,84.87899780273438,1.1597026586532593,1.376159429550171,0.7084611654281616
2021-10-19,0.7417000532150269,114.28500366210938,84.73600006103516,1.161386251449585,1.373645305633545,0.7091901898384094
2021-10-20,0.7477194666862488,114.54299926757812,85.58999633789062,1.1631964445114136,1.3793197870254517,0.7155686020851135
2021-10-21,0.7515299320220947,114.38899993896484,85.95700073242188,1.1655012369155884,1.3822999000549316,0.71986985206604
2021-10-22,0.7463700175285339,113.8499984741211,84.96900177001953,1.1625338792800903,1.379120111465454,0.7155993580818176
2021-10-25,0.7469096779823303,113.66400146484375,84.88899993896484,1.1640088558197021,1.3762730360031128,0.7150722742080688
2021-10-26,0.7491798400878906,113.76499938964844,85.22799682617188,1.161170482635498,1.37644362449646,0.7166198492050171
2021-10-27,0.7512978315353394,114.18800354003906,85.78299713134766,1.1598236560821533,1.3766140937805176,0.7168099284172058
2021-10-28,0.7500750422477722,113.7760009765625,85.322998046875,1.1600120067596436,1.3732868432998657,0.7163888216018677
2021-10-29,0.7531600594520569,113.61599731445312,85.56400299072266,1.1683608293533325,1.380071759223938,0.7195124626159668
2021-11-01,0.7518287897109985,114.23600006103516,85.8759994506836,1.1556684970855713,1.36832594871521,0.7176483869552612
2021-11-02,0.7520498633384705,114.09400177001953,85.802001953125,1.1599582433700562,1.365541934967041,0.7179214954376221
2021-11-03,0.7438998222351074,113.96199798583984,84.72000122070312,1.1579434871673584,1.3617392778396606,0.7125806212425232
2021-11-04,0.746900200843811,114.06999969482422,85.1969985961914,1.1615750789642334,1.3694878816604614,0.7176278233528137
2021-11-05,0.740932822227478,113.83699798583984,84.33399963378906,1.1555349826812744,1.3508602380752563,0.7109695672988892
2021-11-08,0.7395902872085571,113.4749984741211,83.91200256347656,1.1568851470947266,1.349127173423767,0.7109189629554749
2021-11-09,0.7414799928665161,113.25399780273438,83.9729995727539,1.159151554107666,1.3564507961273193,0.7162498235702515
2021-11-10,0.7376197576522827,112.91200256347656,83.27799987792969,1.1595547199249268,1.3560001850128174,0.712520182132721
2021-11-11,0.7334120869636536,113.90499877929688,83.53199768066406,1.148593544960022,1.3412736654281616,0.7066788077354431
2021-11-12,0.7291999459266663,114.04299926757812,83.1449966430664,1.145081877708435,1.3366482257843018,0.7024001479148865
2021-11-15,0.7332506775856018,113.98100280761719,83.56700134277344,1.144164800643921,1.341705560684204,0.7043195366859436
2021-11-16,0.734489917755127,114.13200378417969,83.83000183105469,1.1366478204727173,1.3408420085906982,0.704170823097229
2021-11-17,0.7301614880561829,114.90399932861328,83.89199829101562,1.1321182250976562,1.3424620628356934,0.6991999745368958
2021-11-18,0.7268604040145874,114.19000244140625,82.99600219726562,1.1321182250976562,1.34916353225708,0.7003781795501709
2021-11-19,0.7279000878334045,114.28199768066406,83.13999938964844,1.1368415355682373,1.3499648571014404,0.7042104601860046
2021-11-22,0.7231698036193848,114.13800048828125,82.53299713134766,1.1275737285614014,1.3434540033340454,0.6991393566131592
2021-11-23,0.7228044867515564,114.79000091552734,82.96199798583984,1.12421452999115,1.3397642374038696,0.6949608325958252
2021-11-24,0.7222198247909546,115.14099884033203,83.15299987792969,1.1244926452636719,1.337595820426941,0.6952894330024719
2021-11-25,0.7202001214027405,115.40799713134766,83.11100006103516,1.1202975511550903,1.333066701889038,0.6875309348106384
2021-11-26,0.7173703908920288,115.06900024414062,82.54299926757812,1.1209630966186523,1.331416130065918,0.6844392418861389
2021-11-29,0.7142806053161621,113.71900177001953,81.21900177001953,1.1293182373046875,1.334098219871521,0.6826311349868774
2021-11-30,0.714580237865448,113.80400085449219,81.31800079345703,1.1293437480926514,1.3315047025680542,0.6830694675445557
2021-12-01,0.7124998569488525,113.29900360107422,80.72599792480469,1.1330289840698242,1.3295927047729492,0.6824913620948792
2021-12-02,0.7107598185539246,112.88200378417969,80.23300170898438,1.1319515705108643,1.3280000686645508,0.6814100742340088
2021-12-03,0.70878005027771,113.02200317382812,80.10299682617188,1.1306205987930298,1.3299994468688965,0.6812081933021545
2021-12-06,0.7017898559570312,113.04199981689453,79.322998046875,1.1304799318313599,1.3237318992614746,0.6757396459579468
2021-12-07,0.7049203515052795,113.45800018310547,79.97599792480469,1.128668189048767,1.326435923576355,0.6749687790870667
2021-12-08,0.712259829044342,113.5250015258789,80.8550033569336,1.1276500225067139,1.3246086835861206,0.6786198616027832
2021-12-09,0.7170000672340393,113.68399810791016,81.49500274658203,1.1345586776733398,1.3210039138793945,0.6808279156684875
2021-12-10,0.7146124243736267,113.447998046875,81.06300354003906,1.1293309926986694,1.3224014043807983,0.6795694231987
2021-12-13,0.7166095972061157,113.5009994506836,81.3280029296875,1.131183385848999,1.3257148265838623,0.6795879006385803
2021-12-14,0.7133176326751709,113.5770034790039,80.97000122070312,1.1285407543182373,1.3213530778884888,0.6752012372016907
2021-12-15,0.7106002569198608,113.74299621582031,80.8010025024414,1.1261261701583862,1.323050618171692,0.673632025718689
2021-12-16,0.7166501879692078,114.13600158691406,81.7979965209961,1.1290758848190308,1.3263126611709595,0.6778098344802856
2021-12-17,0.717560887336731,113.66300201416016,81.552001953125,1.1334141492843628,1.3323739767074585,0.6796294450759888
2021-12-20,0.7116981744766235,113.51799774169922,80.77899932861328,1.1243535280227661,1.3229438066482544,0.6731604337692261
2021-12-21,0.7109498381614685,113.66200256347656,80.80799865722656,1.1277517080307007,1.3210004568099976,0.671312153339386
2021-12-22,0.7147799134254456,113.99400329589844,81.47699737548828,1.128757357597351,1.3269639015197754,0.6765991449356079
2021-12-23,0.72139972448349,114.12100219726562,82.28299713134766,1.1328877210617065,1.3352025747299194,0.6805823445320129
2021-12-24,0.7233200073242188,114.45800018310547,82.78099822998047,1.132733702659607,1.3406623601913452,0.6822212934494019
2021-12-27,0.7231285572052002,114.33300018310547,82.66300201416016,1.1324259042739868,1.3404303789138794,0.6815192699432373
2021-12-28,0.7236999869346619,114.79199981689453,83.05799865722656,1.1330032348632812,1.344266653060913,0.6817998886108398
2021-12-29,0.7233999967575073,114.77300262451172,82.98999786376953,1.1314777135849,1.3433277606964111,0.6805600523948669
2021-12-30,0.7258790135383606,114.947998046875,83.43299865722656,1.1360150575637817,1.349879264831543,0.6839711666107178
2021-12-31,0.7249801754951477,115.06300354003906,83.41200256347656,1.132502794265747,1.349837303161621,0.6830414533615112
2022-01-03,0.7268181443214417,115.14199829101562,83.677001953125,1.1373459100723267,1.3522284030914307,0.6840693950653076
2022-01-04,0.7197999358177185,115.3280029296875,82.98300170898438,1.1302244663238525,1.3483266830444336,0.6789695620536804
2022-01-05,0.7238802313804626,116.17400360107422,84.09400177001953,1.1283625364303589,1.353143334388733,0.6813613176345825
2022-01-06,0.7220800518989563,116.12799835205078,83.8489990234375,1.1313496828079224,1.3555645942687988,0.6793201565742493
2022-01-07,0.7162600159645081,115.86499786376953,82.98699951171875,1.1296881437301636,1.353363037109375,0.674040675163269
2022-01-10,0.7179111242294312,115.61799621582031,82.99099731445312,1.1353960037231445,1.3592311143875122,0.6775985956192017
2022-01-11,0.71809983253479,115.27799987792969,82.76899719238281,1.1330417394638062,1.3580313920974731,0.6766495108604431
2022-01-12,0.7209799885749817,115.33100128173828,83.1520004272461,1.1366478204727173,1.3633265495300293,0.678380012512207
2022-01-13,0.7282207608222961,114.67500305175781,83.50199890136719,1.144164800643921,1.3709993362426758,0.6846923232078552
2022-01-14,0.7282260060310364,114.11799621582031,83.09100341796875,1.1457115411758423,1.3713659048080444,0.6861910820007324
2022-01-17,0.7216517329216003,114.30599975585938,82.4800033569336,1.1410704851150513,1.367353081703186,0.6808279156684875
2022-01-18,0.7210798263549805,114.57099914550781,82.61100006103516,1.1410574913024902,1.364800214767456,0.6797999143600464
2022-01-19,0.7187501788139343,114.55400085449219,82.33200073242188,1.1329647302627563,1.3600261211395264,0.6771718859672546
2022-01-20,0.721700131893158,114.34700012207031,82.50800323486328,1.1343399286270142,1.3608589172363281,0.6780300140380859
2022-01-21,0.7217090129852295,113.99299621582031,82.26000213623047,1.1313753128051758,1.359767198562622,0.6750781536102295
2022-01-24,0.7187884449958801,113.78500366210938,81.7770004272461,1.1341469287872314,1.3555830717086792,0.6722598671913147
2022-01-25,0.715449869632721,114.01100158691406,81.56700134277344,1.1324130296707153,1.3489269018173218,0.6704614758491516
2022-01-26,0.7158800363540649,113.875,81.52999877929688,1.130454421043396,1.3510775566101074,0.6690887808799744
2022-01-27,0.7122999429702759,114.72100067138672,81.69200134277344,1.1243535280227661,1.3468012809753418,0.666058361530304
2022-01-28,0.7035500407218933,115.35199737548828,81.14700317382812,1.1147029399871826,1.3388315439224243,0.6584405303001404
2022-01-31,0.6997998356819153,115.26200103759766,80.63500213623047,1.1152374744415283,1.3403388261795044,0.6551920771598816
2022-02-01,0.7068301439285278,115.12100219726562,81.36900329589844,1.12296462059021,1.3445378541946411,0.657799482345581
2022-02-02,0.7133991122245789,114.73600006103516,81.84200286865234,1.1273956298828125,1.352539300918579,0.6637285947799683
2022-02-03,0.7120797634124756,114.38200378417969,81.44599914550781,1.1299946308135986,1.3565024137496948,0.66118985414505
2022-02-04,0.7145000696182251,114.95700073242188,82.10600280761719,1.14357590675354,1.359841227531433,0.666640043258667
2022-02-07,0.7080298066139221,115.2239990234375,81.56900024414062,1.145514726638794,1.3533447980880737,0.6619886159896851
2022-02-08,0.7129998207092285,115.06300354003906,82.01000213623047,1.1442956924438477,1.353780746459961,0.663790225982666
2022-02-09,0.7145919799804688,115.53099822998047,82.5510025024414,1.142126202583313,1.3547565937042236,0.6649501919746399
2022-02-10,0.7177411317825317,115.60199737548828,82.96700286865234,1.142152190208435,1.3533265590667725,0.667931318283081
2022-02-11,0.7161697745323181,116.0469970703125,83.10493469238281,1.1415525674819946,1.3551788330078125,0.6667110919952393
2022-02-14,0.7144796252250671,115.58399963378906,82.5739974975586,1.1365057229995728,1.3569625616073608,0.6646682024002075
2022-02-15,0.7132098078727722,115.53600311279297,82.39900207519531,1.1306334733963013,1.3532898426055908,0.6618002653121948
2022-02-16,0.7149087190628052,115.63500213623047,82.63500213623047,1.1356796026229858,1.3541145324707031,0.6640812158584595
2022-02-17,0.7194502949714661,115.38700103759766,83.01300048828125,1.1375269889831543,1.3584926128387451,0.6681097745895386
2022-02-18,0.71893310546875,114.86599731445312,82.56700134277344,1.1366478204727173,1.3618782758712769,0.6691021919250488
2022-02-21,0.7171697616577148,114.96099853515625,82.44000244140625,1.131721019744873,1.359342098236084,0.6689589619636536
2022-02-22,0.718450129032135,114.60900115966797,82.33599853515625,1.1309658288955688,1.3596007823944092,0.6695995330810547
2022-02-23,0.7226895689964294,115.09600067138672,83.17900085449219,1.13291335105896,1.3589357137680054,0.6741815805435181
2022-02-24,0.7227997779846191,114.89800262451172,83.0459976196289,1.1305694580078125,1.3545730113983154,0.6770801544189453
2022-02-25,0.7160200476646423,115.57099914550781,82.7490005493164,1.11906898021698,1.337327480316162,0.6687889695167542
2022-02-28,0.7186489701271057,115.58499908447266,83.04900360107422,1.118105411529541,1.337327480316162,0.6693216562271118
2022-03-01,0.7262001037597656,115.0780029296875,83.53800201416016,1.1215918064117432,1.3422818183898926,0.6769197583198547
2022-03-02,0.7261425852775574,114.83300018310547,83.36100006103516,1.1132758855819702,1.3335111141204834,0.6767502427101135
2022-03-03,0.729341447353363,115.51899719238281,84.24700164794922,1.1112345457077026,1.33969247341156,0.6783018112182617
2022-03-04,0.7336999773979187,115.4739990234375,84.71800231933594,1.1066844463348389,1.3350956439971924,0.680971622467041
2022-03-07,0.7394808530807495,114.94999694824219,84.98899841308594,1.087453007698059,1.3212482929229736,0.6874505877494812
2022-03-08,0.7328498363494873,115.37300109863281,84.55000305175781,1.0865312814712524,1.3112295866012573,0.683821439743042
2022-03-09,0.7267916798591614,115.72200012207031,84.08000183105469,1.0898232460021973,1.3099292516708374,0.6804294586181641
2022-03-10,0.731689989566803,115.90899658203125,84.80699920654297,1.107382893562317,1.3185653686523438,0.6838401556015015
2022-03-11,0.7365999817848206,116.17900085449219,85.57599639892578,1.1013944149017334,1.3103240728378296,0.6874411702156067
2022-03-14,0.72965008020401,117.52899932861328,85.74700164794922,1.093206763267517,1.3050298690795898,0.6812685132026672
2022-03-15,0.71986985206604,118.21800231933594,85.09700012207031,1.0943193435668945,1.3011853694915771,0.674900472164154
2022-03-16,0.7191000580787659,118.29199981689453,85.06400299072266,1.0969363451004028,1.304648518562317,0.6762194037437439
2022-03-17,0.7288799285888672,118.87000274658203,86.63899993896484,1.1021955013275146,1.3141123056411743,0.6830694675445557
2022-03-18,0.738099992275238,118.48600006103516,87.4540023803711,1.1099518537521362,1.3160406351089478,0.6892321705818176
2022-03-21,0.7409987449645996,119.26300048828125,88.36599731445312,1.1043134927749634,1.3160839080810547,0.689869225025177
2022-03-22,0.7395793199539185,119.59400177001953,88.44599914550781,1.101722002029419,1.3168290853500366,0.6879708170890808
2022-03-23,0.7462301850318909,121.33999633789062,90.54100036621094,1.1029735803604126,1.3266470432281494,0.6964321732521057
2022-03-24,0.7499175071716309,121.12699890136719,90.8280029296875,1.1006306409835815,1.3206027746200562,0.6976322531700134
2022-03-25,0.7514277100563049,122.34600067138672,91.89600372314453,1.1009578704833984,1.3195745944976807,0.696548581123352
2022-03-28,0.7518231272697449,122.2699966430664,91.90799713134766,1.098189115524292,1.317627191543579,0.6957489848136902
2022-03-29,0.7499501705169678,123.66000366210938,92.73699951171875,1.0993843078613281,1.3103584051132202,0.6907795071601868
2022-03-30,0.7514672875404358,123.125,92.52300262451172,1.1091516017913818,1.3093804121017456,0.6943190693855286
2022-03-31,0.7503001093864441,122.02100372314453,91.53199768066406,1.1161835193634033,1.3138878345489502,0.6970681548118591
2022-04-01,0.7491927742958069,121.75599670410156,91.19000244140625,1.1072357892990112,1.314699649810791,0.6934000253677368
2022-04-04,0.7486487030982971,122.61000061035156,91.78299713134766,1.1047282218933105,1.3103755712509155,0.6907699704170227
2022-04-05,0.7543901801109314,122.80899810791016,92.62000274658203,1.0975863933563232,1.3114582300186157,0.6948497891426086
2022-04-06,0.7585699558258057,123.65599822998047,93.7969970703125,1.090643286705017,1.3077365159988403,0.6947677135467529
2022-04-07,0.7505084872245789,123.7229995727539,92.85099792480469,1.0898232460021973,1.307206630706787,0.6911519169807434
2022-04-08,0.7478480935096741,124.09600067138672,92.80999755859375,1.0864840745925903,1.3069332838058472,0.6884918212890625
2022-04-11,0.7446514964103699,124.38500213623047,92.61499786376953,1.0884946584701538,1.303220272064209,0.6835409998893738
2022-04-12,0.7415317296981812,125.47200012207031,93.03199768066406,1.0877959728240967,1.3024225234985352,0.6817794442176819
2022-04-13,0.7454997897148132,125.41600036621094,93.47799682617188,1.0826143026351929,1.3002548217773438,0.6856500506401062
2022-04-14,0.7451497912406921,125.37699890136719,93.41899871826172,1.089656949043274,1.312026023864746,0.6800777912139893
2022-04-15,0.7410151958465576,126.17900085449219,93.47100067138672,1.0820988416671753,1.3070015907287598,0.6783432364463806
2022-04-18,0.7393824458122253,126.61799621582031,93.60700225830078,1.081525444984436,1.3057557344436646,0.6760411262512207
2022-04-19,0.7357593774795532,127.0979995727539,93.50700378417969,1.0781787633895874,1.3009822368621826,0.673632025718689
2022-04-20,0.7393988370895386,129.33299255371094,95.62000274658203,1.0794472694396973,1.301371693611145,0.6746591329574585
2022-04-21,0.7446997761726379,128.01300048828125,95.2969970703125,1.0849870443344116,1.3068820238113403,0.6783478260040283
2022-04-22,0.7361114025115967,128.4080047607422,94.51399993896484,1.0835175514221191,1.302626132965088,0.6724497079849243
2022-04-25,0.7236937284469604,128.60499572753906,93.03500366210938,1.0811045169830322,1.2830876111984253,0.6625105142593384
2022-04-26,0.717849850654602,127.74400329589844,91.697998046875,1.0714209079742432,1.2739989757537842,0.6618615388870239
2022-04-27,0.714600145816803,127.26599884033203,90.9010009765625,1.0643619298934937,1.2583998441696167,0.6575616598129272
2022-04-28,0.7125704288482666,128.3939971923828,91.48100280761719,1.0555092096328735,1.2541857957839966,0.6542190313339233
2022-04-29,0.710883617401123,130.81100463867188,92.95999908447266,1.0504201650619507,1.2463854551315308,0.6493085026741028
2022-05-02,0.7065390348434448,130.01100158691406,91.8489990234375,1.0535964965820312,1.2573871612548828,0.6456194519996643
2022-05-03,0.7050997614860535,130.11199951171875,91.71399688720703,1.0509058237075806,1.2498282194137573,0.6441307067871094
2022-05-04,0.7103786468505859,130.11599731445312,92.41400146484375,1.0528532266616821,1.2500405311584473,0.643430233001709
2022-05-05,0.7252898812294006,129.22300720214844,93.72200012207031,1.0622477531433105,1.261813759803772,0.6551019549369812
2022-05-06,0.712100088596344,130.3300018310547,92.79399871826172,1.0539740324020386,1.2364147901535034,0.6430289149284363
2022-05-09,0.7046997547149658,130.74899291992188,92.10399627685547,1.053219199180603,1.2326656579971313,0.6389204859733582
2022-05-10,0.6957392692565918,130.3769989013672,90.7020034790039,1.056579828262329,1.2338824272155762,0.6323590874671936
2022-05-11,0.693600058555603,130.3509979248047,90.38700103759766,1.0532968044281006,1.2309207916259766,0.6289980411529541
2022-05-12,0.692750096321106,129.8350067138672,89.93599700927734,1.05124831199646,1.2234212160110474,0.6284801959991455
2022-05-13,0.6871907711029053,128.58799743652344,88.35800170898438,1.0379581451416016,1.220613718032837,0.6247188448905945
2022-05-16,0.6946181058883667,129.4320068359375,89.89399719238281,1.0400632619857788,1.2258507013320923,0.6288912296295166
2022-05-17,0.6972820162773132,128.92300415039062,89.88600158691406,1.0438958406448364,1.2324832677841187,0.6311417818069458
2022-05-18,0.7032843232154846,129.45399475097656,91.0,1.0547856092453003,1.2484394311904907,0.6359097957611084
2022-05-19,0.695900022983551,127.91400146484375,89.00800323486328,1.0472739934921265,1.2345831394195557,0.6295603513717651
2022-05-20,0.7041500210762024,127.83200073242188,90.00900268554688,1.057898759841919,1.2462146282196045,0.6381499171257019
2022-05-23,0.7062894701957703,127.90299987792969,90.32599639892578,1.0569819211959839,1.2504063844680786,0.6421493887901306
2022-05-24,0.7088980674743652,127.84600067138672,90.625,1.0682048797607422,1.256754994392395,0.6447494626045227
2022-05-25,0.7103200554847717,126.76899719238281,90.04000091552734,1.0736525058746338,1.2542959451675415,0.6448908448219299
2022-05-26,0.708939790725708,127.1520004272461,90.13999938964844,1.0686614513397217,1.258610486984253,0.6479789614677429
2022-05-27,0.7098793983459473,127.04499816894531,90.17900085449219,1.0732953548431396,1.261734127998352,0.6482393741607666
2022-05-30,0.7162810564041138,127.28500366210938,91.12999725341797,1.0731456279754639,1.262833595275879,0.6534098386764526
2022-05-31,0.7195202112197876,127.78399658203125,91.93000030517578,1.0773539543151855,1.2647020816802979,0.6558279991149902
2022-06-01,0.7182618379592896,128.73599243164062,92.45700073242188,1.0734105110168457,1.2608909606933594,0.6518607139587402
2022-06-02,0.7173600792884827,130.1219940185547,93.33399963378906,1.0654165744781494,1.2483147382736206,0.6480587720870972
2022-06-03,0.726900041103363,129.91799926757812,94.39600372314453,1.0751069784164429,1.2579249143600464,0.6560388207435608
2022-06-06,0.7204922437667847,130.70700073242188,94.16999816894531,1.0726046562194824,1.249230146408081,0.6509103178977966
2022-06-07,0.7188607454299927,132.17599487304688,95.00900268554688,1.0691413879394531,1.2523481845855713,0.6485589146614075
2022-06-08,0.7220602631568909,132.8470001220703,95.91400146484375,1.0698620080947876,1.2587324380874634,0.6480713486671448
2022-06-09,0.7186489701271057,134.42999267578125,96.5989990234375,1.071765422821045,1.254028558731079,0.6443713903427124
2022-06-10,0.7098188996315002,134.41799926757812,95.37999725341797,1.0619205236434937,1.2492972612380981,0.6385695934295654
2022-06-13,0.7018282413482666,134.81399536132812,94.60600280761719,1.0489987134933472,1.2274909019470215,0.6337296366691589
2022-06-14,0.6941600441932678,134.22500610351562,93.1719970703125,1.0415147542953491,1.2144765853881836,0.6275415420532227
2022-06-15,0.6889899373054504,135.29400634765625,93.18900299072266,1.0440592765808105,1.201258897781372,0.6226804852485657
2022-06-16,0.7016903758049011,134.11500549316406,94.08899688720703,1.0456204414367676,1.2174336910247803,0.6292592883110046
2022-06-17,0.704049825668335,132.42100524902344,93.23200225830078,1.0546854734420776,1.2354830503463745,0.6360716223716736
2022-06-20,0.6953000426292419,135.2760009765625,94.03399658203125,1.049141764640808,1.2228227853775024,0.632559061050415
2022-06-21,0.6969500780105591,135.08700561523438,94.13899993896484,1.0520778894424438,1.225174903869629,0.6337416768074036
2022-06-22,0.6961801052093506,136.2689971923828,94.85600280761719,1.053263545036316,1.2266627550125122,0.631780207157135
2022-06-23,0.6905218958854675,136.0240020751953,93.91899871826172,1.0564124584197998,1.225084900856018,0.6271007657051086
2022-06-24,0.6903502941131592,134.83999633789062,93.0790023803711,1.052011489868164,1.2260762453079224,0.6286184787750244
2022-06-27,0.6943383812904358,135.06199645996094,93.76899719238281,1.0566133260726929,1.228244662284851,0.6314287781715393
2022-06-28,0.6922522783279419,135.43499755859375,93.74800109863281,1.0580891370773315,1.2267379760742188,0.6294097900390625
2022-06-29,0.6904398798942566,136.0469970703125,93.92900085449219,1.0523545742034912,1.2189769744873047,0.6237096786499023
2022-06-30,0.6880465745925903,136.58900451660156,93.96399688720703,1.04465913772583,1.2131799459457397,0.6225099563598633
2022-07-01,0.6897598505020142,135.78599548339844,93.65799713134766,1.0477677583694458,1.2160863876342773,0.6240288615226746
2022-07-04,0.6815796494483948,135.04299926757812,92.03299713134766,1.0433948040008545,1.2102727890014648,0.6208789348602295
2022-07-05,0.6873797178268433,135.83999633789062,93.36399841308594,1.0433186292648315,1.211445689201355,0.6215696930885315
2022-07-06,0.6793201565742493,135.52099609375,92.04900360107422,1.0257673263549805,1.19491446018219,0.6165912747383118
2022-07-07,0.6786000728607178,135.96600341796875,92.23200225830078,1.0186411142349243,1.1923214197158813,0.6155001521110535
2022-07-08,0.6849000453948975,135.91299438476562,93.06400299072266,1.0169836282730103,1.2028049230575562,0.6179094910621643
2022-07-11,0.6845798492431641,136.30099487304688,93.27999877929688,1.0166114568710327,1.2016630172729492,0.6186090111732483
2022-07-12,0.6743316054344177,137.38800048828125,92.63500213623047,1.004752516746521,1.1900936365127563,0.6122311353683472
2022-07-13,0.674700140953064,136.7259979248047,92.24600219726562,1.0033109188079834,1.1877753734588623,0.612321138381958
2022-07-14,0.6732302308082581,137.6280059814453,92.6510009765625,1.0032706260681152,1.186380386352539,0.6108586192131042
2022-07-15,0.6754885315895081,138.9669952392578,93.86100006103516,1.0025665760040283,1.1839643716812134,0.6130305528640747
2022-07-18,0.6814774870872498,138.31399536132812,94.2229995727539,1.009631872177124,1.1888344287872314,0.6189689040184021
2022-07-19,0.6810198426246643,138.22900390625,94.12799835205078,1.0145177841186523,1.194828748703003,0.6153202652931213
2022-07-20,0.6897978782653809,138.1909942626953,95.30599975585938,1.0231330394744873,1.2003505229949951,0.6233597993850708
2022-07-21,0.6887384057044983,138.39500427246094,95.31199645996094,1.0182781219482422,1.1971746683120728,0.6225215792655945
2022-07-22,0.692290186882019,137.09800720214844,94.90699768066406,1.0221081972122192,1.1996161937713623,0.6243990063667297
2022-07-25,0.6904694437980652,136.31199645996094,94.0999984741211,1.0200231075286865,1.1986957788467407,0.6233908534049988
2022-07-26,0.6951202750205994,136.43099975585938,94.82499694824219,1.022494912147522,1.2055164575576782,0.625840961933136
2022-07-27,0.6947387456893921,136.97000122070312,95.1500015258789,1.0129557847976685,1.2036880254745483,0.624130129814148
2022-07-28,0.6994900107383728,136.11099243164062,95.19999694824219,1.0209290981292725,1.2163082361221313,0.6260290145874023
2022-07-29,0.7000839710235596,134.39700317382812,94.04299926757812,1.0192328691482544,1.2173447608947754,0.6295682787895203
2022-08-01,0.6971215605735779,133.40699768066406,92.99099731445312,1.0208247900009155,1.2167373895645142,0.6279119849205017
2022-08-02,0.7023902535438538,131.57200622558594,92.40899658203125,1.0261356830596924,1.2254151105880737,0.6331799030303955
2022-08-03,0.6890298128128052,133.37899780273438,91.90299987792969,1.015568733215332,1.2142995595932007,0.6221303939819336
2022-08-04,0.693899929523468,133.96200561523438,92.93000030517578,1.015764594078064,1.2138278484344482,0.6267392039299011
2022-08-05,0.6959198713302612,132.62100219726562,92.29000091552734,1.024779200553894,1.215849757194519,0.6297110319137573
2022-08-08,0.6902502179145813,135.0570068359375,93.21399688720703,1.0170871019363403,1.2059526443481445,0.6239704489707947
2022-08-09,0.6987700462341309,134.83999633789062,94.21700286865234,1.0197629928588867,1.208473801612854,0.6289387345314026
2022-08-10,0.6957005858421326,135.18699645996094,94.0185775756836,1.0208144187927246,1.207423210144043,0.6285789608955383
2022-08-11,0.7078142762184143,132.8300018310547,94.08000183105469,1.0300782918930054,1.2212995290756226,0.64063960313797
2022-08-12,0.7102898359298706,132.99400329589844,94.45700073242188,1.0316723585128784,1.2196162939071655,0.6434219479560852
2022-08-15,0.7116677761077881,133.28799438476562,94.8479995727539,1.0256409645080566,1.2127974033355713,0.6449490785598755
2022-08-16,0.7020002603530884,133.14300537109375,93.46099853515625,1.0161981582641602,1.205690860748291,0.6362901926040649
2022-08-17,0.7019400596618652,134.27699279785156,94.2587661743164,1.0170663595199585,1.209818959236145,0.6343407034873962
2022-08-18,0.693040132522583,134.94400024414062,93.51799774169922,1.0180189609527588,1.2045146226882935,0.6276084780693054
2022-08-19,0.691119909286499,135.7949981689453,93.84600067138672,1.0089900493621826,1.193274736404419,0.6245003938674927
2022-08-22,0.6877105832099915,137.04100036621094,94.23500061035156,1.0035223960876465,1.1818095445632935,0.6176198124885559
2022-08-23,0.6878700256347656,137.54600524902344,94.6240005493164,0.9939467906951904,1.1766505241394043,0.6176690459251404
2022-08-24,0.6923002004623413,136.73300170898438,94.61000061035156,0.9966909885406494,1.18327796459198,0.620728611946106
2022-08-25,0.6907985806465149,137.08099365234375,94.67500305175781,0.9969095587730408,1.1791757345199585,0.6181692481040955
2022-08-26,0.6963981986045837,136.56300354003906,95.0999984741211,0.9971283078193665,1.1824007034301758,0.6216701865196228
2022-08-29,0.6866905689239502,137.52000427246094,94.86000061035156,0.993867814540863,1.1694538593292236,0.6112992763519287
2022-08-30,0.6907508373260498,138.5959930419922,95.72799682617188,1.0014019012451172,1.172250509262085,0.6160708069801331
2022-08-31,0.6857398152351379,138.73399353027344,95.13099670410156,1.0025062561035156,1.1659767627716064,0.6132185459136963
2022-09-01,0.6828502416610718,139.29600524902344,95.10800170898438,1.003905177116394,1.1598505973815918,0.6111199259757996
2022-09-02,0.6795302033424377,140.08099365234375,95.18499755859375,0.995232880115509,1.154894471168518,0.6084908843040466
2022-09-05,0.6790295243263245,140.48699951171875,95.38500213623047,0.9909427762031555,1.1474601030349731,0.6086316108703613
2022-09-06,0.6813998818397522,140.42999267578125,95.64800262451172,0.9952229857444763,1.156644344329834,0.6105490922927856
2022-09-07,0.6730109453201294,143.1510009765625,96.33599853515625,0.9897951483726501,1.151185154914856,0.6033000349998474
2022-09-08,0.6751401424407959,144.1280059814453,97.29900360107422,0.9995701909065247,1.1519808769226074,0.6062516570091248
2022-09-09,0.6765899658203125,143.8560028076172,97.32099914550781,1.0012015104293823,1.1521600484848022,0.6070399284362793
2022-09-12,0.6846998333930969,142.5959930419922,97.61599731445312,1.0071406364440918,1.1619395017623901,0.611291766166687
2022-09-13,0.689398467540741,142.5850067138672,98.28700256347656,1.0129557847976685,1.1689754724502563,0.6146697402000427
2022-09-14,0.6743001937866211,144.4040069580078,97.36199951171875,0.9982032775878906,1.1506155729293823,0.6005104780197144
2022-09-15,0.6751797795295715,142.92300415039062,96.49600219726562,0.9984025359153748,1.1544944047927856,0.6016883254051208
2022-09-16,0.6687299013137817,143.36500549316406,95.86599731445312,0.9988313317298889,1.1452654600143433,0.595770001411438
2022-09-19,0.6726998686790466,142.76499938964844,96.01200103759766,1.002234935760498,1.1433144807815552,0.5995599627494812
2022-09-20,0.6733698844909668,143.22300720214844,96.38899993896484,1.0029587745666504,1.1443217992782593,0.5966800451278687
2022-09-21,0.6694202423095703,143.6020050048828,96.11000061035156,0.997078537940979,1.138057827949524,0.5901898741722107
2022-09-22,0.661010205745697,144.3159942626953,95.39199829101562,0.983071506023407,1.1255937814712524,0.5829408168792725
2022-09-23,0.66454017162323,142.27999877929688,94.54900360107422,0.9841550588607788,1.126417875289917,0.5848295092582703
2022-09-26,0.653069794178009,143.51100158691406,93.71399688720703,0.968992292881012,1.0797386169433594,0.5741912722587585
2022-09-27,0.6476000547409058,144.45899963378906,93.5,0.9623712301254272,1.077284336090088,0.5665497779846191
2022-09-28,0.6438001394271851,144.6909942626953,93.10299682617188,0.9596191644668579,1.072754144668579,0.5631391406059265
2022-09-29,0.6504995822906494,144.3979949951172,93.91799926757812,0.9708172082901001,1.0835996866226196,0.5718501210212708
2022-09-30,0.6512998938560486,144.43099975585938,94.00599670410156,0.9829555749893188,1.1169440746307373,0.5742308497428894
2022-10-03,0.6420958042144775,144.8159942626953,92.95700073242188,0.9792688488960266,1.114057183265686,0.5618608593940735
2022-10-04,0.6501798629760742,144.5189971923828,93.95600128173828,0.9832068681716919,1.1334141492843628,0.5719612836837769
2022-10-05,0.6514102220535278,143.78700256347656,93.65499877929688,0.998432457447052,1.1451343297958374,0.5737300515174866
2022-10-06,0.651269793510437,144.44900512695312,94.05999755859375,0.9910998940467834,1.13553786277771,0.5776006579399109
2022-10-07,0.6414409279823303,145.03900146484375,93.0260009765625,0.9789045453071594,1.1162084341049194,0.566068708896637
2022-10-10,0.6369832158088684,145.48199462890625,92.5,0.9735012650489807,1.1072726249694824,0.56067955493927
2022-10-11,0.6294810771942139,145.6739959716797,91.69000244140625,0.9710057377815247,1.1076405048370361,0.5572396516799927
2022-10-12,0.6266409754753113,145.8699951171875,91.39700317382812,0.9700167775154114,1.0967799425125122,0.5584813952445984
2022-10-13,0.6277306079864502,146.73699951171875,92.10299682617188,0.9707984328269958,1.11055588722229,0.561138927936554
2022-10-14,0.630099892616272,147.29299926757812,92.75900268554688,0.975134015083313,1.1303905248641968,0.5639108419418335
2022-10-17,0.6223937273025513,148.6320037841797,92.47699737548828,0.973937451839447,1.124416708946228,0.5576000809669495
2022-10-18,0.6298815608024597,148.9709930419922,93.81099700927734,0.9846396446228027,1.1353960037231445,0.5656684637069702
2022-10-19,0.6316401362419128,149.20899963378906,94.24700164794922,0.9863878488540649,1.134429931640625,0.5694792866706848
2022-10-20,0.6263701915740967,149.8209991455078,93.83399963378906,0.9766482710838318,1.1211013793945312,0.566270649433136
2022-10-21,0.6274706721305847,150.17599487304688,94.2229995727539,0.9778899550437927,1.1221455335617065,0.5669191479682922
2022-10-24,0.6371902227401733,147.81900024414062,94.18000030517578,0.9860085844993591,1.1344685554504395,0.5763987898826599
2022-10-25,0.6329598426818848,148.88699340820312,94.23400115966797,0.9886503219604492,1.1307740211486816,0.5704994797706604
2022-10-26,0.6385700106620789,147.97999572753906,94.48999786376953,0.9963731169700623,1.146223783493042,0.5743198990821838
2022-10-27,0.6493498086929321,146.13400268554688,94.88700103759766,1.009193778038025,1.1638191938400269,0.5839995741844177
2022-10-28,0.6450905799865723,146.2740020751953,94.35199737548828,0.9967803955078125,1.1566041707992554,0.5828015208244324
2022-10-31,0.6401310563087463,147.81199645996094,94.60700225830078,0.9955002665519714,1.159595012664795,0.5801911354064941
2022-11-01,0.6409898996353149,148.73699951171875,95.33399963378906,0.9886307716369629,1.146815299987793,0.5825197100639343
2022-11-02,0.6396700143814087,147.9149932861328,94.60399627685547,0.9877909421920776,1.1489498615264893,0.5847885012626648
2022-11-03,0.6338501572608948,147.89199829101562,93.73500061035156,0.9814409017562866,1.1384334564208984,0.5813412666320801
2022-11-04,0.6288517117500305,148.39300537109375,93.30999755859375,0.9749630093574524,1.1171187162399292,0.5769208669662476
2022-11-07,0.6439315676689148,146.84100341796875,94.54399871826172,0.9928810596466064,1.1331573724746704,0.5894210338592529
2022-11-08,0.6474796533584595,146.62399291992188,94.93000030517578,1.0018634796142578,1.1517950296401978,0.5940182209014893
2022-11-09,0.65091872215271,145.2949981689453,94.56900024414062,1.008084774017334,1.1552680730819702,0.5963206887245178
2022-11-10,0.6434178352355957,146.20899963378906,94.00700378417969,1.0019538402557373,1.1368157863616943,0.5886300206184387
2022-11-11,0.6606900691986084,141.73399353027344,93.63700103759766,1.0192224979400635,1.1695632934570312,0.6017788648605347
2022-11-14,0.6698821187019348,139.55299377441406,93.4739990234375,1.0328551530838013,1.1799131631851196,0.610530436038971
2022-11-15,0.669189989566803,140.11500549316406,93.76000213623047,1.0319278240203857,1.175249695777893,0.6089985370635986
2022-11-16,0.6769499778747559,138.96499633789062,94.06500244140625,1.0357863903045654,1.1880435943603516,0.6165608167648315
2022-11-17,0.6739497780799866,139.32200622558594,93.89600372314453,1.0395010709762573,1.191525936126709,0.6150288581848145
2022-11-18,0.6689200401306152,140.41200256347656,93.91300201416016,1.036172866821289,1.1860145330429077,0.6128915548324585
2022-11-21,0.6682080030441284,140.2530059814453,93.70999908447266,1.0330898761749268,1.1886366605758667,0.6167814135551453
2022-11-22,0.6607800126075745,142.09800720214844,93.87999725341797,1.0245691537857056,1.1827600002288818,0.6098490357398987
2022-11-23,0.66498202085495,141.15499877929688,93.8499984741211,1.0311086177825928,1.1894567012786865,0.6156498193740845
2022-11-24,0.6743502020835876,139.2779998779297,93.91899871826172,1.0416233539581299,1.2073503732681274,0.6252813935279846
2022-11-25,0.6765598058700562,138.60299682617188,93.76699829101562,1.040810227394104,1.2113430500030518,0.6259702444076538
2022-11-28,0.6711905002593994,139.10000610351562,93.50800323486328,1.0367528200149536,1.2054728269577026,0.6216701865196228
2022-11-29,0.665198802947998,138.718994140625,92.26799774169922,1.034554123878479,1.1960291862487793,0.616401195526123
2022-11-30,0.668408989906311,138.7449951171875,92.7300033569336,1.0324499607086182,1.1946860551834106,0.6196900010108948
2022-12-01,0.6799598932266235,137.35899353027344,93.38600158691406,1.042535424232483,1.207749843597412,0.6314406991004944
2022-12-02,0.6811015009880066,135.14999389648438,92.04499816894531,1.052842140197754,1.2259259223937988,0.6369791626930237
2022-12-05,0.6813009977340698,134.47500610351562,91.60800170898438,1.0544185638427734,1.2297248840332031,0.6404590606689453
2022-12-06,0.6707807779312134,136.65199279785156,91.62000274658203,1.0496923923492432,1.2192445993423462,0.6322599649429321
2022-12-07,0.6698821187019348,136.88600158691406,91.68000030517578,1.0469011068344116,1.2133007049560547,0.6324390769004822
2022-12-08,0.6726998686790466,136.38099670410156,91.73799896240234,1.051325798034668,1.2212398052215576,0.6354088187217712
2022-12-09,0.6776500344276428,136.61399841308594,92.55999755859375,1.0559661388397217,1.2236007452011108,0.637860894203186
2022-12-12,0.6781408190727234,136.71200561523438,92.6989974975586,1.0522217750549316,1.2239153385162354,0.6393207907676697
2022-12-13,0.6754000186920166,137.50399780273438,92.85600280761719,1.0541739463806152,1.2270842790603638,0.638781726360321
2022-12-14,0.6842299699783325,135.58399963378906,92.76699829101562,1.062665343284607,1.235666275024414,0.6453902721405029
2022-12-15,0.6857798099517822,135.34800720214844,92.81400299072266,1.0676347017288208,1.2419428825378418,0.6453902721405029
2022-12-16,0.6705918908119202,137.75100708007812,92.36799621582031,1.064056158065796,1.2189176082611084,0.6343004107475281
2022-12-19,0.6687487363815308,136.69000244140625,91.3219985961914,1.05850350856781,1.2160272598266602,0.6371496915817261
2022-12-20,0.6707807779312134,136.9949951171875,91.83499908447266,1.0614584684371948,1.2153326272964478,0.6361606121063232
2022-12-21,0.6688498258590698,131.89199829101562,88.20099639892578,1.062699317932129,1.2189176082611084,0.6344292163848877
2022-12-22,0.6716818809509277,132.3699951171875,88.83999633789062,1.0610079765319824,1.2077397108078003,0.6289505958557129
2022-12-23,0.6678001284599304,132.35699462890625,88.3759994506836,1.060333013534546,1.203992486000061,0.6251992583274841
2022-12-26,0.6712490320205688,132.7899932861328,89.46292877197266,1.0667804479599,1.206000566482544,0.6292901635169983
2022-12-27,0.674458920955658,132.76400756835938,89.53700256347656,1.064022183418274,1.2084153890609741,0.6306999325752258
2022-12-28,0.6729927659034729,133.48599243164062,89.80899810791016,1.0637166500091553,1.2027326822280884,0.6273289918899536
2022-12-29,0.6747100949287415,134.03399658203125,90.43000030517578,1.062925100326538,1.2028483152389526,0.6318396925926208
2022-12-30,0.6766000390052795,132.91600036621094,89.927001953125,1.066075325012207,1.2056326866149902,0.6345902681350708
2023-01-02,0.6823097467422485,130.84500122070312,89.19400024414062,1.0709733963012695,1.2120330333709717,0.6374799013137817
2023-01-03,0.6805600523948669,130.79400634765625,89.00900268554688,1.0677714347839355,1.206287145614624,0.6326391100883484
2023-01-04,0.6727999448776245,131.2480010986328,88.26399993896484,1.0546854734420776,1.1969740390777588,0.6247110962867737
2023-01-05,0.6829108595848083,132.24600219726562,90.30899810791016,1.0606365203857422,1.2057054042816162,0.6285117864608765
2023-01-06,0.6755697727203369,133.3070068359375,90.05400085449219,1.0522217750549316,1.1912277936935425,0.6230801343917847
2023-01-09,0.689398467540741,131.86199951171875,90.89399719238281,1.0656323432922363,1.2116365432739258,0.6359097957611084
2023-01-10,0.6909699440002441,131.72900390625,91.01699829101562,1.073318362236023,1.2184869050979614,0.6369507908821106
2023-01-11,0.6895001530647278,132.1009979248047,91.0510025024414,1.0738946199417114,1.2154507637023926,0.6371902227401733
2023-01-12,0.6910998225212097,131.90199279785156,91.13099670410156,1.0766000747680664,1.2159533500671387,0.6367682814598083
2023-01-13,0.6967815160751343,129.1719970703125,89.99099731445312,1.0860239267349243,1.2217769622802734,0.638781726360321
2023-01-16,0.6973500847816467,128.0260009765625,89.26599884033203,1.082461953163147,1.2226732969284058,0.6385084390640259
2023-01-17,0.6966398358345032,128.3209991455078,89.38200378417969,1.0830129384994507,1.2207776308059692,0.6389898657798767
2023-01-18,0.6988413333892822,128.281005859375,89.63700103759766,1.0793308019638062,1.228471040725708,0.6432895064353943
2023-01-19,0.6944000720977783,128.53900146484375,89.26599884033203,1.0797853469848633,1.2347661256790161,0.6445499658584595
2023-01-20,0.691399872303009,128.3699951171875,88.7239990234375,1.083388328552246,1.2393262386322021,0.6395497918128967
2023-01-23,0.6982703804969788,129.35400390625,90.31500244140625,1.086507797241211,1.240633249282837,0.648908257484436
2023-01-24,0.702928364276886,130.5970001220703,91.77899932861328,1.0874292850494385,1.2379761934280396,0.6490219235420227
2023-01-25,0.7046719789505005,130.23899841308594,91.75599670410156,1.088814616203308,1.232923984527588,0.6493295431137085
2023-01-26,0.7108199596405029,129.23699951171875,91.85800170898438,1.0922038555145264,1.2412492036819458,0.6484116911888123
2023-01-27,0.7113898396492004,129.8000030517578,92.33499908447266,1.0894432067871094,1.2415266036987305,0.6490893363952637
2023-01-30,0.7107977271080017,129.85400390625,92.29100036621094,1.0871455669403076,1.2400301694869995,0.6492199301719666
2023-01-31,0.7058099508285522,130.47900390625,92.09600067138672,1.0850694179534912,1.2353609800338745,0.6468890905380249
2023-02-01,0.7051399946212769,130.11000061035156,91.73999786376953,1.0860947370529175,1.2308903932571411,0.6438201069831848
2023-02-02,0.7145000696182251,128.6219940185547,91.89399719238281,1.1012852191925049,1.2390038967132568,0.6516398787498474
2023-02-03,0.7074687480926514,128.74600219726562,91.06999969482422,1.0905125141143799,1.222299575805664,0.6477187275886536
2023-02-06,0.6920798420906067,132.00900268554688,91.34700012207031,1.079086184501648,1.2045146226882935,0.6327711939811707
2023-02-07,0.6887801885604858,132.6230010986328,91.34600067138672,1.0730764865875244,1.2026747465133667,0.6308802366256714
2023-02-08,0.6964598298072815,131.04200744628906,91.26200103759766,1.0729728937149048,1.2054582834243774,0.6321991682052612
2023-02-09,0.6930001974105835,131.38699340820312,91.02999877929688,1.0715816020965576,1.2071462869644165,0.6314606666564941
2023-02-10,0.6939384341239929,131.5189971923828,91.26300048828125,1.0742292404174805,1.2116806507110596,0.6327512264251709
2023-02-13,0.6913477778434753,131.55099487304688,90.93299865722656,1.0677714347839355,1.2052258253097534,0.6312298774719238
2023-02-14,0.6970000863075256,132.33700561523438,92.19999694824219,1.0730419158935547,1.215214490890503,0.6361404061317444
2023-02-15,0.6987583041191101,132.99099731445312,92.91000366210938,1.0735719203948975,1.2174336910247803,0.6335489153862
2023-02-16,0.690689742565155,133.9029998779297,92.47899627685547,1.0691757202148438,1.2039779424667358,0.6279789805412292
2023-02-17,0.6862400770187378,134.07400512695312,91.99600219726562,1.0665756464004517,1.197533130645752,0.6245394349098206
2023-02-20,0.686940610408783,134.3070068359375,92.25800323486328,1.0684444904327393,1.2029786109924316,0.6236202716827393
2023-02-21,0.6909002065658569,134.33599853515625,92.81099700927734,1.068261981010437,1.2039200067520142,0.6257705092430115
2023-02-22,0.686190128326416,134.9759979248047,92.62799835205078,1.065200924873352,1.2109322547912598,0.6216199398040771
2023-02-23,0.6812916994094849,134.9320068359375,91.91000366210938,1.0605803728103638,1.204993486404419,0.6224014759063721
2023-02-24,0.6810133457183838,134.6280059814453,91.66500091552734,1.0598047971725464,1.2017786502838135,0.6230801343917847
2023-02-27,0.6735684871673584,136.39500427246094,91.86000061035156,1.0554758310317993,1.1952428817749023,0.6165608167648315
2023-02-28,0.6743001937866211,136.31700134277344,91.88300323486328,1.0611205101013184,1.2061562538146973,0.6164202094078064
2023-03-01,0.6730788350105286,136.34800720214844,91.76699829101562,1.0577309131622314,1.2033549547195435,0.6186893582344055
2023-03-02,0.6759798526763916,136.19400024414062,92.06199645996094,1.066894292831421,1.2029930353164673,0.6256999969482422
2023-03-03,0.6735000014305115,136.7050018310547,92.04100036621094,1.0599732398986816,1.1951572895050049,0.6221303939819336
2023-03-06,0.6754611730575562,135.86000061035156,91.85900115966797,1.0626201629638672,1.2028483152389526,0.6209598779678345
2023-03-07,0.6733099818229675,135.99899291992188,91.54000091552734,1.0688328742980957,1.2026457786560059,0.6198398470878601
2023-03-08,0.6591001749038696,137.39100646972656,90.51599884033203,1.05507493019104,1.1827740669250488,0.6111199259757996
2023-03-09,0.6594000458717346,137.2259979248047,90.48799896240234,1.0549525022506714,1.1850166320800781,0.6114711761474609
2023-03-10,0.6591001749038696,136.39500427246094,89.85600280761719,1.0584698915481567,1.192250370979309,0.6101207137107849
2023-03-13,0.6634203791618347,134.97999572753906,88.77999877929688,1.0683646202087402,1.2079336643218994,0.6160799264907837
2023-03-14,0.6659198999404907,133.11399841308594,88.62000274658203,1.0725010633468628,1.2171372175216675,0.6216315627098083
2023-03-15,0.6689097881317139,134.39700317382812,89.89700317382812,1.0727657079696655,1.215214490890503,0.6230685114860535
2023-03-16,0.6618300080299377,132.9290008544922,87.97100067138672,1.0583354234695435,1.20692777633667,0.6164582371711731
2023-03-17,0.6663401126861572,133.3679962158203,88.86399841308594,1.0614134073257446,1.2110495567321777,0.6203396916389465
2023-03-20,0.6713212132453918,132.28399658203125,88.7959976196289,1.0678855180740356,1.2187690734863281,0.6273211240768433
2023-03-21,0.6716899871826172,131.39199829101562,88.2509994506836,1.071914792060852,1.2276264429092407,0.6242586970329285
2023-03-22,0.667789876461029,132.34800720214844,88.3740005493164,1.0774236917495728,1.2225087881088257,0.6192985773086548
2023-03-23,0.6699314713478088,131.1790008544922,87.87699890136719,1.0870392322540283,1.227973222732544,0.6232509613037109
2023-03-24,0.6681597828865051,130.86500549316406,87.43299865722656,1.0835057497024536,1.228154182434082,0.6246915459632874
2023-03-27,0.665530800819397,130.8459930419922,86.83999633789062,1.077818512916565,1.2246003150939941,0.6211102604866028
2023-03-28,0.6660095453262329,131.23300170898438,87.39800262451172,1.0807071924209595,1.229755163192749,0.620351254940033
2023-03-29,0.6706907749176025,131.04600524902344,87.87899780273438,1.0839520692825317,1.2330456972122192,0.6253712773323059
2023-03-30,0.6682482361793518,132.5760040283203,88.58799743652344,1.0843634605407715,1.2313603162765503,0.6221303939819336
2023-03-31,0.6716818809509277,133.2010040283203,89.4489974975586,1.0904649496078491,1.2387275695800781,0.6269789338111877
2023-04-03,0.6658897995948792,133.3470001220703,88.78399658203125,1.0803335905075073,1.228697419166565,0.6224905848503113
2023-04-04,0.6788502335548401,132.2989959716797,89.80899810791016,1.091226577758789,1.2423131465911865,0.6302706599235535
2023-04-05,0.6758081316947937,131.48500061035156,88.8280029296875,1.0960105657577515,1.249843716621399,0.6315284371376038
2023-04-06,0.6716683506965637,130.9340057373047,87.91000366210938,1.090334177017212,1.2463078498840332,0.6318516731262207
2023-04-07,0.6676012873649597,131.66900634765625,87.86699676513672,1.0920130014419556,1.243900179862976,0.6245706081390381
2023-04-10,0.6673500537872314,132.0970001220703,88.14399719238281,1.0913575887680054,1.2431625127792358,0.6255004405975342
2023-04-11,0.6648299694061279,133.468994140625,88.73200225830078,1.086932897567749,1.239218831062317,0.6227386593818665
2023-04-12,0.6654002070426941,133.593994140625,88.88999938964844,1.0917507410049438,1.2431007623672485,0.6195096373558044
2023-04-13,0.6699000597000122,133.0850067138672,89.12200164794922,1.0999890565872192,1.2492660284042358,0.6218286752700806
2023-04-14,0.6783998608589172,132.48699951171875,89.87100219726562,1.1054610013961792,1.2525300979614258,0.6303500533103943
2023-04-17,0.6705199480056763,133.9709930419922,89.82099914550781,1.098659634590149,1.2400178909301758,0.6201512217521667
2023-04-18,0.6700401306152344,134.4250030517578,90.05999755859375,1.0925379991531372,1.2375471591949463,0.618268609046936
2023-04-19,0.6735698580741882,134.04400634765625,90.28500366210938,1.0975382328033447,1.2425447702407837,0.6215118169784546
2023-04-20,0.6705514192581177,134.70399475097656,90.31999969482422,1.095218300819397,1.2428845167160034,0.6161999106407166
2023-04-21,0.6743178963661194,133.99600219726562,90.33499908447266,1.0970927476882935,1.2440905570983887,0.6179285645484924
2023-04-24,0.6693485379219055,133.96099853515625,89.64199829101562,1.0992271900177002,1.2449734210968018,0.614341139793396
2023-04-25,0.6703805327415466,134.08399963378906,89.87799835205078,1.1059499979019165,1.25,0.6175889372825623
2023-04-26,0.663640022277832,133.71099853515625,88.73300170898438,1.0978394746780396,1.2414803504943848,0.6147415041923523
2023-04-27,0.6608380675315857,133.46499633789062,88.20099639892578,1.1047282218933105,1.2471472024917603,0.6120887398719788
2023-04-28,0.6630398035049438,133.802001953125,88.71299743652344,1.1032048463821411,1.249750018119812,0.6146394610404968
2023-05-01,0.6612401008605957,136.38600158691406,90.19599914550781,1.1010911464691162,1.2557607889175415,0.6172115802764893
2023-05-02,0.6622801423072815,137.52099609375,91.09200286865234,1.0969241857528687,1.2485953569412231,0.6164810061454773
2023-05-03,0.6673001646995544,136.46600341796875,91.01000213623047,1.1010911464691162,1.2476606369018555,0.6226611733436584
2023-05-04,0.6641517877578735,134.54400634765625,89.33000183105469,1.1068925857543945,1.256897211074829,0.6208904981613159
2023-05-05,0.6696098446846008,134.1790008544922,89.84400177001953,1.102292776107788,1.2583364248275757,0.6290218234062195
2023-05-08,0.6747683882713318,135.19900512695312,91.21900177001953,1.10186767578125,1.2630568742752075,0.6299212574958801
2023-05-09,0.6780994534492493,135.072998046875,91.58399963378906,1.0996140241622925,1.2612725496292114,0.6338581442832947
2023-05-10,0.6766906976699829,135.28799438476562,91.54100036621094,1.096467137336731,1.2624667882919312,0.6338782906532288
2023-05-11,0.6781914234161377,134.08700561523438,90.91999816894531,1.098406195640564,1.2626996040344238,0.6371212005615234
2023-05-12,0.669989824295044,134.4980010986328,90.10399627685547,1.0912145376205444,1.2508130073547363,0.6294216513633728
2023-05-15,0.6646903157234192,135.82200622558594,90.2699966430664,1.0852696895599365,1.2450973987579346,0.6195594668388367
2023-05-16,0.6703001260757446,136.0449981689453,91.16000366210938,1.0873701572418213,1.2525207996368408,0.6243288516998291
2023-05-17,0.6657789945602417,136.42999267578125,90.81900024414062,1.0865668058395386,1.2484394311904907,0.6237408518791199
2023-05-18,0.6655617952346802,137.61399841308594,91.55999755859375,1.0838346481323242,1.2482805252075195,0.624609649181366
2023-05-19,0.6629980802536011,138.6199951171875,91.87000274658203,1.0775396823883057,1.2412338256835938,0.6235813498497009
2023-05-22,0.666100025177002,137.69200134277344,91.66999816894531,1.0822745561599731,1.2461059093475342,0.6284209489822388
2023-05-23,0.6649687886238098,138.6719970703125,92.19999694824219,1.0811045169830322,1.243440866470337,0.6286303400993347
2023-05-24,0.6613581776618958,138.59800720214844,91.65399932861328,1.076971173286438,1.2417269945144653,0.6250195503234863
2023-05-25,0.6545102000236511,139.2830047607422,91.1520004272461,1.0757315158843994,1.2371032238006592,0.610608696937561
2023-05-26,0.6498485803604126,140.01699829101562,90.95999908447266,1.0724436044692993,1.2318304777145386,0.6053400635719299
2023-05-29,0.6526989340782166,140.87100219726562,91.93599700927734,1.0723055601119995,1.2346898317337036,0.6057815551757812
2023-05-30,0.6528502106666565,140.4409942626953,91.68099975585938,1.0707669258117676,1.234933853149414,0.6044487357139587
2023-05-31,0.6517800092697144,139.79200744628906,91.10700225830078,1.073306918144226,1.241187572479248,0.6046789884567261
2023-06-01,0.6506401300430298,139.1269989013672,90.48999786376953,1.0695186853408813,1.244694471359253,0.6025112867355347
2023-06-02,0.657799482345581,138.7480010986328,91.26699829101562,1.0760787725448608,1.2525991201400757,0.6065789461135864
2023-06-05,0.6599997878074646,140.20700073242188,92.49700164794922,1.0698620080947876,1.2430236339569092,0.6058182716369629
2023-06-06,0.6613494157791138,139.38299560546875,92.1709976196289,1.0711798667907715,1.2433171272277832,0.6070613265037537
2023-06-07,0.6679089665412903,139.52699279785156,93.18599700927734,1.0698047876358032,1.2428536415100098,0.6078399419784546
2023-06-08,0.665860116481781,139.8990020751953,93.13800048828125,1.0707440376281738,1.2445859909057617,0.6042296290397644
2023-06-09,0.671259880065918,138.86300659179688,93.19599914550781,1.078271746635437,1.2559500932693481,0.609440267086029
2023-06-12,0.6744998693466187,139.37100219726562,93.99600219726562,1.0750954151153564,1.25809907913208,0.6130606532096863
2023-06-13,0.6753101944923401,139.4600067138672,94.1729965209961,1.0762988328933716,1.2515331506729126,0.6129103302955627
2023-06-14,0.6769289374351501,140.177001953125,94.88200378417969,1.078934907913208,1.2606843709945679,0.6159418225288391
2023-06-15,0.6796895265579224,139.9770050048828,95.13300323486328,1.084304690361023,1.26708984375,0.6196900010108948
2023-06-16,0.688029944896698,140.26800537109375,96.5009994506836,1.0945948362350464,1.278576135635376,0.623538613319397
2023-06-19,0.6875999569892883,141.86700439453125,97.48999786376953,1.0942115783691406,1.2830382585525513,0.6232001185417175
2023-06-20,0.6851379871368408,141.8990020751953,97.21099853515625,1.0924304723739624,1.2794759273529053,0.6202396750450134
2023-06-21,0.6788820624351501,141.3350067138672,95.94400024414062,1.0920368432998657,1.276535987854004,0.6166787147521973
2023-06-22,0.6798702478408813,141.68800354003906,96.32099914550781,1.0992635488510132,1.2772045135498047,0.6207093596458435
2023-06-23,0.6760699152946472,143.02999877929688,96.69599914550781,1.0958904027938843,1.2747135162353516,0.6182800531387329
2023-06-26,0.6680517792701721,143.54100036621094,95.88300323486328,1.0906671285629272,1.2729610204696655,0.614870011806488
2023-06-27,0.6674498319625854,143.4600067138672,95.74500274658203,1.091048002243042,1.2711971998214722,0.6163100004196167
2023-06-28,0.668140172958374,143.8820037841797,96.13099670410156,1.0957223176956177,1.2744698524475098,0.6157407760620117
2023-06-29,0.6600616574287415,144.38900756835938,95.29900360107422,1.0915838479995728,1.2642544507980347,0.6074300408363342
2023-06-30,0.6619710922241211,144.77999877929688,95.83000183105469,1.0868029594421387,1.2614636421203613,0.606678307056427
2023-07-03,0.6658321619033813,144.3979949951172,96.13400268554688,1.0907504558563232,1.2693254947662354,0.6132185459136963
2023-07-04,0.6674097180366516,144.58399963378906,96.48999786376953,1.091309905052185,1.269293189048767,0.6156005859375
2023-07-05,0.6692701578140259,144.406005859375,96.63999938964844,1.0884946584701538,1.2717629671096802,0.619809091091156
2023-07-06,0.6656903028488159,144.48899841308594,96.1500015258789,1.0856584310531616,1.2704542875289917,0.6176995635032654
2023-07-07,0.6628398895263672,143.9510040283203,95.40899658203125,1.0890636444091797,1.2742749452590942,0.616351842880249
2023-07-10,0.6688382029533386,142.20899963378906,95.1050033569336,1.0969723463058472,1.2838947772979736,0.6205899715423584
2023-07-11,0.667900025844574,141.2969970703125,94.33799743652344,1.100594401359558,1.2864713668823242,0.6206515431404114
2023-07-12,0.6693798899650574,140.1179962158203,93.78199768066406,1.101406455039978,1.2934770584106445,0.6199589371681213
2023-07-13,0.6792786121368408,138.31500244140625,93.94200134277344,1.1144545078277588,1.29962956905365,0.6305209994316101
2023-07-14,0.6888617873191833,138.0749969482422,95.1050033569336,1.1223469972610474,1.3128528594970703,0.6391900181770325
2023-07-17,0.6837793588638306,138.6820068359375,94.8239974975586,1.1227755546569824,1.3090204000473022,0.6365818381309509
2023-07-18,0.6810500025749207,138.72900390625,94.4739990234375,1.1237596273422241,1.307172417640686,0.6321192383766174
2023-07-19,0.6814821362495422,139.02699279785156,94.70999908447266,1.1228890419006348,1.303508996963501,0.6296991109848022
2023-07-20,0.6769999265670776,139.59800720214844,94.50499725341797,1.120523452758789,1.2939791679382324,0.6262878179550171
2023-07-21,0.6778190732002258,139.86399841308594,94.79399871826172,1.113709807395935,1.2872332334518433,0.6230296492576599
2023-07-24,0.6725800037384033,141.75,95.33000183105469,1.112532615661621,1.2853471040725708,0.6169000864028931
2023-07-25,0.6733009219169617,141.52200317382812,95.27899932861328,1.1063170433044434,1.281262755393982,0.6200205087661743
2023-07-26,0.6787599325180054,140.91299438476562,95.63899993896484,1.1050456762313843,1.2893908023834229,0.6216585636138916
2023-07-27,0.6759999394416809,140.36700439453125,94.88500213623047,1.1078368425369263,1.292724609375,0.6212299466133118
2023-07-28,0.6711859703063965,138.86399841308594,93.19300079345703,1.0978755950927734,1.2793776988983154,0.6187467575073242
2023-07-31,0.6660805344581604,140.75799560546875,93.75,1.1024264097213745,1.2853965759277344,0.6160100698471069
2023-08-01,0.6716818809509277,142.322998046875,95.58999633789062,1.0997591018676758,1.283400535583496,0.6204898357391357
2023-08-02,0.6617608070373535,142.97000122070312,94.6050033569336,1.1007881164550781,1.2795741558074951,0.614148736000061
2023-08-03,0.6544999480247498,143.343994140625,93.75399780273438,1.0944151878356934,1.2720379829406738,0.6086301207542419
2023-08-04,0.6561206579208374,142.59800720214844,93.54199981689453,1.095158338546753,1.2716336250305176,0.6082391738891602
2023-08-07,0.657371461391449,141.87600708007812,93.26100158691406,1.1002674102783203,1.2747948169708252,0.6100090146064758
2023-08-08,0.6572591066360474,142.5240020751953,93.66899871826172,1.100315809249878,1.2782002687454224,0.6106571555137634
2023-08-09,0.6531601548194885,143.2779998779297,93.59100341796875,1.0958904027938843,1.2741613388061523,0.6056678295135498
2023-08-10,0.6536802053451538,143.7270050048828,93.93000030517578,1.0977671146392822,1.2720056772232056,0.606207549571991
2023-08-11,0.6512498259544373,144.85400390625,94.33200073242188,1.0981649160385132,1.2670094966888428,0.6013337969779968
2023-08-14,0.6495404839515686,144.81700134277344,94.05699920654297,1.094439148902893,1.2695027589797974,0.5984584093093872
2023-08-15,0.6488400101661682,145.43699645996094,94.3499984741211,1.0909883975982666,1.2685203552246094,0.5974786281585693
2023-08-16,0.6457903981208801,145.60800170898438,94.0250015258789,1.0904173851013184,1.2701315879821777,0.5957380533218384
2023-08-17,0.6414697170257568,146.33299255371094,93.85099792480469,1.0874884128570557,1.2728151082992554,0.5931304097175598
2023-08-18,0.6406888961791992,145.71400451660156,93.34700012207031,1.0874648094177246,1.275022268295288,0.5925890803337097
2023-08-21,0.6414697170257568,145.30499267578125,93.19999694824219,1.087559461593628,1.2741937637329102,0.5926803946495056
2023-08-22,0.6414080262184143,146.23800659179688,93.79100036621094,1.0898351669311523,1.2760798931121826,0.5929685831069946
2023-08-23,0.6427999138832092,145.76300048828125,93.64099884033203,1.0846692323684692,1.2731555700302124,0.5940676331520081
2023-08-24,0.6480587720870972,144.67300415039062,93.73999786376953,1.086578607559204,1.2720541954040527,0.5974286794662476
2023-08-25,0.6413956880569458,146.06700134277344,93.66000366210938,1.07991361618042,1.2592872381210327,0.591957688331604
2023-08-28,0.6416714191436768,146.531005859375,94.01699829101562,1.0797386169433594,1.2589701414108276,0.5910863876342773
2023-08-29,0.6428180932998657,146.46400451660156,94.14099884033203,1.0825556516647339,1.2611136436462402,0.5907477140426636
2023-08-30,0.647659957408905,145.98800659179688,94.54399871826172,1.0869210958480835,1.2636793851852417,0.5967476963996887
2023-08-31,0.6478782296180725,146.0989990234375,94.64600372314453,1.0932546854019165,1.271179437637329,0.5952983498573303
2023-09-01,0.6488408446311951,145.47300720214844,94.37999725341797,1.0844104290008545,1.2672826051712036,0.5976964831352234
2023-09-04,0.6452862024307251,146.0570068359375,94.22899627685547,1.07758629322052,1.2591445446014404,0.5942582488059998
2023-09-05,0.6458100080490112,146.54299926757812,94.63600158691406,1.0794472694396973,1.2623074054718018,0.5937396287918091
2023-09-06,0.6375396251678467,147.4709930419922,94.00900268554688,1.0726161003112793,1.2570552825927734,0.58841872215271
2023-09-07,0.6383001804351807,147.70899963378906,94.25299835205078,1.0724204778671265,1.2498750686645508,0.5870990753173828
2023-09-08,0.6377400159835815,147.33099365234375,93.96099853515625,1.0697818994522095,1.2475050687789917,0.588200032711029
2023-09-11,0.6397993564605713,147.11300659179688,94.0999984741211,1.071811318397522,1.2489992380142212,0.5901411175727844
2023-09-12,0.643200159072876,146.67799377441406,94.322998046875,1.0750375986099243,1.2508755922317505,0.5916810035705566
2023-09-13,0.6428180932998657,147.1580047607422,94.58699798583984,1.075326681137085,1.2491724491119385,0.5909885764122009
2023-09-14,0.6421617865562439,147.3459930419922,94.61000061035156,1.0734220743179321,1.248953938484192,0.5920312404632568
2023-09-15,0.6432398557662964,147.48199462890625,94.86100006103516,1.0637166500091553,1.2401869297027588,0.5906001329421997
2023-09-18,0.6440501809120178,147.8679962158203,95.22699737548828,1.0668259859085083,1.2397565841674805,0.5905383825302124
2023-09-19,0.643960177898407,147.60499572753906,95.04900360107422,1.0692671537399292,1.2383747100830078,0.5921399593353271
2023-09-20,0.646600067615509,147.74200439453125,95.5,1.0682048797607422,1.2393569946289062,0.5951495170593262
2023-09-21,0.6436100006103516,148.3209991455078,95.45500183105469,1.065303087234497,1.2328935861587524,0.5925294160842896
2023-09-22,0.6409598588943481,147.6439971923828,94.62699890136719,1.0661548376083374,1.2294225692749023,0.5931796431541443
2023-09-25,0.6440999507904053,148.4340057373047,95.58999633789062,1.0648492574691772,1.2241849899291992,0.595710039138794
2023-09-26,0.6422001123428345,148.81100463867188,95.55799865722656,1.0591648817062378,1.2213143110275269,0.5967299342155457
2023-09-27,0.6393861770629883,149.0449981689453,95.2770004272461,1.0569483041763306,1.2146830558776855,0.5947707891464233
2023-09-28,0.634759783744812,149.4980010986328,94.87899780273438,1.0505305528640747,1.2135332822799683,0.591621458530426
2023-09-29,0.6427974700927734,149.33700561523438,95.93000030517578,1.0562450885772705,1.2204796075820923,0.5964398384094238
2023-10-02,0.6437202095985413,149.5399932861328,96.25199890136719,1.0565240383148193,1.2193039655685425,0.5995886921882629
2023-10-03,0.6362699270248413,149.8509979248047,95.34300231933594,1.0480751991271973,1.209116816520691,0.5941911935806274
2023-10-04,0.6308901309967041,149.19200134277344,94.11900329589844,1.0472300052642822,1.2078461647033691,0.5913485288619995
2023-10-05,0.6329101920127869,148.96600341796875,94.2750015258789,1.0507071018218994,1.2137395143508911,0.5918700695037842
2023-10-06,0.6371049880981445,148.46299743652344,94.54299926757812,1.0546631813049316,1.2187690734863281,0.596640944480896
2023-10-09,0.6371999979019165,149.16000366210938,94.9990005493164,1.056747317314148,1.222090482711792,0.5972787737846375
2023-10-10,0.6420900225639343,148.32699584960938,95.2300033569336,1.0578875541687012,1.2250398397445679,0.6031108498573303
2023-10-11,0.643347442150116,148.6280059814453,95.59500122070312,1.0604791641235352,1.229135513305664,0.6041894555091858
2023-10-12,0.6418097615242004,149.03599548339844,95.6500015258789,1.0624282360076904,1.2316333055496216,0.6019490957260132
2023-10-13,0.6316800117492676,149.7899932861328,94.61599731445312,1.0536741018295288,1.2183235883712769,0.5921609997749329
2023-10-16,0.6312999725341797,149.5659942626953,94.37300109863281,1.0521553754806519,1.215376853942871,0.5906604528427124
2023-10-17,0.6337798237800598,149.5780029296875,94.7979965209961,1.0554312467575073,1.2211503982543945,0.5901515483856201
2023-10-18,0.6362699270248413,149.75900268554688,95.27999877929688,1.057305932044983,1.2178784608840942,0.5894801616668701
2023-10-19,0.6332400441169739,149.74200439453125,94.81999969482422,1.053851842880249,1.214343786239624,0.5853909850120544
2023-10-20,0.6326999664306641,149.802001953125,94.73200225830078,1.0586491823196411,1.2137248516082764,0.5842998623847961
2023-10-23,0.6320393085479736,149.8800048828125,94.69999694824219,1.0589966773986816,1.2163970470428467,0.5829306244850159
2023-10-24,0.6336702108383179,149.7689971923828,94.90399932861328,1.0669853687286377,1.2250248193740845,0.5851101279258728
2023-10-25,0.6360999345779419,149.85400390625,95.30899810791016,1.059535264968872,1.216189980506897,0.5846996307373047
2023-10-26,0.6296999454498291,150.09800720214844,94.47599792480469,1.056725025177002,1.210345983505249,0.5792199373245239
2023-10-27,0.6335999369621277,150.36599731445312,95.23400115966797,1.0564459562301636,1.213710069656372,0.5828898549079895
2023-10-30,0.6338903307914734,149.73300170898438,94.90699768066406,1.0562450885772705,1.2113723754882812,0.5808415412902832
2023-10-31,0.637100100517273,149.11099243164062,94.94599914550781,1.061503529548645,1.2165746688842773,0.584030270576477
2023-11-01,0.6339948177337646,151.29400634765625,95.89099884033203,1.0579099655151367,1.215214490890503,0.5807403326034546
2023-11-02,0.642259955406189,150.5749969482422,96.70899963378906,1.05870521068573,1.2182197570800781,0.5879793763160706
2023-11-03,0.6427900195121765,150.4969940185547,96.7300033569336,1.0619093179702759,1.2191851139068604,0.5895808935165405
2023-11-06,0.6516865491867065,149.44900512695312,97.37200164794922,1.0732147693634033,1.237378716468811,0.5996102690696716
2023-11-07,0.6489419341087341,149.98899841308594,97.33000183105469,1.0721560716629028,1.2345526218414307,0.5963000655174255
2023-11-08,0.6430099010467529,150.39599609375,96.7040023803711,1.0696102380752563,1.2291808128356934,0.5936000347137451
2023-11-09,0.6405698657035828,150.86399841308594,96.63600158691406,1.0710422992706299,1.2285012006759644,0.5912017226219177
2023-11-10,0.6361699104309082,151.3489990234375,96.27999877929688,1.0667576789855957,1.2217023372650146,0.5889298915863037
2023-11-13,0.6364598870277405,151.468994140625,96.39600372314453,1.069015622138977,1.2228227853775024,0.5894210338592529
2023-11-14,0.6381002068519592,151.64599609375,96.73799896240234,1.0701825618743896,1.228063702583313,0.5882906913757324
2023-11-15,0.6499837636947632,150.48500061035156,97.79000091552734,1.0878314971923828,1.2494533061981201,0.6004491448402405
2023-11-16,0.6511502265930176,151.21499633789062,98.46199798583984,1.0854581594467163,1.2422360181808472,0.6028890609741211
2023-11-17,0.6470816731452942,150.7050018310547,97.49199676513672,1.0853756666183472,1.2414957284927368,0.596530556678772
2023-11-20,0.6513597369194031,149.94200134277344,97.65399932861328,1.090702772140503,1.2454540729522705,0.599621057510376
2023-11-21,0.6564001441001892,148.36199951171875,97.33399963378906,1.0945948362350464,1.2509069442749023,0.6039800047874451
2023-11-22,0.6559097170829773,148.15199279785156,97.13999938964844,1.0918222665786743,1.2544218301773071,0.6054185032844543
2023-11-23,0.6542789936065674,149.4600067138672,97.77999877929688,1.0890873670578003,1.2490007877349854,0.6021299958229065
2023-11-24,0.6560100317001343,149.63499450683594,98.16400146484375,1.0906314849853516,1.2533526420593262,0.604880154132843
2023-11-27,0.658129870891571,149.5709991455078,98.43199920654297,1.0940439701080322,1.2600330114364624,0.6077501177787781
2023-11-28,0.661250114440918,148.45199584960938,98.13999938964844,1.0958423614501953,1.2634397745132446,0.6103999614715576
2023-11-29,0.6658999919891357,147.06300354003906,97.88600158691406,1.100594401359558,1.2712295055389404,0.614601731300354
2023-11-30,0.6619009971618652,147.03900146484375,97.3010025024414,1.0973695516586304,1.2696397304534912,0.6155892014503479
2023-12-01,0.6606799960136414,147.99899291992188,97.77799987792969,1.0892059803009033,1.2631685733795166,0.6157673001289368
2023-12-04,0.6682884097099304,146.39300537109375,97.82099914550781,1.088814616203308,1.2713103294372559,0.6215388178825378
2023-12-05,0.6617100238800049,147.32699584960938,97.48200225830078,1.0837758779525757,1.2634079456329346,0.6165000200271606
2023-12-06,0.6554699540138245,147.18499755859375,96.44000244140625,1.0793657302856445,1.2594457864761353,0.613399088382721
2023-12-07,0.6551401019096375,147.1840057373047,96.42400360107422,1.076669692993164,1.2558711767196655,0.6140506863594055
2023-12-08,0.6594479084014893,144.2779998779297,95.13099670410156,1.079214334487915,1.258954405784607,0.616158127784729
2023-12-11,0.6579799652099609,144.98300170898438,95.38700103759766,1.0765769481658936,1.2554770708084106,0.6124711632728577
2023-12-12,0.6565001010894775,146.0850067138672,95.9000015258789,1.076658010482788,1.2554612159729004,0.612291157245636
2023-12-13,0.6564600467681885,145.27999877929688,95.36900329589844,1.0798670053482056,1.2570710182189941,0.6137492060661316
2023-12-14,0.6665000319480896,142.7729949951172,95.14800262451172,1.0886130332946777,1.2622915506362915,0.6190800070762634
2023-12-15,0.6702682375907898,142.2790069580078,95.35900115966797,1.0993602275848389,1.2771391868591309,0.6213298439979553
2023-12-18,0.6698910593986511,142.31300354003906,95.32499694824219,1.0895264148712158,1.2672343254089355,0.6209907531738281
2023-12-19,0.6703715920448303,142.7220001220703,95.66899871826172,1.092382788658142,1.2651821374893188,0.6213804483413696
2023-12-20,0.6762998700141907,143.88900756835938,97.27999877929688,1.0981045961380005,1.2732689380645752,0.6270418167114258
2023-12-21,0.6739816665649414,143.5229949951172,96.70999908447266,1.0945708751678467,1.2641266584396362,0.6253986954689026
2023-12-22,0.6796802878379822,142.07000732421875,96.52100372314453,1.100618600845337,1.268499493598938,0.6294692158699036
2023-12-25,0.6808788776397705,142.3419952392578,96.83375549316406,1.102657437324524,1.2677003145217896,0.6319299340248108
2023-12-26,0.6806008219718933,142.22999572753906,96.77899932861328,1.1020255088806152,1.27048659324646,0.6306001543998718
2023-12-27,0.6823800802230835,142.46099853515625,97.20500183105469,1.1043012142181396,1.272718071937561,0.6328513026237488
2023-12-28,0.6854700446128845,141.3990020751953,96.9209976196289,1.110864281654358,1.2800819873809814,0.6349488496780396
2023-12-29,0.6826302409172058,141.42999267578125,96.54000091552734,1.1068191528320312,1.2733986377716064,0.6334887742996216
2024-01-01,0.6820491552352905,140.95199584960938,96.21942138671875,1.1055831909179688,1.272999882698059,0.6319698691368103
2024-01-02,0.6810504198074341,141.12600708007812,96.10199737548828,1.1038745641708374,1.2728800773620605,0.6315284371376038
2024-01-03,0.6765698194503784,142.15499877929688,96.177001953125,1.0941756963729858,1.2623074054718018,0.625
2024-01-04,0.6736002564430237,142.99899291992188,96.30400085449219,1.0927767753601074,1.2674272060394287,0.6251289248466492
2024-01-05,0.6706593036651611,144.76499938964844,97.072998046875,1.0947387218475342,1.2684078216552734,0.6231298446655273
2024-01-08,0.6716412901878357,144.71600341796875,97.20099639892578,1.0942236185073853,1.271779179573059,0.6248789429664612
2024-01-09,0.6720001101493835,144.22999572753906,96.8740005493164,1.095170259475708,1.274518609046936,0.6251797676086426
2024-01-10,0.6684702038764954,144.42799377441406,96.5469970703125,1.0932426452636719,1.2712942361831665,0.6238303184509277
2024-01-11,0.6703999042510986,145.73399353027344,97.6729965209961,1.0975141525268555,1.274518609046936,0.6229597926139832
2024-01-12,0.6698498129844666,145.04600524902344,97.15699768066406,1.0981649160385132,1.2777756452560425,0.6242314577102661
2024-01-15,0.6689097881317139,145.1490020751953,97.08100128173828,1.0945708751678467,1.273658275604248,0.6232999563217163
2024-01-16,0.6650399565696716,145.79400634765625,96.95800018310547,1.0945708751678467,1.2716174125671387,0.6190685629844666
2024-01-17,0.6588900089263916,147.24600219726562,97.01200103759766,1.087878942489624,1.26385498046875,0.6140884160995483
2024-01-18,0.6551997661590576,148.1179962158203,97.01000213623047,1.0885775089263916,1.2676842212677002,0.611340343952179
2024-01-19,0.6582845449447632,148.1280059814453,97.46499633789062,1.0879143476486206,1.2709871530532837,0.6120250821113586
2024-01-22,0.6595479249954224,148.12100219726562,97.69200134277344,1.089229702949524,1.2699863910675049,0.6118303537368774
2024-01-23,0.6570599675178528,148.14199829101562,97.33499908447266,1.088020920753479,1.2706964015960693,0.607389509677887
2024-01-24,0.6586300730705261,148.25100708007812,97.59400177001953,1.0857881307601929,1.269196629524231,0.610340416431427
2024-01-25,0.6576697826385498,147.59100341796875,97.03299713134766,1.088174819946289,1.271876335144043,0.6108586192131042
2024-01-26,0.6585879921913147,147.72300720214844,97.23699951171875,1.0847046375274658,1.270825743675232,0.6108884811401367
2024-01-29,0.6578601002693176,148.13999938964844,97.44100189208984,1.0843517780303955,1.2697607278823853,0.609289824962616
2024-01-30,0.6614194512367249,147.46800231933594,97.52999877929688,1.0834470987319946,1.2713264226913452,0.613481879234314
2024-01-31,0.659480094909668,147.36900329589844,97.18000030517578,1.08433997631073,1.269551157951355,0.613180935382843
2024-02-01,0.656150758266449,146.99600219726562,96.44499969482422,1.0803920030593872,1.2678449153900146,0.611190915107727
2024-02-02,0.6574898362159729,146.4510040283203,96.28600311279297,1.0874648094177246,1.27472984790802,0.6145714521408081
2024-02-05,0.6505080461502075,148.50100708007812,96.59600067138672,1.0780043601989746,1.2621959447860718,0.6064502000808716
2024-02-06,0.6480293273925781,148.63999938964844,96.31800079345703,1.0741831064224243,1.2534469366073608,0.6053085327148438
2024-02-07,0.6529674530029297,147.8179931640625,96.47000122070312,1.075719952583313,1.2606525421142578,0.6099792718887329
2024-02-08,0.6521880626678467,148.08599853515625,96.56500244140625,1.077574610710144,1.2627378702163696,0.6109594106674194
2024-02-09,0.6497599482536316,149.25900268554688,96.98400115966797,1.0777255296707153,1.2620525360107422,0.6107914447784424
2024-02-12,0.6525583267211914,149.16700744628906,97.3239974975586,1.0798202753067017,1.2637271881103516,0.6147717237472534
2024-02-13,0.6528898477554321,149.40499877929688,97.54299926757812,1.0772264003753662,1.2627538442611694,0.6127901673316956
2024-02-14,0.6453399062156677,150.7239990234375,97.26399993896484,1.0708931684494019,1.2590652704238892,0.6057815551757812
2024-02-15,0.6498798131942749,150.54400634765625,97.82599639892578,1.0732147693634033,1.2568340301513672,0.609061598777771
2024-02-16,0.6525498628616333,149.9459991455078,97.84300231933594,1.0773887634277344,1.259921908378601,0.6111199259757996
2024-02-19,0.6537913680076599,150.09100341796875,98.12100219726562,1.0784927606582642,1.2611136436462402,0.6136400103569031
2024-02-20,0.6530783176422119,150.27000427246094,98.13099670410156,1.0775396823883057,1.2587641477584839,0.6142581701278687
2024-02-21,0.6553500890731812,149.93899536132812,98.26599884033203,1.0813149213790894,1.2627378702163696,0.616819441318512
2024-02-22,0.6553199887275696,150.35499572753906,98.52999877929688,1.0820403099060059,1.2638070583343506,0.6180316805839539
2024-02-23,0.6559101939201355,150.48300170898438,98.69999694824219,1.0825674533843994,1.266367793083191,0.6195287704467773
2024-02-26,0.6565384864807129,150.4980010986328,98.79900360107422,1.0820051431655884,1.2672665119171143,0.6186893582344055
2024-02-27,0.6539598107337952,150.5659942626953,98.44300079345703,1.0850930213928223,1.268455982208252,0.6167091131210327
2024-02-28,0.6543898582458496,150.4949951171875,98.4739990234375,1.084481120109558,1.268166422843933,0.6170287728309631
2024-02-29,0.6494700312614441,150.656005859375,97.82099914550781,1.0838816165924072,1.2663036584854126,0.6097100377082825
2024-03-01,0.6498401165008545,150.09500122070312,97.53199768066406,1.0804970264434814,1.2625465393066406,0.6085797548294067
2024-03-04,0.6527883410453796,150.10499572753906,97.9800033569336,1.084269404411316,1.26603102684021,0.6103813648223877
2024-03-05,0.6507620811462402,150.46600341796875,97.90599822998047,1.0855170488357544,1.269196629524231,0.6096594333648682
2024-03-06,0.6503900289535522,150.0489959716797,97.57599639892578,1.0855995416641235,1.27048659324646,0.6087798476219177
2024-03-07,0.6566298604011536,149.2689971923828,98.00700378417969,1.089953899383545,1.2735446691513062,0.6127901673316956
2024-03-08,0.6621301770210266,147.8679962158203,97.9000015258789,1.0950144529342651,1.2815583944320679,0.6178789138793945
2024-03-11,0.6624314785003662,146.7740020751953,97.22212219238281,1.0942955017089844,1.2855123281478882,0.6179400086402893
2024-03-12,0.6615506410598755,146.73199462890625,97.06500244140625,1.093135118484497,1.2819806337356567,0.6170782446861267
2024-03-13,0.6607297658920288,147.61900329589844,97.5260009765625,1.0927767753601074,1.2795906066894531,0.614960789680481
2024-03-14,0.6627599000930786,147.62100219726562,97.83000183105469,1.0955302715301514,1.2802129983901978,0.6165000200271606
2024-03-15,0.6579297780990601,148.29600524902344,97.56300354003906,1.0883406400680542,1.2745835781097412,0.6124786734580994
2024-03-18,0.6557978987693787,148.9550018310547,97.677001953125,1.0882576704025269,1.2731393575668335,0.608698308467865
2024-03-19,0.655750572681427,149.1439971923828,97.80400085449219,1.087393879890442,1.272718071937561,0.6082687973976135
2024-03-20,0.6526401042938232,151.03500366210938,98.56199645996094,1.0863306522369385,1.2719409465789795,0.6048984527587891
2024-03-21,0.6597799062728882,150.75999450683594,99.4540023803711,1.0937210321426392,1.2798361778259277,0.6089614629745483
2024-03-22,0.657418966293335,151.63299560546875,99.64099884033203,1.0862362384796143,1.2661913633346558,0.6046388149261475
2024-03-25,0.6515804529190063,151.30499267578125,98.58000183105469,1.0807539224624634,1.25979483127594,0.5990211963653564
2024-03-26,0.6538896560668945,151.3730010986328,98.96700286865234,1.0838228464126587,1.2637910842895508,0.6001608371734619
2024-03-27,0.6538982391357422,151.52999877929688,99.0780029296875,1.0832358598709106,1.2628495693206787,0.6007593870162964
2024-03-28,0.6521999835968018,151.28700256347656,98.63300323486328,1.0813382863998413,1.261670470237732,0.5992509126663208
2024-03-29,0.6516780853271484,151.44000244140625,98.62999725341797,1.0794472694396973,1.26262629032135,0.5974700450897217
2024-04-01,0.6533001661300659,151.3979949951172,98.88999938964844,1.0792726278305054,1.2637271881103516,0.5986589789390564
2024-04-02,0.6487903594970703,151.58099365234375,98.33599853515625,1.0737217664718628,1.2545477151870728,0.5952416062355042
2024-04-03,0.651439905166626,151.5399932861328,98.70999908447266,1.076855182647705,1.2576876878738403,0.5969401001930237
2024-04-04,0.6568998694419861,151.58099365234375,99.55599975585938,1.0838346481323242,1.2651821374893188,0.6014711856842041
2024-04-05,0.6587702035903931,151.29200744628906,99.66100311279297,1.0837054252624512,1.26401948928833,0.6027800440788269
2024-04-08,0.6570215821266174,151.69000244140625,99.65599822998047,1.0830481052398682,1.2625305652618408,0.6004491448402405
2024-04-09,0.6604998111724854,151.84300231933594,100.28600311279297,1.0863661766052246,1.2658709287643433,0.6034383773803711
2024-04-10,0.662850022315979,151.77699279785156,100.59600067138672,1.0859296321868896,1.2677645683288574,0.6067924499511719
2024-04-11,0.6507201194763184,152.96400451660156,99.52899932861328,1.074171543121338,1.2537612915039062,0.5974607467651367
2024-04-12,0.6540607213973999,153.19200134277344,100.18800354003906,1.0726851224899292,1.2554770708084106,0.600121259689331
2024-04-15,0.6475803256034851,153.2830047607422,99.25599670410156,1.0649627447128296,1.2461835145950317,0.594558596611023
2024-04-16,0.644250214099884,154.20599365234375,99.33799743652344,1.0625749826431274,1.2447409629821777,0.5902804136276245
2024-04-17,0.6412801146507263,154.697998046875,99.19400024414062,1.0621461868286133,1.2431007623672485,0.5892091989517212
2024-04-18,0.6439813375473022,154.3419952392578,99.38400268554688,1.0669398307800293,1.2453765869140625,0.5912995934486389
2024-04-19,0.6424699425697327,154.61000061035156,99.3239974975586,1.0644185543060303,1.2437657117843628,0.5903501510620117
2024-04-22,0.6425991654396057,154.63999938964844,99.36399841308594,1.065825343132019,1.2375777959823608,0.5900297164916992
2024-04-23,0.6452862024307251,154.81300354003906,99.84600067138672,1.065405249595642,1.2350252866744995,0.5921199917793274
2024-04-24,0.6488901376724243,154.74400329589844,100.40399932861328,1.0704345703125,1.2453300952911377,0.5936902165412903
2024-04-25,0.6496999263763428,155.25900268554688,100.86900329589844,1.0699878931045532,1.2459505796432495,0.593591570854187
2024-04-26,0.6523199677467346,155.5970001220703,101.49500274658203,1.072961449623108,1.2509069442749023,0.5958410501480103
2024-04-29,0.6541398763656616,158.2239990234375,103.48999786376953,1.0706866979599,1.2510477304458618,0.5947707891464233
2024-04-30,0.6561899185180664,156.31399536132812,102.55000305175781,1.0715701580047607,1.2559815645217896,0.5971611142158508
2024-05-01,0.6478001475334167,157.7220001220703,102.13700103759766,1.0666552782058716,1.2490164041519165,0.5879517197608948
2024-05-02,0.653190016746521,155.70399475097656,101.69999694824219,1.0721560716629028,1.2539342641830444,0.5930107831954956
2024-05-03,0.6571398973464966,153.0449981689453,100.56800079345703,1.073306918144226,1.2540600299835205,0.5963882803916931
2024-05-06,0.6609079837799072,153.5659942626953,101.48600006103516,1.0758124589920044,1.2541072368621826,0.6007593870162964
2024-05-07,0.6623920202255249,154.23699951171875,102.15799713134766,1.0767507553100586,1.2559815645217896,0.6009507179260254
2024-05-08,0.6589199900627136,154.7480010986328,101.96299743652344,1.0750491619110107,1.25014066696167,0.5997199416160583
2024-05-09,0.657680094242096,155.41900634765625,102.21199798583984,1.0746910572052002,1.2493284940719604,0.6004202961921692
2024-05-10,0.6620998978614807,155.38900756835938,102.83300018310547,1.078515887260437,1.2525677680969238,0.6036205291748047
2024-05-13,0.6601008772850037,155.8179931640625,102.84400177001953,1.077040672302246,1.2522854804992676,0.6018512845039368
2024-05-14,0.6612882018089294,156.23300170898438,103.2750015258789,1.079354166984558,1.2561867237091064,0.6023406982421875
2024-05-15,0.6626027226448059,156.4980010986328,103.66300201416016,1.0814552307128906,1.2585265636444092,0.6043282151222229
2024-05-16,0.6701065301895142,154.28199768066406,103.37100219726562,1.0889805555343628,1.2690032720565796,0.6130606532096863
2024-05-17,0.6683151721954346,155.37899780273438,103.80999755859375,1.0867793560028076,1.2672007083892822,0.6124201416969299
2024-05-20,0.6700705885887146,155.75399780273438,104.35900115966797,1.0875475406646729,1.2706480026245117,0.6136701107025146
2024-05-21,0.6672093272209167,156.3699951171875,104.3239974975586,1.086082935333252,1.2710840702056885,0.6108101606369019
2024-05-22,0.6667097806930542,156.25100708007812,104.16600036621094,1.0855170488357544,1.2711325883865356,0.6093807816505432
2024-05-23,0.6619185209274292,156.70399475097656,103.72200012207031,1.0825204849243164,1.2721028327941895,0.6100090146064758
2024-05-24,0.6601487994194031,156.97300720214844,103.61699676513672,1.0812681913375854,1.2694060802459717,0.609730064868927
2024-05-27,0.6624007821083069,156.8699951171875,103.90299987792969,1.0847634077072144,1.2736095190048218,0.6121711730957031
2024-05-28,0.6655617952346802,156.84500122070312,104.38099670410156,1.0861891508102417,1.2772371768951416,0.6152294278144836
2024-05-29,0.6647999286651611,157.26199340820312,104.53900146484375,1.0851871967315674,1.275835633277893,0.6140695810317993
2024-05-30,0.6613699793815613,157.60800170898438,104.2249984741211,1.0801819562911987,1.2697993516921997,0.6113590598106384
2024-05-31,0.6630301475524902,156.9530029296875,104.05699920654297,1.0835410356521606,1.27304208278656,0.6116507053375244
2024-06-03,0.6656903028488159,157.17999267578125,104.60900115966797,1.0853049755096436,1.2743724584579468,0.6148586869239807
2024-06-04,0.669008195400238,156.0760040283203,104.40899658203125,1.0907385349273682,1.2810165882110596,0.6193599700927734
2024-06-05,0.6646201014518738,155.12399291992188,103.08999633789062,1.0881866216659546,1.2773023843765259,0.6174706816673279
2024-06-06,0.6657789945602417,155.9290008544922,103.73999786376953,1.087453007698059,1.2794759273529053,0.6196286082267761
2024-06-07,0.6669601202011108,155.69700622558594,103.83599853515625,1.0894432067871094,1.2793285846710205,0.6197015643119812
2024-06-10,0.6582714915275574,156.83299255371094,103.22899627685547,1.0778882503509521,1.2729448080062866,0.6106199026107788
2024-06-11,0.6608948111534119,157.0399932861328,103.75106048583984,1.0764262676239014,1.2726370096206665,0.6128314733505249
2024-06-12,0.6607699394226074,157.10499572753906,103.80500030517578,1.0740330219268799,1.274047613143921,0.614601731300354
2024-06-13,0.6662899851799011,156.8000030517578,104.46800231933594,1.0813149213790894,1.27962327003479,0.6186816692352295
2024-06-14,0.6633102893829346,157.1280059814453,104.21499633789062,1.0738831758499146,1.2755101919174194,0.6161011457443237
2024-06-17,0.6612882018089294,157.54600524902344,104.12999725341797,1.0702168941497803,1.2683112621307373,0.6137416958808899
2024-06-18,0.6622077822685242,157.6999969482422,104.3740005493164,1.0740677118301392,1.2715997695922852,0.613800048828125
2024-06-19,0.6661200523376465,157.87100219726562,105.12699890136719,1.0742292404174805,1.2707449197769165,0.614058256149292
2024-06-20,0.6675300002098083,157.95799255371094,105.43299865722656,1.0751532316207886,1.2721998691558838,0.6139414310455322
2024-06-21,0.6660698652267456,158.93099975585938,105.85700225830078,1.0706409215927124,1.2660471200942993,0.6122798919677734
2024-06-24,0.6635000109672546,159.86099243164062,106.05000305175781,1.0687757730484009,1.2639029026031494,0.6111199259757996
2024-06-25,0.6654599905014038,159.68600463867188,106.25700378417969,1.0732723474502563,1.268343448638916,0.6120513081550598
2024-06-26,0.6644800901412964,159.68600463867188,106.10399627685547,1.0709619522094727,1.268399715423584,0.6119089722633362
2024-06-27,0.6644783020019531,160.62100219726562,106.71900177001953,1.068010926246643,1.262179970741272,0.6080284118652344
2024-06-28,0.6650599241256714,160.68699645996094,106.86299896240234,1.0708472728729248,1.2645741701126099,0.6084686517715454
2024-07-01,0.6674007773399353,160.90699768066406,107.37000274658203,1.0735257863998413,1.2648621797561646,0.6099197268486023
2024-07-02,0.6654599905014038,161.51199340820312,107.47100067138672,1.0737102031707764,1.2645741701126099,0.6064796447753906
2024-07-03,0.6668298244476318,161.50399780273438,107.69499969482422,1.0748412609100342,1.2690355777740479,0.6082206964492798
2024-07-04,0.6710900068283081,161.62100219726562,108.44999694824219,1.0793308019638062,1.2747784852981567,0.6107205748558044
2024-07-05,0.6725085377693176,161.35800170898438,108.50800323486328,1.0810693502426147,1.2755752801895142,0.611340343952179
2024-07-08,0.6746591329574585,160.63800048828125,108.36599731445312,1.082602620124817,1.2806508541107178,0.6141110062599182
2024-07-09,0.6743202209472656,160.85699462890625,108.46099853515625,1.0830950736999512,1.2815583944320679,0.6131207942962646
2024-07-10,0.6741496920585632,161.33099365234375,108.75299835205078,1.0814785957336426,1.2787723541259766,0.6127113103866577
2024-07-11,0.6751797795295715,161.60699462890625,109.1050033569336,1.083329677581787,1.285264492034912,0.6087983250617981
2024-07-12,0.6768500804901123,158.2010040283203,107.03900146484375,1.0872756242752075,1.292373776435852,0.6094588041305542
2024-07-15,0.6771998405456543,158.31300354003906,107.1780014038086,1.0885539054870605,1.2966804504394531,0.6095516681671143
2024-07-16,0.6763300895690918,158.14100646972656,106.95099639892578,1.0901559591293335,1.2970000505447388,0.6076810956001282
2024-07-17,0.6731998324394226,158.35000610351562,106.59200286865234,1.0902509689331055,1.29776930809021,0.6069099307060242
2024-07-18,0.6730697751045227,155.68600463867188,104.77400207519531,1.094020128250122,1.3007453680038452,0.608061671257019
2024-07-19,0.6705500483512878,157.14999389648438,105.37100219726562,1.0901559591293335,1.2951691150665283,0.6043793559074402
2024-07-22,0.6696308851242065,157.4219970703125,105.40599822998047,1.0899182558059692,1.2933096885681152,0.6024205088615417
2024-07-23,0.6640105843544006,156.89100646972656,104.16899871826172,1.0889805555343628,1.2932428121566772,0.5978501439094543
2024-07-24,0.6612094640731812,155.76800537109375,102.98799896240234,1.0850694179534912,1.2901561260223389,0.595291256904602
2024-07-25,0.6574798822402954,153.89100646972656,101.1719970703125,1.0839520692825317,1.289989709854126,0.5927295684814453
2024-07-26,0.6542999744415283,153.69700622558594,100.51899719238281,1.0851283073425293,1.2856775522232056,0.5889801979064941
2024-07-29,0.6554999947547913,154.13900756835938,101.00900268554688,1.0853756666183472,1.2868356704711914,0.5889000296592712
2024-07-30,0.6551405787467957,153.83299255371094,100.7699966430664,1.081946611404419,1.286041259765625,0.5877305269241333
2024-07-31,0.6541501879692078,152.6699981689453,99.85700225830078,1.0816072225570679,1.2836971282958984,0.5902003049850464
2024-08-01,0.6547001004219055,149.74400329589844,98.02799987792969,1.082391619682312,1.2853139638900757,0.595181405544281
2024-08-02,0.6494898200035095,149.2010040283203,96.9010009765625,1.0787602663040161,1.27289617061615,0.5936197638511658
2024-08-05,0.6497219204902649,145.58399963378906,94.58200073242188,1.0910836458206177,1.278788685798645,0.594700038433075
2024-08-06,0.6515498757362366,145.7899932861328,94.98500061035156,1.0950982570648193,1.2788705825805664,0.5950503945350647
2024-08-07,0.6515001654624939,144.73199462890625,94.26499938964844,1.0926215648651123,1.2684721946716309,0.5974107980728149
2024-08-08,0.6515973806381226,146.12399291992188,95.20099639892578,1.0928125381469727,1.2680377960205078,0.5986088514328003
2024-08-09,0.659200131893158,147.66900634765625,97.3219985961914,1.0915720462799072,1.2747459411621094,0.6007015705108643
2024-08-12,0.6569784283638,147.04200744628906,96.59300231933594,1.091381311416626,1.2750385999679565,0.5994916558265686
2024-08-13,0.6585316061973572,146.98199462890625,96.77799987792969,1.0936251878738403,1.2771228551864624,0.6023406982421875
2024-08-14,0.6638598442077637,146.9709930419922,97.5469970703125,1.0996986627578735,1.2866700887680054,0.6079211831092834
2024-08-15,0.6600006818771362,147.2530059814453,97.18000030517578,1.1013215780258179,1.2828736305236816,0.6000707745552063
2024-08-16,0.6612488627433777,149.2220001220703,98.66100311279297,1.0972732305526733,1.2859420776367188,0.5980896949768066
2024-08-19,0.6672983765602112,147.95599365234375,98.7239990234375,1.1024993658065796,1.294716238975525,0.6057485342025757
2024-08-20,0.6735321879386902,146.69900512695312,98.79499816894531,1.1086474657058716,1.2990386486053467,0.6117704510688782
2024-08-21,0.6747274398803711,145.3470001220703,98.05699920654297,1.112792730331421,1.3035430908203125,0.6157407760620117
2024-08-22,0.6749701499938965,145.1179962158203,97.94599914550781,1.115536093711853,1.309346079826355,0.6162492632865906
2024-08-23,0.6708199381828308,146.20199584960938,98.06600189208984,1.111716389656067,1.3097747564315796,0.6143600344657898
2024-08-26,0.6787806153297424,144.0,97.73400115966797,1.1187934875488281,1.3212658166885376,0.6224092245101929
2024-08-27,0.6772910952568054,144.51600646972656,97.86799621582031,1.1164700984954834,1.3191741704940796,0.6205514073371887
2024-08-28,0.6787898540496826,143.97500610351562,97.7229995727539,1.117793083190918,1.3257501125335693,0.6244106888771057
2024-08-29,0.6783100962638855,144.43299865722656,97.96299743652344,1.1124955415725708,1.3193656206130981,0.6247500777244568
2024-08-30,0.67958003282547,144.88999938964844,98.45500183105469,1.1080454587936401,1.3166210651397705,0.6263309121131897
2024-09-02,0.6768001914024353,146.38099670410156,99.05999755859375,1.1044842004776,1.3128528594970703,0.625
2024-09-03,0.6787299513816833,146.7220001220703,99.57599639892578,1.1067456007003784,1.314198613166809,0.6230490803718567
2024-09-04,0.6714000701904297,145.35299682617188,97.5770034790039,1.1048868894577026,1.3114066123962402,0.618739128112793
2024-09-05,0.6716187596321106,143.32400512695312,96.24199676513672,1.1080454587936401,1.3144749402999878,0.6186702251434326
2024-09-06,0.6740502119064331,143.39300537109375,96.6449966430664,1.1111111640930176,1.317748785018921,0.6224402189254761
2024-09-09,0.6670802235603333,142.48599243164062,95.03900146484375,1.1087212562561035,1.3133355379104614,0.6171315908432007
2024-09-10,0.6657878756523132,143.177001953125,95.302001953125,1.1037527322769165,1.307138204574585,0.6142317652702332
2024-09-11,0.6653298139572144,142.23399353027344,94.62100219726562,1.1020983457565308,1.3080273866653442,0.6150099039077759
2024-09-12,0.6676998138427734,142.58999633789062,95.1719970703125,1.1010911464691162,1.3039510250091553,0.6132185459136963
2024-09-13,0.6726899147033691,141.49899291992188,95.18000030517578,1.1077877283096313,1.313232183456421,0.6187008619308472
2024-09-16,0.6713797450065613,140.7899932861328,94.51899719238281,1.1088441610336304,1.3137997388839722,0.6164087653160095
2024-09-17,0.6751897931098938,140.7899932861328,95.05000305175781,1.1129536628723145,1.3210737705230713,0.6196094155311584
2024-09-18,0.6762696504592896,142.01499938964844,96.03099822998047,1.1123099327087402,1.3167423009872437,0.619398295879364
2024-09-19,0.676369845867157,142.7100067138672,96.52300262451172,1.1114816665649414,1.3201146125793457,0.6208904981613159
2024-09-20,0.6809576749801636,142.85800170898438,97.27100372314453,1.1161960363388062,1.328179955482483,0.6237019300460815
2024-09-23,0.6809993982315063,144.00399780273438,98.06029510498047,1.1160838603973389,1.331398367881775,0.6236202716827393
2024-09-24,0.6834102272987366,143.63800048828125,98.15799713134766,1.1111727952957153,1.3349887132644653,0.6267195343971252
2024-09-25,0.6905400156974792,142.96299743652344,98.71800231933594,1.1191190481185913,1.3427324295043945,0.6352190971374512
2024-09-26,0.6821599006652832,144.68299865722656,98.69100189208984,1.1131023168563843,1.3315792083740234,0.6257195472717285
2024-09-27,0.689280092716217,145.0760040283203,99.98899841308594,1.117717981338501,1.341381549835205,0.6331197619438171
2024-09-30,0.6918787360191345,142.7830047607422,98.78199768066406,1.1169815063476562,1.338329792022705,0.634981095790863
2024-10-01,0.6915801763534546,143.7100067138672,99.38200378417969,1.113660216331482,1.3376137018203735,0.6345298290252686
2024-10-02,0.6879992485046387,143.73599243164062,98.87799835205078,1.1063904762268066,1.327404260635376,0.6282985806465149
2024-10-03,0.6887099742889404,146.58200073242188,100.9260025024414,1.1048502922058105,1.326611876487732,0.6261191964149475
2024-10-04,0.6850300431251526,146.83999633789062,100.5739974975586,1.103557825088501,1.3130252361297607,0.6217281222343445
2024-10-07,0.6800592541694641,148.82000732421875,101.19300079345703,1.0974539518356323,1.3125253915786743,0.6160784363746643
2024-10-08,0.6755999326705933,148.14599609375,100.05000305175781,1.0975743532180786,1.3084723949432373,0.6128502488136292
2024-10-09,0.6739597916603088,148.15899658203125,99.83999633789062,1.0975743532180786,1.309483289718628,0.6131395697593689
2024-10-10,0.6717401146888733,149.16000366210938,100.18699645996094,1.0943313837051392,1.306830883026123,0.6070908308029175
2024-10-11,0.6740997433662415,148.70399475097656,100.21299743652344,1.0933860540390015,1.3062163591384888,0.6096000075340271
2024-10-14,0.6731105446815491,149.33399963378906,100.51100158691406,1.0925379991531372,1.3049037456512451,0.6091692447662354
2024-10-15,0.6725999116897583,149.6699981689453,100.62100219726562,1.0909169912338257,1.3067454099655151,0.6089614629745483
2024-10-16,0.6682080030441284,149.0989990234375,99.625,1.0884116888046265,1.3065917491912842,0.6056311726570129
2024-10-17,0.6664889454841614,149.5760040283203,99.68099975585938,1.0862481594085693,1.29902184009552,0.6058696508407593
2024-10-18,0.6699718832969666,150.10000610351562,100.5530014038086,1.0829542875289917,1.301574945449829,0.6060715913772583
2024-10-21,0.6716818809509277,149.60000610351562,100.43399810791016,1.0868619680404663,1.3052616119384766,0.6076700091362
2024-10-22,0.6653094291687012,150.60499572753906,100.17776489257812,1.0817828178405762,1.298296570777893,0.6023297905921936
2024-10-23,0.6685997843742371,151.13800048828125,101.00399780273438,1.079727053642273,1.2982797622680664,0.604580283164978
2024-10-24,0.663599967956543,152.7689971923828,101.3550033569336,1.0780508518218994,1.291372299194336,0.6006186604499817
2024-10-25,0.663702130317688,151.7830047607422,100.70099639892578,1.0824151039123535,1.2973365783691406,0.6008387804031372
2024-10-28,0.6603406071662903,152.95199584960938,100.98899841308594,1.0796570777893066,1.295823574066162,0.5979001522064209
2024-10-29,0.6582671999931335,153.1790008544922,100.81800079345703,1.0816774368286133,1.2974711656570435,0.5986300110816956
2024-10-30,0.6563001871109009,153.2740020751953,100.54199981689453,1.0820636749267578,1.3014055490493774,0.5971183180809021
2024-10-31,0.6572798490524292,153.20399475097656,100.697998046875,1.0859178304672241,1.2959579229354858,0.5971112251281738
2024-11-01,0.657680094242096,151.97999572753906,99.9520034790039,1.0886130332946777,1.2897733449935913,0.5971503853797913
2024-11-04,0.6591914296150208,152.28700256347656,100.37200164794922,1.087453007698059,1.2953401803970337,0.5987414717674255
2024-11-05,0.6584101915359497,152.2760009765625,100.25299835205078,1.0874056816101074,1.2954542636871338,0.5973715782165527
2024-11-06,0.6641499996185303,151.43499755859375,100.55599975585938,1.093445897102356,1.3043591976165771,0.60165935754776
2024-11-07,0.6567001342773438,154.32000732421875,101.33200073242188,1.073306918144226,1.2883278131484985,0.5938806533813477
2024-11-08,0.6676815152168274,153.17999267578125,102.26899719238281,1.0795172452926636,1.2982292175292969,0.6022282242774963
2024-11-11,0.65845787525177,152.9040069580078,100.67400360107422,1.0714898109436035,1.2917059659957886,0.5966302156448364
2024-11-12,0.6577605605125427,153.47999572753906,100.94100189208984,1.066439151763916,1.2874983549118042,0.596911609172821
2024-11-13,0.6529401540756226,154.65499877929688,100.9729995727539,1.061672568321228,1.2739177942276,0.5923293828964233
2024-11-14,0.6492705345153809,155.4290008544922,100.90699768066406,1.0564124584197998,1.27068030834198,0.5882906913757324
2024-11-15,0.6455498337745667,156.46800231933594,100.98500061035156,1.0530084371566772,1.266784906387329,0.5849800705909729
2024-11-18,0.6463413834571838,154.66400146484375,99.95800018310547,1.0533745288848877,1.261765956878662,0.5863211154937744
2024-11-19,0.650590181350708,154.61700439453125,100.58599853515625,1.059490442276001,1.2679253816604614,0.5890703797340393
2024-11-20,0.6541501879692078,154.71800231933594,101.2020034790039,1.0607603788375854,1.2694543600082397,0.5919612050056458
2024-11-21,0.6513999700546265,155.2949981689453,101.11900329589844,1.0546187162399292,1.2655344009399414,0.5884000062942505
2024-11-22,0.6510289311408997,154.21800231933594,100.38700103759766,1.0469341278076172,1.2584789991378784,0.5857407450675964
2024-11-25,0.6539880037307739,154.14599609375,100.5999984741211,1.0479873418807983,1.2593823671340942,0.5862111449241638
2024-11-26,0.646379828453064,154.3780059814453,99.77999877929688,1.0444300174713135,1.2533055543899536,0.5811284184455872
2024-11-27,0.6475173830986023,153.00900268554688,99.0510025024414,1.0491198301315308,1.2573871612548828,0.5837098360061646
2024-11-28,0.6497219204902649,151.33599853515625,98.33300018310547,1.0562450885772705,1.2677645683288574,0.5893411636352539
2024-11-29,0.6507400274276733,151.1739959716797,98.36599731445312,1.0563008785247803,1.2696800231933594,0.5896400213241577
2024-12-02,0.6502415537834167,149.8979949951172,97.45800018310547,1.0545074939727783,1.270163893699646,0.5906500220298767
2024-12-03,0.6475300192832947,149.50799560546875,96.79900360107422,1.0501223802566528,1.265854835510254,0.5884602665901184
2024-12-04,0.6485504508018494,149.64700317382812,97.04299926757812,1.0510826110839844,1.2674272060394287,0.5882110595703125
2024-12-05,0.6432936787605286,150.56700134277344,96.8239974975586,1.051414132118225,1.2701154947280884,0.5857201814651489
2024-12-06,0.6449898481369019,150.20700073242188,96.87300109863281,1.058559536933899,1.2759333848953247,0.5882214307785034
2024-12-09,0.639991819858551,150.02999877929688,95.94599914550781,1.0565463304519653,1.2749296426773071,0.5838802456855774
2024-12-10,0.643790602684021,151.4080047607422,97.46700286865234,1.0555204153060913,1.2749085426330566,0.5858985781669617
2024-12-11,0.6376001834869385,151.8070068359375,96.78797912597656,1.0532968044281006,1.2780042886734009,0.58022141456604
2024-12-12,0.6383902430534363,152.2449951171875,97.16999816894531,1.0506850481033325,1.2766337394714355,0.5794212818145752
2024-12-13,0.6375001668930054,152.58700561523438,97.14900207519531,1.0474056005477905,1.2677323818206787,0.5770307183265686
2024-12-16,0.6367115378379822,153.4530029296875,97.69400024414062,1.051005244255066,1.2627378702163696,0.5770706534385681
2024-12-17,0.6376400589942932,154.08599853515625,98.24400329589844,1.0517348051071167,1.2690355777740479,0.5791997909545898
2024-12-18,0.6341153979301453,153.57200622558594,97.33699798583984,1.0495051145553589,1.2710840702056885,0.5758113265037537
2024-12-19,0.6206199526786804,154.67300415039062,95.98500061035156,1.0350252389907837,1.2567708492279053,0.5617314577102661
2024-12-20,0.6233997941017151,157.6439971923828,98.23100280761719,1.0364949703216553,1.2497968673706055,0.562749981880188
2024-12-23,0.6252892017364502,156.5330047607422,97.87000274658203,1.0433076620101929,1.256991982460022,0.5651601552963257
2024-12-24,0.6244925856590271,157.1649932861328,98.08000183105469,1.0405826568603516,1.2534469366073608,0.5646591186523438
2024-12-25,0.6239081621170044,157.10699462890625,97.94000244140625,1.0402579307556152,1.2536041736602783,0.5648000836372375
2024-12-26,0.6244574785232544,157.13299560546875,98.10299682617188,1.0399551391601562,1.254374623298645,0.5650898814201355
2024-12-27,0.6223007440567017,157.7480010986328,98.15799713134766,1.0423181056976318,1.2529758214950562,0.5625594258308411
2024-12-30,0.6225099563598633,157.8730010986328,98.26899719238281,1.0429377555847168,1.257880687713623,0.5639394521713257
2024-12-31,0.621999979019165,156.9949951171875,97.62300109863281,1.040615200996399,1.254909873008728,0.5639712810516357
2025-01-02,0.6194201707839966,157.718994140625,97.65699768066406,1.0351860523223877,1.2519248723983765,0.5598414540290833
2025-01-03,0.6200800538063049,157.36199951171875,97.55999755859375,1.0268205404281616,1.2380222082138062,0.5592997670173645
2025-01-06,0.6220104694366455,157.4810028076172,97.94599914550781,1.0305347442626953,1.2426837682724,0.5616084337234497
2025-01-07,0.623910129070282,157.7429962158203,98.41000366210938,1.0386372804641724,1.2510946989059448,0.5639108419418335
2025-01-08,0.6234919428825378,158.23599243164062,98.64800262451172,1.034554123878479,1.247785210609436,0.5635485649108887
2025-01-09,0.6211604475975037,158.19200134277344,98.25199890136719,1.0314701795578003,1.2359870672225952,0.5605400204658508
2025-01-10,0.6189700961112976,158.04800415039062,97.822998046875,1.0297601222991943,1.2299367189407349,0.5593501329421997
2025-01-13,0.6154982447624207,157.88699340820312,97.1709976196289,1.0244431495666504,1.2204945087432861,0.5564799308776855
2025-01-14,0.6192100048065186,157.36399841308594,97.43499755859375,1.0265253782272339,1.2233314514160156,0.5604187846183777
2025-01-15,0.619160532951355,158.0500030517578,97.84300231933594,1.0306835174560547,1.221344232559204,0.5602993965148926
2025-01-16,0.6235401034355164,156.2550048828125,97.4280014038086,1.0295268297195435,1.2243348360061646,0.562828540802002
2025-01-17,0.6210300922393799,155.3560028076172,96.47000122070312,1.0301949977874756,1.2236906290054321,0.5608084797859192
2025-01-20,0.6195403337478638,156.30599975585938,96.8280029296875,1.0277386903762817,1.2171002626419067,0.5587310194969177
2025-01-21,0.6281000375747681,155.24899291992188,97.50199890136719,1.0420682430267334,1.233136773109436,0.5681785941123962
2025-01-22,0.6262015104293823,155.7740020751953,97.52799987792969,1.0405935049057007,1.2335399389266968,0.5660911202430725
2025-01-23,0.6275002360343933,156.44000244140625,98.1259994506836,1.0410159826278687,1.231420874595642,0.5663604140281677
2025-01-24,0.6283262372016907,156.15499877929688,98.1020278930664,1.041601538658142,1.2353914976119995,0.5675497651100159
2025-01-27,0.6292909979820251,155.74400329589844,97.99400329589844,1.0467586517333984,1.2459352016448975,0.5692297220230103
2025-01-28,0.6263799667358398,154.90899658203125,97.02300262451172,1.0445064306259155,1.2460592985153198,0.5668194890022278
2025-01-29,0.6254573464393616,155.5590057373047,97.26699829101562,1.0429050922393799,1.2441680431365967,0.566559374332428
2025-01-30,0.6239782571792603,155.1699981689453,96.81300354003906,1.0425245761871338,1.245530128479004,0.5665208697319031
2025-01-31,0.6215001940727234,154.0970001220703,95.76100158691406,1.0397279262542725,1.2423903942108154,0.5636406540870667
2025-02-03,0.614420473575592,155.36300659179688,95.44200134277344,1.024779200553894,1.2291958332061768,0.5569603443145752
2025-02-04,0.6217397451400757,155.27699279785156,96.53800201416016,1.0327378511428833,1.2431780099868774,0.5626797080039978
2025-02-05,0.6251093745231628,154.13299560546875,96.33300018310547,1.0372798442840576,1.2478163242340088,0.5648409128189087
2025-02-06,0.6285473704338074,152.6060028076172,95.90286254882812,1.0400848388671875,1.2504063844680786,0.5689285397529602
2025-02-07,0.6281801462173462,151.1929931640625,94.96600341796875,1.0385725498199463,1.2437502145767212,0.5674885511398315
2025-02-10,0.6258898973464966,151.8459930419922,95.02899932861328,1.0311616659164429,1.2391574382781982,0.5647388100624084
2025-02-11,0.6271283030509949,151.75900268554688,95.15299987792969,1.0301525592803955,1.2360633611679077,0.5635008811950684
2025-02-12,0.629830002784729,152.73899841308594,96.18699645996094,1.0364949703216553,1.245159387588501,0.565930962562561
2025-02-13,0.6282985806465149,154.2550048828125,96.88600158691406,1.039198637008667,1.2450664043426514,0.5641399025917053
2025-02-14,0.6316919922828674,152.98899841308594,96.63099670410156,1.0461673736572266,1.2563445568084717,0.5680010914802551
2025-02-17,0.6356511116027832,152.0229949951172,96.62000274658203,1.0489217042922974,1.2584155797958374,0.5732991695404053
2025-02-18,0.6356107592582703,151.44400024414062,96.24600219726562,1.048536777496338,1.262148141860962,0.5732301473617554
2025-02-19,0.6353119015693665,151.93099975585938,96.51399993896484,1.044833779335022,1.2625784873962402,0.5705190300941467
2025-02-20,0.6341274976730347,151.22000122070312,95.87699890136719,1.0421009063720703,1.2584155797958374,0.5701189637184143
2025-02-21,0.6404098868370056,149.4080047607422,95.64800262451172,1.0500562191009521,1.2670401334762573,0.5764286518096924
2025-02-24,0.6370319724082947,149.38699340820312,95.1520004272461,1.0474823713302612,1.2649900913238525,0.5751191973686218
2025-02-25,0.6338099837303162,149.86399841308594,94.9729995727539,1.0461344718933105,1.261781930923462,0.5726589560508728
2025-02-26,0.6352877020835876,149.0780029296875,94.68000030517578,1.0524100065231323,1.2674431800842285,0.5731086134910583
2025-02-27,0.6310780644416809,148.83799743652344,93.91600036621094,1.0488777160644531,1.2682307958602905,0.5699889063835144
2025-02-28,0.623219907283783,150.01199340820312,93.47799682617188,1.039511799812317,1.259890079498291,0.5627208352088928
2025-03-03,0.6220685243606567,150.77099609375,93.77999877929688,1.0413846969604492,1.260398268699646,0.560519278049469
2025-03-04,0.6215812563896179,149.30499267578125,92.7699966430664,1.0485037565231323,1.270147681236267,0.5613404512405396
2025-03-05,0.6269985437393188,149.7989959716797,93.88899993896484,1.062699317932129,1.2794268131256104,0.5661584734916687
2025-03-06,0.6338099837303162,148.8979949951172,94.35800170898438,1.0794938802719116,1.2891913652420044,0.5729608535766602
2025-03-07,0.6332280039787292,148.10800170898438,93.77400207519531,1.0787951946258545,1.2885303497314453,0.5736609101295471
2025-03-10,0.6303898096084595,147.60800170898438,93.04100036621094,1.086059331893921,1.2932428121566772,0.5710598230361938
2025-03-11,0.6279513835906982,147.06900024414062,92.33799743652344,1.0839403867721558,1.2875481843948364,0.5695084929466248
2025-03-12,0.6295286417007446,148.04200744628906,93.18699645996094,1.0914170742034912,1.294481635093689,0.5712099075317383
2025-03-13,0.6327592134475708,148.2790069580078,93.81099700927734,1.0886249542236328,1.2964283227920532,0.5737004280090332
2025-03-14,0.6287410259246826,147.94900512695312,93.01200103759766,1.085564136505127,1.2958402633666992,0.5703107714653015
2025-03-17,0.6326191425323486,148.59800720214844,93.99800109863281,1.0881274938583374,1.2930588722229004,0.5752515196800232
2025-03-18,0.638198733329773,149.37899780273438,95.31999969482422,1.091917634010315,1.2985326051712036,0.5824688673019409
2025-03-19,0.6361202001571655,149.45199584960938,95.06199645996094,1.093948245048523,1.3000519275665283,0.5818588137626648
2025-03-20,0.6364116668701172,148.49000549316406,94.48500061035156,1.0911908149719238,1.3010668754577637,0.582160234451294
2025-03-21,0.6303898096084595,148.5959930419922,93.66500091552734,1.0856702327728271,1.2967981100082397,0.5761895179748535
2025-03-24,0.6288319230079651,149.677001953125,94.10900115966797,1.0835762023925781,1.2924572229385376,0.574540913105011
2025-03-25,0.6285908222198486,150.7740020751953,94.76200103759766,1.0803569555282593,1.2924238443374634,0.5726786255836487
2025-03-26,0.6309000849723816,149.9499969482422,94.55899810791016,1.0787487030029297,1.2943308353424072,0.573309063911438
2025-03-27,0.6287015080451965,150.47300720214844,94.58799743652344,1.0742061138153076,1.2877637147903442,0.5718991756439209
2025-03-28,0.6301594376564026,150.8470001220703,95.04399871826172,1.080100178718567,1.295202612876892,0.5736411809921265
2025-03-31,0.6282907128334045,149.61700439453125,93.99299621582031,1.082391619682312,1.2938284873962402,0.570711076259613
2025-04-01,0.6241885423660278,149.91299438476562,93.5459976196289,1.0818880796432495,1.292089819908142,0.5670509338378906
2025-04-02,0.6289584636688232,149.7830047607422,94.19999694824219,1.0795987844467163,1.292306900024414,0.571389377117157
2025-04-03,0.6264698505401611,147.8719940185547,92.62100219726562,1.090869426727295,1.3046314716339111,0.5727606415748596
2025-04-04,0.6323510408401489,146.2310028076172,92.45500183105469,1.1043744087219238,1.308866262435913,0.5786601901054382
2025-04-07,0.5987701416015625,145.43299865722656,87.05400085449219,1.098454475402832,1.2910722494125366,0.5541394352912903
2025-04-08,0.5997613072395325,147.78900146484375,88.62899780273438,1.0915361642837524,1.2734960317611694,0.553709864616394
2025-04-09,0.595528781414032,145.84500122070312,86.84100341796875,1.0980443954467773,1.2790995836257935,0.5518489480018616
2025-04-10,0.6133614778518677,147.3990020751953,90.3949966430664,1.0952062606811523,1.2825446128845215,0.5637201070785522
2025-04-11,0.6223394870758057,143.7469940185547,89.44999694824219,1.1257838010787964,1.2992074489593506,0.5747886300086975
2025-04-14,0.6301316618919373,143.6959991455078,90.52999877929688,1.1343141794204712,1.3085237741470337,0.5836314558982849
2025-04-15,0.631991446018219,143.2209930419922,90.50299835205078,1.1339668035507202,1.3174536228179932,0.5866995453834534
2025-04-16,0.6337898373603821,143.18099975585938,90.68000030517578,1.1292672157287598,1.323101282119751,0.5895496606826782
2025-04-17,0.6372998952865601,141.92799377441406,90.39800262451172,1.1396790742874146,1.3233989477157593,0.5935387015342712
2025-04-22,0.6421988606452942,140.87600708007812,90.46299743652344,1.1512778997421265,1.3379716873168945,0.600009560585022
2025-04-23,0.6376200914382935,142.68800354003906,90.96199798583984,1.1351252794265747,1.327316164970398,0.5960683226585388
2025-04-24,0.6365291476249695,143.22300720214844,91.14900207519531,1.132733702659607,1.326453447341919,0.5952416062355042
2025-04-25,0.6403483152389526,142.87899780273438,91.44200134277344,1.1371906995773315,1.3326226472854614,0.5987988114356995
2025-04-28,0.63840651512146,143.84100341796875,91.77799987792969,1.1343141794204712,1.3290096521377563,0.5949406027793884
2025-04-29,0.6428800821304321,142.17799377441406,91.39099884033203,1.1409143209457397,1.3436164855957031,0.597200334072113
2025-04-30,0.6386919617652893,142.2989959716797,90.85199737548828,1.1389262676239014,1.3410794734954834,0.5936691164970398
2025-05-01,0.6413093209266663,143.00900268554688,91.7020034790039,1.1324899196624756,1.3323917388916016,0.5938313007354736
2025-05-02,0.6386797428131104,145.447998046875,92.88200378417969,1.1296498775482178,1.3286387920379639,0.5913485288619995
2025-05-05,0.644558310508728,144.62399291992188,93.20899963378906,1.1323232650756836,1.3271929025650024,0.5952097177505493
2025-05-06,0.6461409330368042,143.6540069580078,92.80899810791016,1.1313369274139404,1.3292568922042847,0.5961394309997559
2025-05-07,0.6506688594818115,143.03500366210938,93.05599975585938,1.1342755556106567,1.335594892501831,0.6015110015869141
2025-05-08,0.6434799432754517,143.84800720214844,92.5009994506836,1.1306205987930298,1.3294159173965454,0.5940182209014893
2025-05-09,0.6392595171928406,146.01499938964844,93.33699798583984,1.122422695159912,1.323539137840271,0.589918315410614
2025-05-12,0.642091691493988,145.81199645996094,93.62000274658203,1.12296462059021,1.3289036750793457,0.5920698046684265
2025-05-13,0.6371780633926392,148.30999755859375,94.48999786376953,1.1095577478408813,1.3177834749221802,0.5861286520957947
2025-05-14,0.6472617387771606,147.5279998779297,95.47699737548828,1.1185556650161743,1.3304418325424194,0.593591570854187
2025-05-15,0.6428800821304321,146.64999389648438,94.2300033569336,1.1181930303573608,1.3263479471206665,0.5896400213241577
2025-05-16,0.640578031539917,145.61300659179688,93.26300048828125,1.1192693710327148,1.3306896686553955,0.5873715281486511
2025-05-19,0.6410001516342163,145.29800415039062,93.11100006103516,1.1187559366226196,1.3305498361587524,0.5886993408203125
2025-05-20,0.6455819606781006,144.97500610351562,93.58300018310547,1.1233429908752441,1.3360053300857544,0.5930987000465393
2025-05-21,0.6425999999046326,144.3280029296875,92.72200012207031,1.1287955045700073,1.3397821187973022,0.5927401185035706
2025-05-22,0.6433101892471313,143.7550048828125,92.46800231933594,1.133118748664856,1.3419036865234375,0.5933485627174377
2025-05-23,0.6409804821014404,143.85800170898438,92.2030029296875,1.1281843185424805,1.3419216871261597,0.5897617340087891
2025-05-26,0.6501189470291138,142.86700439453125,92.86599731445312,1.1372811794281006,1.3535828590393066,0.5991683602333069
2025-05-27,0.6481007933616638,142.65499877929688,92.447998046875,1.1388484239578247,1.3565207719802856,0.5994700789451599
2025-05-28,0.6447120904922485,144.177001953125,92.94400024414062,1.1337097883224487,1.3513330221176147,0.5948100686073303
2025-05-29,0.6425207257270813,145.69700622558594,93.59700012207031,1.123368263244629,1.3431472778320312,0.5959084630012512
2025-05-30,0.6445998549461365,143.7790069580078,92.66899871826172,1.1378376483917236,1.3498992919921875,0.5978608727455139
2025-06-02,0.644321620464325,143.81500244140625,92.6510009765625,1.1353315114974976,1.346728801727295,0.5973109006881714
2025-06-03,0.6498401165008545,142.45199584960938,92.56199645996094,1.1453442573547363,1.3556748628616333,0.6047887206077576
2025-06-04,0.646608829498291,143.83700561523438,92.99400329589844,1.1384464502334595,1.353143334388733,0.6006113886833191
2025-06-05,0.6490682363510132,142.73199462890625,92.62100219726562,1.1422044038772583,1.3552155494689941,0.6027400493621826
2025-06-06,0.6510501503944397,143.54200744628906,93.44100189208984,1.1453834772109985,1.3579576015472412,0.6042296290397644
2025-06-09,0.6500217914581299,144.6909942626953,94.04199981689453,1.1407841444015503,1.3538211584091187,0.6024205088615417
2025-06-10,0.6518101692199707,144.5399932861328,94.19999694824219,1.1428048610687256,1.3556748628616333,0.6050887703895569
2025-06-11,0.6527202129364014,144.83799743652344,94.52100372314453,1.143746018409729,1.3508219718933105,0.6059100031852722
2025-06-12,0.6509501338005066,144.2030029296875,93.85700225830078,1.1509333848953247,1.3567416667938232,0.6036598682403564
2025-06-13,0.6527999043464661,143.19400024414062,93.45899963378906,1.1600254774093628,1.3627691268920898,0.6065201163291931
2025-06-16,0.6499997973442078,144.09100341796875,93.58352661132812,1.1556684970855713,1.3557006120681763,0.603900134563446
2025-06-17,0.6511001586914062,144.72900390625,94.18499755859375,1.1551345586776733,1.3565576076507568,0.6049203872680664
2025-06-18,0.6479797959327698,145.37600708007812,94.19100189208984,1.1482638120651245,1.3430029153823853,0.6019382476806641
2025-06-19,0.6507408618927002,144.9550018310547,94.31500244140625,1.1477497816085815,1.3416515588760376,0.6029508709907532
2025-06-20,0.6488786935806274,145.21800231933594,94.1780014038086,1.1512778997421265,1.3476725816726685,0.6000816226005554
2025-06-23,0.6446704864501953,146.2239990234375,94.25299835205078,1.1500862836837769,1.3435983657836914,0.5962104797363281
2025-06-24,0.6477800011634827,145.92799377441406,94.5199966430664,1.1599044799804688,1.3545364141464233,0.5995383262634277
2025-06-25,0.6495999097824097,144.95700073242188,94.12899780273438,1.161224365234375,1.361488938331604,0.6011313199996948
2025-06-26,0.6523114442825317,144.9040069580078,94.50199890136719,1.1683744192123413,1.369187831878662,0.6055908203125
2025-06-27,0.654630184173584,144.69400024414062,94.71099853515625,1.1692214012145996,1.37247633934021,0.6058990359306335
2025-06-30,0.6533215045928955,144.51699829101562,94.39099884033203,1.1727453470230103,1.3719680309295654,0.6063987016677856
2025-07-01,0.6578081846237183,143.8000030517578,94.56199645996094,1.178717017173767,1.3730605840682983,0.6092397570610046
2025-07-02,0.6583105325698853,143.40199279785156,94.35299682617188,1.180553913116455,1.374721646308899,0.6100797653198242
2025-07-03,0.6582901477813721,143.5260009765625,94.47100067138672,1.18002450466156,1.3650014400482178,0.6089392304420471
2025-07-04,0.6577298641204834,144.6820068359375,95.15499877929688,1.1771491765975952,1.366829752922058,0.608009934425354
2025-07-07,0.6551792025566101,144.4980010986328,94.66300201416016,1.178078293800354,1.3651504516601562,0.6051217317581177
2025-07-08,0.6506096124649048,145.89199829101562,94.90899658203125,1.1736538410186768,1.3623607158660889,0.6007810235023499
2025-07-09,0.6524518728256226,146.8489990234375,95.802001953125,1.1724566221237183,1.3585295677185059,0.5993586778640747
2025-07-10,0.6535905003547668,146.11399841308594,95.49299621582031,1.17311692237854,1.3593051433563232,0.5998404622077942
2025-07-11,0.6594000458717346,146.28799438476562,96.4489974975586,1.1702749729156494,1.3579576015472412,0.6041712164878845
2025-07-14,0.6578081846237183,147.2949981689453,96.85900115966797,1.1682106256484985,1.3493820428848267,0.6006907820701599
2025-07-15,0.6544716358184814,147.79200744628906,96.71299743652344,1.1666297912597656,1.3428045511245728,0.5971896052360535
2025-07-16,0.651898980140686,148.76100158691406,96.94999694824219,1.1607391834259033,1.3393335342407227,0.5954294800758362
2025-07-17,0.6525000333786011,148.0030059814453,96.54399871826172,1.1635754108428955,1.3411099910736084,0.594590425491333
2025-07-18,0.649819016456604,148.44200134277344,96.44999694824219,1.161548137664795,1.3432555198669434,0.5944314002990723
2025-07-21,0.6512112617492676,148.43099975585938,96.65299987792969,1.1630746126174927,1.341597557067871,0.5952805876731873
2025-07-22,0.6528096795082092,147.40899658203125,96.22000122070312,1.1694538593292236,1.348945140838623,0.5969614386558533
2025-07-23,0.6554712057113647,146.78500366210938,96.19999694824219,1.1739156246185303,1.352155327796936,0.600009560585022
2025-07-24,0.6603999137878418,146.3489990234375,96.5999984741211,1.1774264574050903,1.3579576015472412,0.604781448841095
2025-07-25,0.6597176194190979,147.0050048828125,96.95099639892578,1.1756131649017334,1.3510043621063232,0.6037116050720215
2025-07-28,0.6572980284690857,147.81300354003906,97.11599731445312,1.1756821870803833,1.344085931777954,0.6019309759140015
2025-07-29,0.6524008512496948,148.47900390625,96.81999969482422,1.1596757173538208,1.336023211479187,0.5971896052360535
2025-07-30,0.651321530342102,148.44200134277344,96.6709976196289,1.1550945043563843,1.3353630304336548,0.595461368560791
2025-07-31,0.6447120904922485,149.2259979248047,96.19400024414062,1.1429355144500732,1.3257676362991333,0.5907686352729797
2025-08-01,0.6429089903831482,150.77200317382812,96.92500305175781,1.142374038696289,1.3209865093231201,0.5888692140579224
2025-08-04,0.6469100117683411,147.34300231933594,95.31099700927734,1.158668041229248,1.3289920091629028,0.5914185047149658
2025-08-05,0.6474796533584595,146.79299926757812,95.03199768066406,1.1584129333496094,1.3297518491744995,0.5916984677314758
2025-08-06,0.6472994685173035,147.55999755859375,95.50199890136719,1.1579166650772095,1.3299463987350464,0.5909292101860046
2025-08-07,0.6500217914581299,147.1929931640625,95.66799926757812,1.1663167476654053,1.3357912302017212,0.59284907579422
2025-08-08,0.6525711417198181,146.83700561523438,95.81300354003906,1.1676650047302246,1.345152735710144,0.597011387348175
2025-08-11,0.6517715454101562,147.66400146484375,96.23600006103516,1.1647952795028687,1.3444474935531616,0.5949299931526184
2025-08-12,0.6514403223991394,148.125,96.48799896240234,1.1618449687957764,1.3435261249542236,0.5940499901771545
2025-08-13,0.6529802083969116,147.75799560546875,96.4729995727539,1.1677058935165405,1.3504207134246826,0.5957806706428528
2025-08-14,0.6551706194877625,147.1199951171875,96.38200378417969,1.171289324760437,1.3585295677185059,0.5981004238128662
2025-08-15,0.6497514843940735,147.6909942626953,95.95500183105469,1.1651345491409302,1.3530701398849487,0.5921083688735962
2025-08-18,0.651296079158783,147.26400756835938,95.88300323486328,1.1706587076187134,1.3556381464004517,0.5928595662117004
2025-08-19,0.6494801044464111,147.91600036621094,96.06300354003906,1.1668338775634766,1.3508219718933105,0.5923784375190735
2025-08-20,0.6454598307609558,147.7310028076172,95.3479995727539,1.164252758026123,1.348679542541504,0.5897687077522278
2025-08-21,0.6436100006103516,147.3179931640625,94.80899810791016,1.165175199508667,1.3466380834579468,0.5828185081481934
2025-08-22,0.6425496339797974,148.38600158691406,95.33699798583984,1.16130530834198,1.3419395685195923,0.5822314620018005
2025-08-25,0.6484898924827576,147.21499633789062,95.46199798583984,1.1709601879119873,1.35111403465271,0.5865412354469299
2025-08-26,0.6481099724769592,147.82200622558594,95.8010025024414,1.1618449687957764,1.3453518152236938,0.5849184393882751
2025-08-27,0.6495801210403442,147.46200561523438,95.7760009765625,1.1639411449432373,1.3478723764419556,0.5858402848243713
2025-08-28,0.6511399745941162,147.3159942626953,95.91899871826172,1.1647952795028687,1.3503841161727905,0.5861183404922485
2025-08-29,0.6532399654388428,146.7899932861328,95.88400268554688,1.1681560277938843,1.35111403465271,0.5885087847709656
2025-09-01,0.6543598771095276,147.0970001220703,96.2490005493164,1.1691803932189941,1.3503841161727905,0.5896887183189392
2025-09-02,0.6556801199913025,147.08399963378906,96.43599700927734,1.1715912818908691,1.3547931909561157,0.5906291007995605
2025-09-03,0.6518301367759705,148.54800415039062,96.822998046875,1.163602590560913,1.3383476734161377,0.5861698985099792
2025-09-04,0.6544399857521057,147.97999572753906,96.84400177001953,1.16604483127594,1.3441582918167114,0.5881107449531555
2025-09-05,0.6521999835968018,148.375,96.76699829101562,1.1656913757324219,1.3444474935531616,0.5851101279258728
2025-09-08,0.655450165271759,148.343994140625,97.23100280761719,1.1713168621063232,1.3492909669876099,0.5888698697090149
2025-09-09,0.6598090529441833,147.36399841308594,97.2229995727539,1.1769136190414429,1.3553073406219482,0.5945091247558594
2025-09-10,0.6584700345993042,147.39199829101562,97.0469970703125,1.1702749729156494,1.352109670639038,0.5925999879837036
2025-09-11,0.6619316339492798,147.33200073242188,97.5199966430664,1.1703435182571411,1.3534730672836304,0.5943783521652222
2025-09-12,0.6668000221252441,147.2239990234375,98.13400268554688,1.1734747886657715,1.3576626777648926,0.5977801084518433
2025-09-15,0.6648998260498047,147.66600036621094,98.1719970703125,1.1726491451263428,1.3553440570831299,0.5953408479690552
2025-09-16,0.6673001646995544,147.40499877929688,98.36000061035156,1.1763737201690674,1.3602666854858398,0.596911609172821
2025-09-17,0.6688998937606812,146.41299438476562,97.93399810791016,1.1871408224105835,1.365392804145813,0.5989401340484619
2025-09-18,0.6652501225471497,146.89100646972656,97.71499633789062,1.1826341152191162,1.3629734516143799,0.5934189558029175
2025-09-19,0.6617901921272278,147.94700622558594,97.90599822998047,1.1791062355041504,1.3556013107299805,0.5891293883323669
2025-09-22,0.6589308381080627,148.09500122070312,97.57599639892578,1.1736950874328613,1.3464748859405518,0.5851306319236755
2025-09-23,0.660199761390686,147.72500610351562,97.50800323486328,1.1801080703735352,1.3514974117279053,0.5868799686431885
2025-09-24,0.6597799062728882,147.61300659179688,97.38899993896484,1.1814465522766113,1.3524478673934937,0.5856995582580566
2025-09-25,0.6586921215057373,148.75100708007812,97.97000122070312,1.1744670867919922,1.3452396392822266,0.5816601514816284
2025-09-26,0.6537314653396606,149.86099243164062,97.9520034790039,1.166275978088379,1.333653450012207,0.5763190388679504
2025-09-29,0.6553998589515686,149.40499877929688,97.88300323486328,1.170823097229004,1.3408241271972656,0.577820897102356
2025-09-30,0.6581978797912598,148.59500122070312,97.7509994506836,1.1731443405151367,1.3437248468399048,0.5781516432762146
2025-10-01,0.6610700488090515,147.9969940185547,97.83000183105469,1.1735849380493164,1.3443390130996704,0.5795992612838745
2025-10-02,0.6615498065948486,147.08299255371094,97.28900146484375,1.1734058856964111,1.3480178117752075,0.5821806192398071
2025-10-03,0.6598090529441833,147.14999389648438,97.072998046875,1.1725116968154907,1.3446643352508545,0.5819502472877502
2025-10-06,0.6593101024627686,149.6060028076172,98.63300323486328,1.171248197555542,1.3433817625045776,0.5824688673019409
2025-10-07,0.6616500020027161,150.33099365234375,99.45999908447266,1.171028733253479,1.3484903573989868,0.5840998888015747
2025-10-08,0.6580505967140198,152.05099487304688,100.0459976196289,1.1654603481292725,1.3421016931533813,0.5797706246376038
2025-10-09,0.6584500670433044,152.67999267578125,100.52799987792969,1.1631964445114136,1.3401411771774292,0.5783489346504211
2025-10-10,0.6561291813850403,152.96499633789062,100.3550033569336,1.156644344329834,1.3304948806762695,0.5752912163734436
2025-10-13,0.6498401165008545,152.05599975585938,98.80599975585938,1.160240888595581,1.3336178064346313,0.5726786255836487
2025-10-14,0.651159942150116,152.4340057373047,99.25199890136719,1.1566845178604126,1.3332622051239014,0.5717487335205078
2025-10-15,0.6491301655769348,151.7310028076172,98.49299621582031,1.1602274179458618,1.3321610689163208,0.5715000629425049
2025-10-16,0.6508001685142517,150.9739990234375,98.23999786376953,1.1646324396133423,1.3404465913772583,0.5716115236282349
2025-10-17,0.64823979139328,150.1199951171875,97.30799865722656,1.1699601411819458,1.3445558547973633,0.572701632976532
2025-10-20,0.6501701474189758,150.89999389648438,98.10600280761719,1.165745735168457,1.342588186264038,0.5731808543205261
2025-10-21,0.6516313552856445,150.7740020751953,98.23999786376953,1.164442539215088,1.3405184745788574,0.5744485259056091
2025-10-22,0.6491904854774475,151.89300537109375,98.60099792480469,1.160038948059082,1.336523175239563,0.5742605328559875
2025-10-23,0.6489999890327454,151.95399475097656,98.58399963378906,1.1608469486236572,1.3351848125457764,0.5736905336380005
2025-10-24,0.6514798402786255,152.6020050048828,99.41400146484375,1.1618045568466187,1.332746982574463,0.5755196809768677
2025-10-27,0.653398334980011,153.06100463867188,100.0,1.1631693840026855,1.3322391510009766,0.5760199427604675
2025-10-28,0.6558598279953003,152.69200134277344,100.14199829101562,1.165175199508667,1.3341000080108643,0.5775506496429443
2025-10-29,0.6585099697113037,151.7310028076172,99.90899658203125,1.1657865047454834,1.3279330730438232,0.5783589482307434
2025-10-30,0.657680094242096,152.7220001220703,100.43800354003906,1.1603351831436157,1.3195397853851318,0.5764286518096924
2025-10-31,0.6559299826622009,153.89999389648438,100.947998046875,1.157246708869934,1.3159106969833374,0.5745310187339783
2025-11-03,0.6545702219009399,154.19500732421875,100.9280014038086,1.1528042554855347,1.3134735822677612,0.5722787976264954
2025-11-04,0.6541078090667725,154.20399475097656,100.81700134277344,1.1519144773483276,1.3135254383087158,0.5707013010978699
2025-11-05,0.6485601663589478,153.5570068359375,99.58300018310547,1.1485539674758911,1.3021697998046875,0.5642401576042175
2025-11-06,0.6509907841682434,154.072998046875,100.29100036621094,1.1496764421463013,1.3052598237991333,0.566899836063385
2025-11-07,0.6483898758888245,152.947998046875,99.16500091552734,1.1549211740493774,1.3140950202941895,0.5639013051986694
2025-11-10,0.650239884853363,153.81700134277344,100.01100158691406,1.1543878316879272,1.3142677545547485,0.5627208352088928
2025-11-11,0.653488039970398,154.14599609375,100.69999694824219,1.1557220220565796,1.3172974586486816,0.5643786787986755
2025-11-12,0.6529499292373657,154.0749969482422,100.59700012207031,1.1587486267089844,1.3152875900268555,0.5657292604446411
2025-11-13,0.6536400318145752,154.71299743652344,101.11900329589844,1.159218668937683,1.3127838373184204,0.566228985786438
2025-11-14,0.6529000401496887,154.63299560546875,100.94100189208984,1.1631964445114136,1.3152183294296265,0.5650898814201355
2025-11-17,0.6533001661300659,154.5850067138672,100.98500061035156,1.1615345478057861,1.3160146474838257,0.5676302909851074
2025-11-18,0.6492701172828674,155.2729949951172,100.80699920654297,1.159057378768921,1.3156163692474365,0.5654797554016113
2025-11-19,0.6509018540382385,155.54800415039062,101.2300033569336,1.1581177711486816,1.3147515058517456,0.5659213662147522
2025-11-20,0.649000883102417,156.99200439453125,101.87999725341797,1.154068112373352,1.3061821460723877,0.5614413619041443
2025-11-21,0.6449499130249023,157.36900329589844,101.49299621582031,1.1534557342529297,1.308489441871643,0.5591809153556824
2025-11-24,0.6462398767471313,156.68800354003906,101.25499725341797,1.1507612466812134,1.3096375465393066,0.5613183975219727
2025-11-25,0.6465799808502197,156.93899536132812,101.46900177001953,1.1520073413848877,1.3106160163879395,0.561381459236145
2025-11-26,0.6470301151275635,156.22999572753906,101.05999755859375,1.156483769416809,1.315870761871338,0.5624499320983887
2025-11-27,0.6524859666824341,156.23899841308594,101.92900085449219,1.1602139472961426,1.3244997262954712,0.5707000494003296
2025-11-28,0.653579831123352,156.28399658203125,102.13700103759766,1.1599851846694946,1.3241175413131714,0.5731000304222107
2025-12-01,0.6551298499107361,155.92799377441406,102.1449966430664,1.1601465940475464,1.3239772319793701,0.5736411809921265
2025-12-02,0.6544001698493958,155.5570068359375,101.76100158691406,1.1607661247253418,1.3209341764450073,0.572619616985321
2025-12-03,0.6573700904846191,155.8070068359375,102.41699981689453,1.1627906560897827,1.3219469785690308,0.574079155921936
2025-12-04,0.6605019569396973,155.10699462890625,102.43199920654297,1.1666841506958008,1.3348817825317383,0.5774205327033997
2025-12-05,0.660641610622406,155.14199829101562,102.48300170898438,1.1642799377441406,1.3321788311004639,0.5759804248809814
2025-12-08,0.6635400652885437,155.33999633789062,103.06999969482422,1.164022445678711,1.3324593305587769,0.5775999426841736
2025-12-09,0.6627300977706909,155.843994140625,103.2770004272461,1.1641442775726318,1.3326793909072876,0.5776100158691406
2025-12-10,0.6640987992286682,156.83799743652344,104.13300323486328,1.1628313064575195,1.3303532600402832,0.5779501795768738
2025-12-11,0.6674498319625854,155.7899932861328,103.97200012207031,1.1701242923736572,1.3388315439224243,0.5817199945449829
2025-12-12,0.6665000319480896,155.56700134277344,103.6449966430664,1.1739431619644165,1.339046597480774,0.5809191465377808
2025-12-15,0.6647300720214844,155.88800048828125,103.61199951171875,1.1737639904022217,1.3367732763290405,0.5802315473556519
2025-12-16,0.6641799807548523,155.01499938964844,102.9530029296875,1.1754610538482666,1.3380612134933472,0.5786099433898926
2025-12-17,0.6634001135826111,154.7779998779297,102.64800262451172,1.1749500036239624,1.342499852180481,0.5785999298095703
2025-12-18,0.6601501107215881,155.4949951171875,102.63999938964844,1.1742326021194458,1.3374598026275635,0.5772998332977295
2025-12-19,0.6613800525665283,155.58599853515625,102.89299774169922,1.1725666522979736,1.3385393619537354,0.5776106715202332
2025-12-22,0.6610198020935059,157.67599487304688,104.21800231933594,1.1708093881607056,1.3377031087875366,0.57548987865448
2025-12-23,0.6658400893211365,156.8769989013672,104.41899871826172,1.1765950918197632,1.3469899892807007,0.5797706246376038
2025-12-24,0.6701900959014893,156.17599487304688,104.62000274658203,1.179551362991333,1.3513604402542114,0.5842998623847961
2025-12-26,0.6705604195594788,156.08999633789062,104.65599822998047,1.1785364151000977,1.3508949279785156,0.5836417078971863
2025-12-29,0.6714099645614624,156.46299743652344,105.0479965209961,1.1772738695144653,1.349727988243103,0.582610011100769
2025-12-30,0.6695501804351807,156.01300048828125,104.4489974975586,1.1772878170013428,1.3510993719100952,0.5808698534965515
2025-12-31,0.6697999835014343,156.41299438476562,104.72000122070312,1.1747292280197144,1.346719741821289,0.5791494250297546
2026-01-02,0.6678299903869629,156.7310028076172,104.66200256347656,1.175046682357788,1.347363829612732,0.5757914185523987
2026-01-05,0.6683902144432068,156.98899841308594,104.9229965209961,1.1704667806625366,1.3437970876693726,0.5755594372749329
2026-01-06,0.6713401079177856,156.62600708007812,105.13999938964844,1.1714951992034912,1.3533997535705566,0.5786300301551819
2026-01-07,0.6737000942230225,156.67999267578125,105.53399658203125,1.1688251495361328,1.3500559329986572,0.5781984925270081
2026-01-08,0.672210156917572,156.7310028076172,105.35199737548828,1.1676785945892334,1.3459312915802002,0.5773905515670776
2026-01-09,0.6701065301895142,156.8800048828125,105.08699798583984,1.1657865047454834,1.3438005447387695,0.5750893950462341
2026-01-12,0.6685801148414612,158.1490020751953,105.72699737548828,1.1623716354370117,1.3394231796264648,0.572980523109436
2026-01-13,0.6707807779312134,157.98599243164062,105.96800231933594,1.1666978597640991,1.3465656042099,0.5773205757141113
2026-01-14,0.6683598756790161,159.1790008544922,106.37899780273438,1.164252758026123,1.3426783084869385,0.5739309191703796
2026-01-15,0.6682798862457275,158.40199279785156,105.85199737548828,1.1646324396133423,1.344266653060913,0.5744815468788147
2026-01-16,0.6704210042953491,158.5959930419922,106.2770004272461,1.1609008312225342,1.3381328582763672,0.5743601322174072
2026-01-19,0.6687598824501038,157.53500366210938,105.3489990234375,1.162493348121643,1.3404287099838257,0.5763389468193054
2026-01-20,0.6709878444671631,158.177001953125,106.12699890136719,1.1639139652252197,1.3418315649032593,0.5793507695198059
2026-01-21,0.6731699109077454,158.16200256347656,106.45999908447266,1.1727865934371948,1.344085931777954,0.5827301740646362
2026-01-22,0.6754794120788574,158.45599365234375,107.01699829101562,1.1672970056533813,1.3419395685195923,0.5838188529014587
2026-01-23,0.6840506792068481,158.50100708007812,108.40299987792969,1.1754610538482666,1.3501288890838623,0.5916704535484314
2026-01-26,0.691399872303009,155.16600036621094,107.27300262451172,1.1858457326889038,1.3662508726119995,0.596039891242981
2026-01-27,0.691472053527832,154.33599853515625,106.71099853515625,1.1876484155654907,1.3677457571029663,0.5970701575279236
2026-01-28,0.6995800137519836,152.4530029296875,106.6500015258789,1.2017642259597778,1.3824374675750732,0.6027800440788269
2026-01-29,0.7039799094200134,153.0959930419922,107.76899719238281,1.1977769136428833,1.382533073425293,0.6065311431884766
2026-01-30,0.7047300934791565,153.16200256347656,107.93099975585938,1.19657301902771,1.380643367767334,0.6075703501701355
2026-02-02,0.6946277618408203,155.20199584960938,107.79299926757812,1.1849182844161987,1.3679141998291016,0.6014494895935059
2026-02-03,0.6955500841140747,155.4429931640625,108.10800170898438,1.1798714399337769,1.367315649986267,0.6010915637016296
2026-02-04,0.7022520899772644,155.7989959716797,109.37999725341797,1.1816140413284302,1.3697504997253418,0.6042186617851257
2026-02-05,0.699440062046051,156.91700744628906,109.7490005493164,1.180163860321045,1.3644611835479736,0.5998188257217407
2026-02-06,0.6916399002075195,156.78399658203125,108.4260025024414,1.177786946296692,1.3520822525024414,0.5938912630081177
2026-02-09,0.7033699154853821,157.24400329589844,110.59300231933594,1.182578206062317,1.3608959913253784,0.6032381653785706
2026-02-10,0.7083597779273987,156.1320037841797,110.58799743652344,1.1904053688049316,1.368344783782959,0.605279266834259
2026-02-11,0.7074797749519348,154.48199462890625,109.28199768066406,1.1889617443084717,1.3634566068649292,0.6041712164878845
2026-02-12,0.7125298380851746,153.2689971923828,109.20099639892578,1.1876062154769897,1.362399697303772,0.6048911213874817
2026-02-13,0.7087101936340332,152.8209991455078,108.29900360107422,1.1868449449539185,1.3620266914367676,0.6032600402832031
2026-02-16,0.7070400714874268,152.7790069580078,108.01599884033203,1.1867464780807495,1.3647778034210205,0.6033801436424255
2026-02-17,0.7072985768318176,153.60899353027344,108.63899993896484,1.1849884986877441,1.3627691268920898,0.6032018065452576
2026-02-18,0.708320140838623,153.1490020751953,108.45999908447266,1.185185194015503,1.3564472198486328,0.6048911213874817
2026-02-19,0.704379141330719,154.6929931640625,108.9520034790039,1.1788839101791382,1.349582314491272,0.5967797636985779
2026-02-20,0.7056102752685547,155.16000366210938,109.4729995727539,1.1769136190414429,1.3461124897003174,0.5971004962921143
2026-02-23,0.7111399173736572,154.33900451660156,109.7509994506836,1.1834739446640015,1.3533265590667725,0.6003986597061157
2026-02-24,0.706070065498352,154.63499450683594,109.16000366210938,1.1793843507766724,1.34969162940979,0.596039891242981
2026-02-25,0.7060999870300293,155.8800048828125,110.03700256347656,1.1775233745574951,1.3497462272644043,0.5965590476989746
2026-02-26,0.7120498418807983,156.1999969482422,111.19000244140625,1.181516408920288,1.3558034896850586,0.6000888347625732
2026-02-27,0.71017986536026,155.85899353027344,110.68000030517578,1.1803030967712402,1.3491452932357788,0.5980217456817627
2026-03-02,0.7058109045028687,156.63299560546875,110.5459976196289,1.1759449243545532,1.3406623601913452,0.595770001411438
2026-03-03,0.710580050945282,157.2570037841797,111.73500061035156,1.1697274446487427,1.3410578966140747,0.5948804616928101
2026-03-04,0.7040701508522034,157.7729949951172,111.08000183105469,1.161224365234375,1.3353630304336548,0.5889108180999756
2026-03-05,0.7075998783111572,156.98300170898438,111.07099914550781,1.1635618209838867,1.3369520902633667,0.5937607288360596
2026-03-06,0.7011299729347229,157.53399658203125,110.4469985961914,1.1608065366744995,1.3357375860214233,0.5897687077522278
2026-03-09,0.6966199278831482,158.427001953125,110.35700225830078,1.152325987815857,1.3301055431365967,0.5850211381912231
2026-03-10,0.7068586349487305,157.84800720214844,111.56700134277344,1.1617234945297241,1.3424980640411377,0.5927084684371948
2026-03-11,0.712100088596344,158.11399841308594,112.55699920654297,1.1611299514770508,1.3419036865234375,0.5924416184425354
2026-03-12,0.7129209637641907,159.0749969482422,113.40299987792969,1.1543211936950684,1.338186502456665,0.5895600914955139
2026-03-13,0.7075298428535461,159.20599365234375,112.63400268554688,1.1521666049957275,1.335250735282898,0.5852998495101929
2026-03-16,0.7005700469017029,159.5679931640625,111.78099822998047,1.1435105800628662,1.3247665166854858,0.5797303318977356
2026-03-17,0.706848680973053,159.10499572753906,112.447998046875,1.1499539613723755,1.3314337730407715,0.5853704214096069
2026-03-18,0.710909903049469,158.88900756835938,112.947998046875,1.153948187828064,1.335951805114746,0.585919201374054
2026-03-19,0.7029501795768738,159.7949981689453,112.31099700927734,1.1464471817016602,1.32650625705719,0.5795589685440063
2026-03-20,0.708109974861145,157.9239959716797,111.81500244140625,1.157755732536316,1.342570185661316,0.5868303775787354
2026-03-23,0.7007802128791809,159.23399353027344,111.58100128173828,1.1560158729553223,1.3331555128097534,0.5831209421157837
2026-03-24,0.7006098031997681,158.47900390625,111.01000213623047,1.1607122421264648,1.342426061630249,0.5853601694107056
2026-03-25,0.6996901631355286,158.71800231933594,111.02999877929688,1.16146719455719,1.3416335582733154,0.5838086605072021
2026-03-26,0.6942901611328125,159.38400268554688,110.64600372314453,1.1561496257781982,1.336362361907959,0.5806391835212708
2026-03-27,0.6887398958206177,159.70399475097656,109.98300170898438,1.1535090208053589,1.3335645198822021,0.5761796236038208
2026-03-30,0.6850901246070862,160.23399353027344,109.76699829101562,1.149200677871704,1.3238370418548584,0.5727902054786682
2026-03-31,0.6845901012420654,159.84100341796875,109.40899658203125,1.1460003852844238,1.3172800540924072,0.5717389583587646
2026-04-01,0.692051112651825,158.57899475097656,109.70600128173828,1.1574207544326782,1.324327826499939,0.5756091475486755
2026-04-02,0.6923999190330505,158.68800354003906,109.84600067138672,1.159057378768921,1.3302648067474365,0.5750100612640381
2026-04-03,0.6911499500274658,159.49099731445312,110.2030029296875,1.1541746854782104,1.3230313062667847,0.5717801451683044
2026-04-06,0.6885501742362976,159.77999877929688,109.99600219726562,1.150999665260315,1.3186348676681519,0.5686697363853455
2026-04-07,0.6916901469230652,159.68299865722656,110.44400024414062,1.1541212797164917,1.3234164714813232,0.5714514255523682
2026-04-08,0.707679033279419,158.71600341796875,112.30799865722656,1.1686612367630005,1.3401771783828735,0.5809292793273926
2026-04-09,0.703937828540802,158.64199829101562,111.66999816894531,1.16593599319458,1.3394052982330322,0.5825400948524475
2026-04-10,0.7075698375701904,159.11199951171875,112.56700134277344,1.1691256761550903,1.3430029153823853,0.585048496723175
2026-04-13,0.7019898295402527,159.67999267578125,112.08100128173828,1.1675150394439697,1.339441180229187,0.5804302096366882
2026-04-14,0.7099298238754272,159.21400451660156,113.02300262451172,1.176885962486267,1.3515340089797974,0.5871990919113159
2026-04-15,0.7129300832748413,158.79200744628906,113.20099639892578,1.179940938949585,1.357533574104309,0.5903501510620117
2026-04-16,0.7175799012184143,158.8090057373047,113.95099639892578,1.1809163093566895,1.3573696613311768,0.5912192463874817
2026-04-17,0.7159000635147095,159.19500732421875,113.96199798583984,1.1782727241516113,1.3526124954223633,0.5886092185974121
2026-04-20,0.7134998440742493,159.16099548339844,113.52999877929688,1.1741223335266113,1.348435878753662,0.5865206122398376
2026-04-21,0.7174198627471924,158.843994140625,113.95099639892578,1.1784392595291138,1.3531250953674316,0.590639591217041
2026-04-22,0.7156198024749756,159.3730010986328,114.03800201416016,1.174425721168518,1.3509680032730103,0.5898104310035706
2026-04-23,0.7158001661300659,159.48800659179688,114.14199829101562,1.1706037521362305,1.3500378131866455,0.5905802845954895
2026-04-24,0.7129616141319275,159.7469940185547,113.86900329589844,1.16838800907135,1.3466380834579468,0.5853807330131531
2026-04-27,0.7143500447273254,159.5760040283203,113.97899627685547,1.1706448793411255,1.3515102863311768,0.5870887637138367
2026-04-28,0.7190897464752197,159.35699462890625,114.58399963378906,1.1723467111587524,1.3538211584091187,0.5912611484527588
2026-04-29,0.7187212109565735,159.552001953125,114.66300201416016,1.171783447265625,1.3524478673934937,0.588841438293457
2026-04-30,0.7131141424179077,160.1840057373047,114.15499877929688,1.168470025062561,1.3488596677780151,0.584050714969635
2026-05-01,0.720079779624939,156.97799682617188,113.02899932861328,1.172910451889038,1.3602666854858398,0.5906988978385925
2026-05-04,0.7212925553321838,156.8459930419922,113.08699798583984,1.1726628541946411,1.3581420183181763,0.5906500220298767
2026-05-05,0.7167482376098633,157.19400024414062,112.6500015258789,1.1691941022872925,1.353143334388733,0.58724045753479
2026-05-06,0.7203900218009949,157.677001953125,113.58200073242188,1.1715774536132812,1.3568705320358276,0.5903292298316956
2026-05-07,0.7235099673271179,156.50799560546875,113.22899627685547,1.1747430562973022,1.3591758012771606,0.5953586101531982
2026-05-08,0.7208600044250488,156.82899475097656,113.0469970703125,1.1731581687927246,1.3555645942687988,0.5938488841056824
2026-05-11,0.7236999869346619,156.85800170898438,113.4729995727539,1.176885962486267,1.3594714403152466,0.5950397253036499
2026-05-12,0.7246218919754028,157.2310028076172,113.93000030517578,1.177994966506958,1.360470175743103,0.5965298414230347
2026-05-13,0.7237801551818848,157.67100524902344,114.10199737548828,1.1735436916351318,1.3537001609802246,0.5952416062355042
2026-05-14,0.7254998683929443,157.8509979248047,114.49199676513672,1.1716049909591675,1.352630853652954,0.5931690335273743
2026-05-15,0.7214298844337463,158.3820037841797,114.21199798583984,1.166208028793335,1.3391362428665161,0.5903501510620117
2026-05-18,0.7130200862884521,158.843994140625,113.2509994506836,1.161440134048462,1.330849051475525,0.5832604169845581
2026-05-19,0.7172901630401611,158.86099243164062,113.90699768066406,1.1655147075653076,1.3432012796401978,0.5874301791191101
2026-05-20,0.7106598019599915,159.03500366210938,112.97899627685547,1.1607122421264648,1.3396027088165283,0.5833386778831482
2026-05-21,0.7150007486343384,158.88800048828125,113.58300018310547,1.1625338792800903,1.3433998823165894,0.5868303775787354
2026-05-22,0.7148299813270569,159.01800537109375,113.66400146484375,1.1621150970458984,1.3432555198669434,0.5878514647483826
2026-05-25,0.7157202363014221,158.9459991455078,113.75700378417969,1.164225697517395,1.34816312789917,0.5873000621795654
2026-05-26,0.717029869556427,158.95399475097656,113.91000366210938,1.1637378931045532,1.3496370315551758,0.5862111449241638
2026-05-27,0.717079758644104,159.2429962158203,114.18399810791016,1.1636837720870972,1.345532774925232,0.5842486619949341
2026-05-28,0.7133201360702515,159.5679931640625,113.81199645996094,1.1617909669876099,1.3416515588760376,0.5892404317855835
2026-05-29,0.7164201736450195,159.27000427246094,114.05999755859375,1.1652837991714478,1.3444474935531616,0.594569206237793
2026-06-01,0.7180498242378235,159.35299682617188,114.41799926757812,1.164890170097351,1.345152735710144,0.5981684327125549
2026-06-02,0.7164298892021179,159.63600158691406,114.36900329589844,1.1635483503341675,1.3460001945495605,0.5935704112052917
2026-06-03,0.7174115777015686,159.96800231933594,114.75900268554688,1.1622096300125122,1.3454241752624512,0.5922486186027527
2026-06-04,0.7134499549865723,159.94000244140625,114.09100341796875,1.160941243171692,1.3427144289016724,0.5871197581291199
2026-06-05,0.7132158875465393,159.99000549316406,114.05799865722656,1.1612648963928223,1.3427000045776367,0.5869888067245483
2026-06-08,0.7043498158454895,160.32699584960938,112.91272735595703,1.1522595882415771,1.3335645198822021,0.5796698331832886
2026-06-09,0.704049825668335,160.1739959716797,112.74600219726562,1.1528440713882446,1.3333333730697632,0.5803594589233398
2026-06-10,0.7023113369941711,160.38400268554688,112.62699890136719,1.1535356044769287,1.3372201919555664,0.5807504653930664
2026-06-11,0.6994200348854065,160.52699279785156,112.26799774169922,1.1535621881484985,1.3362016677856445,0.5794313549995422
2026-06-12,0.7047901749610901,160.1300048828125,112.84100341796875,1.157594919204712,1.341381549835205,0.5832808613777161
2026-06-15,0.7075197696685791,159.9550018310547,113.16400146484375,1.1603081226348877,1.344971776008606,0.585538387298584
2026-06-16,0.7073001265525818,160.22900390625,113.31700134277344,1.1594202518463135,1.341599464416504,0.5827913284301758
2026-06-17,0.7065500020980835,160.41900634765625,113.33499908447266,1.1609952449798584,1.3426424264907837,0.5831209421157837
2026-06-18,0.7018499374389648,160.60000610351562,112.70999908447266,1.150734782218933,1.3301233053207397,0.5774805545806885
2026-06-19,0.7013099789619446,161.28900146484375,113.10399627685547,1.1458560228347778,1.3202017545700073,0.57548987865448
2026-06-22,0.7002899646759033,161.43299865722656,113.03900146484375,1.1462763547897339,1.3207945823669434,0.5734602212905884
2026-06-23,0.6994621157646179,161.57000732421875,113.00499725341797,1.1427135467529297,1.3247138261795044,0.5711707472801208
2026-06-24,0.6915600895881653,161.5989990234375,111.7040023803711,1.1379542350769043,1.3200099468231201,0.5664695501327515
2026-06-25,0.6900001764297485,161.76300048828125,111.59200286865234,1.1354217529296875,1.3166556358337402,0.5644615292549133
2026-06-26,0.6900501847267151,161.80499267578125,111.62699890136719,1.1361699104309082,1.318791389465332,0.5643309354782104
2026-06-29,0.6896218657493591,161.78700256347656,111.56700134277344,1.1385631561279297,1.319713830947876,0.5640698671340942
2026-06-30,0.6882398128509521,161.92300415039062,111.43199920654297,1.1422044038772583,1.325398564338684,0.5651313662528992
2026-07-01,0.6912999749183655,162.6280059814453,112.375,1.1413310766220093,1.325065016746521,0.5675304532051086
2026-07-02,0.6892097592353821,162.53900146484375,111.99199676513672,1.13779878616333,1.3279330730438232,0.5675497651100159
2026-07-03,0.6916002035140991,161.44900512695312,111.6520004272461,1.1422696113586426,1.3338704109191895,0.5692912936210632
2026-07-06,0.6937001347541809,161.45199584960938,111.98999786376953,1.1437721252441406,1.335309624671936,0.5706000924110413
2026-07-07,0.6955297589302063,162.08799743652344,112.72899627685547,1.144177794456482,1.3397893905639648,0.5701611638069153
2026-07-08,0.6922600269317627,162.36300659179688,112.38200378417969,1.140380859375,1.3348907232284546,0.567659318447113
2026-07-09,0.6936299204826355,162.53900146484375,112.73100280761719,1.1422044038772583,1.339620590209961,0.5715788006782532
2026-07-10,0.6944401264190674,162.36300659179688,112.72200012207031,1.1433405876159668,1.3415615558624268,0.5762293934822083
2026-07-13,0.6942197680473328,161.8780059814453,112.37000274658203,1.1404459476470947,1.3386881351470947,0.5758709907531738
2026-07-14,0.6918213367462158,162.4290008544922,112.36299896240234,1.1384334564208984,1.3347926139831543,0.5763389468193054
2026-07-15,0.6976497769355774,162.18699645996094,113.14299774169922,1.1424654722213745,1.3397103548049927,0.5813513994216919
2026-07-16,0.7008101344108582,162.07200622558594,113.5459976196289,1.1470258235931396,1.3541291952133179,0.5847799181938171
2026-07-17,0.6999399662017822,162.37600708007812,113.61900329589844,1.1444659233093262,1.3478904962539673,0.5841804146766663
2026-07-20,0.6979097723960876,162.51199340820312,113.41000366210938,1.142765760421753,1.3446282148361206,0.5839995741844177
2026-07-21,0.700079083442688,162.48699951171875,113.7300033569336,1.1418131589889526,1.3431652784347534,0.5852916240692139
2026-07-22,0.7000800967216492,163.18600463867188,114.23100280761719,1.140380859375,1.3379179239273071,0.5826215744018555
2026-07-23,0.6989697813987732,163.08099365234375,113.98100280761719,1.1411746740341187,1.337524175643921,0.581429123878479
2026-07-24,0.6967198848724365,163.83200073242188,114.1435546875,1.137682318687439,1.3312742710113525,0.5774105191230774
2026-07-27,0.699440062046051,163.61099243164062,114.43000030517578,1.1394972801208496,1.335131287574768,0.5798513293266296
2026-07-28,0.6987192630767822,163.77099609375,114.4229965209961,1.1369450092315674,1.3289920091629028,0.5770406723022461
2026-07-29,0.6974599957466125,163.86399841308594,114.28500366210938,1.1386538743972778,1.3287270069122314,0.5782185196876526
2026-07-30,0.695928156375885,163.3000030517578,113.63099670410156,1.1467232704162598,1.3367303609848022,0.5802584886550903
2026-07-31,0.7025185227394104,160.18299865722656,112.50900268554688,1.1523525714874268,1.3460942506790161,0.5875406265258789
2026-08-03,0.7045875787734985,157.58200073242188,111.01799774169922,1.154401183128357,1.34916353225708,0.5898382663726807
2026-08-04,0.6997601389884949,157.5290069580078,110.22799682617188,1.150734782218933,1.3427000045776367,0.5866995453834534
2026-08-05,0.7046700119972229,157.69200134277344,111.12100219726562,1.153242826461792,1.3450984954833984,0.5876303911209106
2026-08-06,0.7057301998138428,157.60000610351562,111.22000122070312,1.1557353734970093,1.3469645977020264,0.5887513160705566
2026-08-07,0.7033402323722839,158.40899658203125,111.41200256347656,1.1524720191955566,1.345532774925232,0.5868303775787354
2026-08-10,0.7063493728637695,157.89100646972656,111.51899719238281,1.155641794204712,1.34907066822052,0.5887998342514038
2026-08-11,0.7055301070213318,159.156005859375,112.28299713134766,1.1546411514282227,1.3511322736740112,0.5888206362724304
2026-08-12,0.7063997387886047,159.26499938964844,112.50199890136719,1.1543744802474976,1.3509862422943115,0.5880000591278076
2026-08-13,0.7063897848129272,159.3280029296875,112.51000213623047,1.1530035734176636,1.3497827053070068,0.5861115455627441
2026-08-14,0.7063698172569275,159.42599487304688,112.60900115966797,1.1535356044769287,1.3490725755691528,0.5854492783546448
2026-08-17,0.7085198760032654,159.22300720214844,112.80500030517578,1.1573940515518188,1.3546648025512695,0.5890911817550659
2026-08-18,0.7108199596405029,159.33999633789062,113.25399780273438,1.1582788228988647,1.3550318479537964,0.5905907154083252
2026-08-19,0.7081500887870789,159.5500030517578,112.97899627685547,1.1579434871673584,1.3536745309829712,0.5872901082038879
2026-08-20,0.7125044465065002,158.2760009765625,112.72899627685547,1.1673787832260132,1.3599891662597656,0.5935810208320618
2026-08-21,0.7119398713111877,158.88299560546875,113.10399627685547,1.1687841415405273,1.364349603652954,0.5954011082649231
2026-08-24,0.7171398997306824,158.9040069580078,113.95099639892578,1.1681560277938843,1.3653554916381836,0.5977500677108765
2026-08-25,0.7154815793037415,159.13900756835938,113.8489990234375,1.1668338775634766,1.3638285398483276,0.5966017842292786
2026-08-26,0.7165325880050659,159.22300720214844,114.05899810791016,1.1674741506576538,1.3647032976150513,0.5976000428199768
2026-08-27,0.7181498408317566,159.2550048828125,114.35700225830078,1.1654876470565796,1.3596932888031006,0.5948415398597717
2026-08-28,0.7195098996162415,159.3209991455078,114.62300109863281,1.1656370162963867,1.3597116470336914,0.5954897403717041
2026-08-31,0.7163000702857971,160.1219940185547,114.63700103759766,1.1588962078094482,1.3540412187576294,0.5919997096061707
2026-09-01,0.7172999382019043,159.7469940185547,114.54299926757812,1.1617640256881714,1.3550136089324951,0.5922310948371887
2026-09-02,0.7147099375724792,160.1959991455078,114.48899841308594,1.1595547199249268,1.3515340089797974,0.5895600914955139
2026-09-03,0.7163600921630859,158.92300415039062,113.83999633789062,1.1585336923599243,1.3483631610870361,0.5851101279258728
2026-09-04,0.7201300859451294,155.66000366210938,112.09300231933594,1.1628313064575195,1.353179931640625,0.5885607600212097
2026-09-07,0.7206376194953918,156.19700622558594,112.55599975585938,1.1613997220993042,1.3517167568206787,0.5882906913757324
2026-09-08,0.722089946269989,153.85499572753906,111.09200286865234,1.1627637147903442,1.3546831607818604,0.5882802605628967
2026-09-09,0.7220399379730225,153.47799682617188,110.81700134277344,1.1627366542816162,1.3544628620147705,0.585871160030365
2026-09-10,0.722089946269989,153.572998046875,110.88500213623047,1.1633858680725098,1.3551971912384033,0.584480881690979
2026-09-11,0.7161784768104553,154.43800354003906,110.55699920654297,1.16130530834198,1.3511687517166138,0.580720067024231
