Date,AAPL,SPY,TSLA,XLB,XLC,XLE,XLF,XLI,XLK,XLP,XLRE,XLU,XLV,XLY
2020-01-02,72.27154541015625,295.39178466796875,28.68400001525879,26.54339599609375,50.75236892700195,23.05183219909668,27.449329376220703,74.76515197753906,44.18986892700195,52.28094482421875,30.488590240478516,25.90777015686035,91.55043029785156,59.90361785888672
2020-01-03,71.56892395019531,293.1549987792969,29.534000396728516,26.114852905273438,50.42498779296875,22.983339309692383,27.157880783081055,74.62105560302734,43.69302749633789,52.19727325439453,30.71194839477539,25.960554122924805,90.75259399414062,59.39384460449219
2020-01-06,72.1391830444336,294.2734069824219,30.1026668548584,26.00115966796875,51.098453521728516,23.16218376159668,27.140216827392578,74.6480712890625,43.79711151123047,52.30604553222656,30.719924926757812,25.984914779663086,91.31735229492188,59.559043884277344
2020-01-07,71.7999267578125,293.4459533691406,31.270666122436523,25.970550537109375,51.16392517089844,23.101301193237305,26.96357536315918,74.49494934082031,43.7781982421875,51.9044075012207,30.384891510009766,25.94837188720703,91.13807678222656,59.46465301513672
2020-01-08,72.95489501953125,295.0098876953125,32.80933380126953,26.062381744384766,51.528709411621094,22.720783233642578,27.140216827392578,74.74714660644531,44.246646881103516,52.096858978271484,30.53645896911621,25.936195373535156,91.72969055175781,59.644004821777344
2020-01-09,74.50454711914062,297.0102844238281,32.089332580566406,26.15858268737793,51.79996109008789,22.888208389282227,27.308021545410156,75.0623779296875,44.74820327758789,52.46502685546875,30.528478622436523,26.07829475402832,92.1241226196289,59.96025848388672
2020-01-10,74.67298889160156,296.15557861328125,31.876667022705078,26.05363655090332,51.59418487548828,22.75882911682129,27.10488510131836,74.53099822998047,44.644107818603516,52.43156433105469,30.823625564575195,26.147319793701172,92.1510009765625,59.63456726074219
2020-01-13,76.26830291748047,298.1922607421875,34.990665435791016,26.390342712402344,52.08057403564453,22.766447067260742,27.290361404418945,75.1434555053711,45.202457427978516,52.77463912963867,31.198562622070312,26.3056640625,91.82830810546875,59.82337188720703
2020-01-14,75.23844146728516,297.7376708984375,35.861331939697266,26.281023025512695,51.949623107910156,22.770248413085938,27.237363815307617,75.15247344970703,44.98952865600586,52.791378021240234,31.046993255615234,26.38280487060547,92.38409423828125,59.804500579833984
2020-01-15,74.91602325439453,298.4105224609375,34.56666564941406,26.46030616760254,52.20216751098633,22.60282325744629,27.08722496032715,75.26953125,45.04157257080078,53.16792678833008,31.26236915588379,26.75227928161621,93.18186950683594,59.6676139831543
2020-01-16,75.85444641113281,300.8927917480469,34.232666015625,26.617727279663086,52.604366302490234,22.640867233276367,27.325685501098633,76.01708984375,45.64723205566406,53.31017303466797,31.54157257080078,26.918746948242188,93.66593933105469,60.200992584228516
2020-01-17,76.69422149658203,301.8292541503906,34.03333282470703,26.735803604125977,53.01594161987305,22.49627113342285,27.40517234802246,76.02610778808594,45.954811096191406,53.402198791503906,31.581462860107422,27.10551643371582,93.66593933105469,60.413387298583984
2020-01-21,76.17447662353516,301.2384033203125,36.47999954223633,26.447185516357422,52.96916580200195,22.092926025390625,27.1755428314209,75.1884765625,45.93587112426758,53.5862922668457,31.900550842285156,27.353185653686523,93.76455688476562,60.22930908203125
2020-01-22,76.44638061523438,301.2746887207031,37.97066879272461,26.342243194580078,52.94110870361328,21.879831314086914,27.255029678344727,74.79217529296875,46.10148620605469,53.62813949584961,31.64527130126953,27.43844985961914,93.88105773925781,60.200992584228516
2020-01-23,76.81452178955078,301.6202087402344,38.14666748046875,26.31163215637207,52.72597122192383,21.796119689941406,27.184370040893555,75.602783203125,46.319149017333984,53.577938079833984,31.948408126831055,27.682050704956055,93.40597534179688,60.29067611694336
2020-01-24,76.59314727783203,298.9378662109375,37.654666900634766,26.123598098754883,52.08993148803711,21.54497718811035,26.839937210083008,75.25152587890625,46.10148620605469,53.20977020263672,31.900550842285156,27.755136489868164,91.84622955322266,59.45049285888672
2020-01-27,74.34091186523438,294.1460876464844,37.201332092285156,25.559494018554688,51.27616882324219,20.947559356689453,26.424842834472656,73.82846069335938,45.00371170043945,53.04240417480469,31.76493263244629,27.686113357543945,91.14704132080078,58.56309127807617
2020-01-28,76.44397735595703,297.2284851074219,37.793331146240234,25.848108291625977,51.865447998046875,21.042694091796875,26.73395347595215,74.30580139160156,45.864906311035156,53.10934829711914,31.844696044921875,27.799800872802734,91.5952377319336,59.13423156738281
2020-01-29,78.04411315917969,296.98297119140625,38.732666015625,25.931188583374023,51.78125762939453,20.821990966796875,26.689790725708008,74.70211791992188,45.983192443847656,52.841583251953125,31.677183151245117,27.872880935668945,91.34425354003906,59.1011962890625
2020-01-30,77.93102264404297,297.9468078613281,42.72066879272461,25.769393920898438,51.257469177246094,20.989421844482422,27.025402069091797,74.78317260742188,46.38066864013672,53.469146728515625,31.748981475830078,28.132732391357422,90.68090057373047,59.0020637512207
2020-01-31,74.47566223144531,292.5366516113281,43.371334075927734,25.20092010498047,50.42498779296875,20.33492660522461,26.460166931152344,73.05387115478516,45.107818603515625,52.86668395996094,31.294288635253906,28.00686264038086,88.87012481689453,59.15311813354492
2020-02-03,74.27112579345703,294.70977783203125,52.0,25.73004150390625,51.023616790771484,20.06856918334961,26.6456298828125,73.02684783935547,45.704010009765625,52.86668395996094,31.326189041137695,28.0961856842041,89.67691040039062,59.57320785522461
2020-02-04,76.72309875488281,299.20159912109375,59.137332916259766,26.18482208251953,51.55677032470703,20.140865325927734,26.901758193969727,74.4048843383789,46.901161193847656,53.18465805053711,31.7330265045166,27.8160343170166,91.25460815429688,60.65884780883789
2020-02-05,77.34870147705078,302.6568298339844,48.97999954223633,26.670209884643555,51.64096450805664,20.89809226989746,27.44049835205078,75.64781188964844,47.175601959228516,53.61139678955078,31.70909881591797,27.929723739624023,93.01156616210938,60.96564865112305
2020-02-06,78.25344848632812,303.6751708984375,49.930667877197266,26.657085418701172,52.28636169433594,20.68500328063965,27.40517234802246,75.89099884033203,47.60618591308594,53.70344543457031,31.844696044921875,27.93784523010254,93.09222412109375,60.82877731323242
2020-02-07,77.18978881835938,302.0566711425781,49.871334075927734,26.27665138244629,52.24894332885742,20.5404109954834,27.308021545410156,75.34160614013672,47.170867919921875,53.77039337158203,31.86065673828125,27.848520278930664,92.36618041992188,60.56444549560547
2020-02-10,77.55642700195312,304.3116149902344,51.41866683959961,26.26353645324707,52.55760955810547,20.437667846679688,27.387508392333984,75.76490783691406,47.809661865234375,53.996315002441406,32.22761154174805,27.954082489013672,92.8591537475586,61.248863220214844
2020-02-11,77.08849334716797,304.8390197753906,51.62533187866211,26.407833099365234,52.50148010253906,20.665973663330078,27.484655380249023,76.05313110351562,47.648773193359375,53.795494079589844,32.61848068237305,28.055585861206055,93.41493225097656,61.73030471801758
2020-02-12,78.9191665649414,306.8030090332031,51.15266799926758,26.552139282226562,53.18429946899414,20.94375991821289,27.502317428588867,76.76466369628906,48.164527893066406,53.77039337158203,32.82590103149414,28.07588768005371,93.5314712524414,62.36281967163086
2020-02-13,78.357177734375,306.4756774902344,53.599998474121094,26.455936431884766,53.19365692138672,20.87906837463379,27.493484497070312,76.33234405517578,48.036781311035156,54.088356018066406,33.02530288696289,28.388521194458008,93.09222412109375,62.25425338745117
2020-02-14,78.3764877319336,306.9667053222656,53.33533477783203,26.46030616760254,53.259132385253906,20.768714904785156,27.528810501098633,76.23326110839844,48.24497985839844,54.2138671875,33.408226013183594,28.579347610473633,93.16395568847656,62.15985107421875
2020-02-18,76.94136810302734,306.1756286621094,57.22666549682617,26.394716262817383,53.61455535888672,20.597482681274414,27.290361404418945,75.80093383789062,48.06517028808594,54.02141571044922,33.37630844116211,28.818893432617188,92.83228302001953,62.155155181884766
2020-02-19,78.05567932128906,307.6394958496094,61.16133117675781,26.464679718017578,53.857757568359375,20.871458053588867,27.493484497070312,75.77391815185547,48.63771057128906,53.962852478027344,32.905662536621094,28.506263732910156,93.26255798339844,62.43364715576172
2020-02-20,77.25489807128906,306.3756103515625,59.96066665649414,26.508411407470703,53.30588912963867,20.8486270904541,27.44049835205078,75.66584014892578,48.13141632080078,54.00468826293945,33.27260971069336,28.607765197753906,92.66195678710938,62.457218170166016
2020-02-21,75.50623321533203,303.2205505371094,60.06666564941406,26.385969161987305,52.49213790893555,20.601289749145508,27.1755428314209,75.28755950927734,47.05257797241211,54.096717834472656,33.4481086730957,28.55498695373535,92.71575164794922,61.503746032714844
2020-02-24,71.9196548461914,293.1640625,55.58599853515625,25.642576217651367,50.733665466308594,19.649995803833008,26.292362213134766,73.14393615722656,45.107818603515625,52.84994888305664,33.00139236450195,28.222061157226562,89.7934341430664,59.38911819458008
2020-02-25,69.48359680175781,284.2806091308594,53.32733154296875,24.53624725341797,49.377403259277344,18.782411575317383,25.400346755981445,70.16272735595703,43.66462707519531,51.896034240722656,32.17176818847656,27.629270553588867,87.0683364868164,57.80314254760742
2020-02-26,70.58585357666016,283.2348937988281,51.91999816894531,24.45315170288086,49.28385925292969,18.215438842773438,25.214879989624023,69.63130950927734,43.86336898803711,51.603179931640625,31.892566680908203,27.3491268157959,87.05938720703125,57.34528732299805
2020-02-27,65.97179412841797,270.5142822265625,45.266666412353516,23.307458877563477,47.33832550048828,17.241313934326172,24.137392044067383,67.0463638305664,41.49748992919922,49.50289535522461,30.08972930908203,26.1189022064209,84.10124969482422,55.02769088745117
2020-02-28,65.93319702148438,269.3778381347656,44.53266525268555,23.0538387298584,47.4786376953125,17.226091384887695,23.483837127685547,65.82144165039062,41.81452178955078,48.52388000488281,29.347862243652344,25.2459716796875,83.01659393310547,54.67367935180664
2020-03-02,72.07162475585938,281.0436706542969,49.574668884277344,24.04210662841797,49.12485122680664,17.92243766784668,24.684965133666992,68.13618469238281,44.23243713378906,51.117855072021484,30.807676315307617,26.731977462768555,86.90699768066406,56.55229949951172
2020-03-03,69.78266143798828,272.99664306640625,49.70066833496094,23.832204818725586,47.50668716430664,17.37449073791504,23.757619857788086,66.46992492675781,42.552669525146484,50.42333221435547,30.78374481201172,26.40311050415039,84.74666595458984,55.18346405029297
2020-03-04,73.01953887939453,284.4715270996094,49.96666717529297,24.820478439331055,49.2183952331543,17.78544807434082,24.543657302856445,69.21698760986328,44.37913513183594,52.90015411376953,31.980314254760742,27.90130043029785,89.6321029663086,57.090396881103516
2020-03-05,70.65098571777344,275.01519775390625,48.30266571044922,24.033355712890625,47.42250442504883,17.134761810302734,23.360193252563477,65.8304443359375,42.97853469848633,51.9044075012207,31.246414184570312,27.470932006835938,87.55241394042969,54.961605072021484
2020-03-06,69.71270751953125,270.4688720703125,46.89866638183594,23.408037185668945,46.59938049316406,16.17205238342285,22.565324783325195,65.25401306152344,42.070045471191406,51.49440002441406,30.71194839477539,27.24761962890625,87.08628845214844,54.116695404052734
2020-03-09,64.19900512695312,249.3468475341797,40.53333282470703,21.217220306396484,43.494022369384766,12.914810180664062,20.14540672302246,59.23749542236328,38.8760986328125,49.25187683105469,28.54216957092285,25.765666961669922,82.55941772460938,50.708744049072266
2020-03-10,68.8227310180664,262.2492370605469,43.02199935913086,22.07868003845215,45.71079635620117,13.527443885803223,21.328868865966797,62.308807373046875,41.46910858154297,50.66600036621094,29.93020248413086,26.005218505859375,85.39208984375,53.512516021728516
2020-03-11,66.43248748779297,249.46498107910156,42.28200149536133,21.029193878173828,43.746559143066406,12.812067031860352,20.17190170288086,58.652069091796875,39.510154724121094,48.180816650390625,28.326786041259766,24.697853088378906,82.12914276123047,50.58601760864258
2020-03-12,59.871952056884766,225.59686279296875,37.369998931884766,19.00454330444336,39.64035415649414,11.213891983032227,17.990442276000977,52.58149719238281,35.653778076171875,43.653926849365234,25.893766403198242,22.204919815063477,75.99769592285156,45.47407150268555
2020-03-13,67.04511260986328,244.8822784423828,36.44133377075195,20.33827018737793,43.20405197143555,12.248900413513184,20.35736656188965,56.688575744628906,39.83664321899414,47.3691520690918,28.167247772216797,23.41484260559082,81.26858520507812,48.287296295166016
2020-03-16,58.419960021972656,218.08636474609375,29.67133331298828,18.0993595123291,38.33086395263672,10.582229614257812,17.566511154174805,50.25775146484375,34.3336067199707,44.15597915649414,23.66016960144043,20.755456924438477,73.25467681884766,42.16995620727539
2020-03-17,60.98869705200195,229.86129760742188,28.68000030517578,19.21881675720215,39.99577331542969,10.65452766418457,18.520353317260742,52.572479248046875,36.67110824584961,47.87957000732422,25.09605598449707,23.410781860351562,77.85324096679688,43.79369354248047
2020-03-18,59.495689392089844,218.22274780273438,24.08133316040039,17.990034103393555,38.66757583618164,9.124841690063477,16.948280334472656,48.699581146240234,35.28943634033203,46.6495361328125,23.33310890197754,22.391685485839844,75.27159881591797,41.27783966064453
2020-03-19,59.039833068847656,218.68646240234375,28.50933265686035,18.449188232421875,39.3597412109375,9.745089530944824,17.319225311279297,48.73561096191406,35.41719436645508,45.09315490722656,22.96615982055664,21.0883846282959,73.72977447509766,42.717491149902344
2020-03-20,55.291656494140625,209.2623291015625,28.50200080871582,17.78888511657715,37.61998748779297,9.840217590332031,16.700992584228516,46.29478073120117,33.794193267822266,42.17285919189453,21.665882110595703,19.41560173034668,70.8971176147461,41.44776916503906
2020-03-23,54.117027282714844,203.91188049316406,28.952667236328125,16.88204574584961,37.81977462768555,9.169522285461426,15.729268074035645,44.26704025268555,33.48550796508789,40.92483139038086,20.461959838867188,18.424854278564453,67.21480560302734,41.51607131958008
2020-03-24,59.546348571777344,222.38699340820312,33.66666793823242,18.867399215698242,40.14599609375,10.640070915222168,17.679841995239258,49.86735534667969,36.9149055480957,43.01189041137695,22.24614715576172,20.405532836914062,72.39418029785156,45.41012954711914
2020-03-25,59.218318939208984,225.71615600585938,35.95000076293945,19.307607650756836,39.526912689208984,11.141922950744629,18.16080093383789,52.49052810668945,36.867347717285156,42.89407730102539,23.234689712524414,20.926332473754883,73.35799407958984,46.206974029541016
2020-03-26,62.33456039428711,238.8956756591797,35.21066665649414,20.21443748474121,41.77810287475586,11.822732925415039,19.300859451293945,55.80351638793945,39.15044021606445,45.242008209228516,25.01887321472168,22.710180282592773,78.23110961914062,48.11842346191406
2020-03-27,59.75377655029297,231.77999877929688,34.29066848754883,19.483694076538086,40.10847473144531,11.021321296691895,18.71302032470703,53.45265197753906,37.38104248046875,45.031612396240234,25.083175659179688,22.833202362060547,76.5556869506836,46.50577926635742
2020-03-30,61.459022521972656,239.30718994140625,33.47533416748047,20.104387283325195,41.571739196777344,11.134142875671387,19.06928825378418,54.233253479003906,38.955448150634766,46.79046630859375,25.73416519165039,23.67796516418457,80.14071655273438,47.478111267089844
2020-03-31,61.33359146118164,235.74021911621094,34.93333435058594,19.827058792114258,41.49669647216797,11.305317878723145,18.543792724609375,53.56157302856445,38.227699279785156,45.83951187133789,24.914398193359375,22.722482681274414,79.7894287109375,46.5200080871582
2020-04-01,58.106414794921875,225.13079833984375,32.104000091552734,18.93343162536621,39.8458366394043,10.745108604431152,17.412635803222656,51.14717102050781,36.40597152709961,45.06527328491211,23.40346336364746,21.356924057006836,76.75386047363281,44.442543029785156
2020-04-02,59.07600784301758,230.3258056640625,30.29800033569336,19.219568252563477,40.35234451293945,11.729365348815918,17.849071502685547,51.827938079833984,37.257381439208984,46.21820831298828,23.749053955078125,22.025346755981445,78.87968444824219,44.608551025390625
2020-04-03,58.22700500488281,226.99661254882812,32.000667572021484,18.757347106933594,39.53630065917969,11.60487174987793,17.492799758911133,51.13811111450195,36.68183898925781,46.580078125,23.54813003540039,21.23799705505371,78.16803741455078,43.83069610595703
2020-04-06,63.30659103393555,242.24307250976562,34.41600036621094,20.152816772460938,42.1439208984375,12.2195463180542,18.748645782470703,54.678009033203125,39.81159973144531,48.313682556152344,25.2519474029541,22.878305435180664,82.26654052734375,47.478111267089844
2020-04-07,62.57333755493164,242.4900665283203,36.36333465576172,20.689868927001953,42.453453063964844,12.480198860168457,18.935688018798828,54.55093002319336,39.454856872558594,47.75826644897461,25.25998878479004,22.59125518798828,81.59095001220703,48.18482208251953
2020-04-08,64.1749038696289,250.63011169433594,36.589332580566406,21.702350616455078,43.36330032348633,13.312728881835938,19.764015197753906,56.52965545654297,40.51554489135742,48.465171813964844,27.156700134277344,23.82149887084961,84.95077514648438,49.702613830566406
2020-04-09,64.63797760009766,254.44403076171875,38.20000076293945,22.635597229003906,43.682212829589844,13.192130088806152,20.82391357421875,57.382869720458984,40.52506637573242,48.91960144042969,28.555112838745117,24.945112228393555,85.41920471191406,50.59905242919922
2020-04-13,65.90665435791016,252.1209259033203,43.39666748046875,22.138160705566406,43.74787521362305,13.149337768554688,20.06684112548828,55.703670501708984,40.61543273925781,48.557735443115234,27.24510383605957,24.153661727905273,84.6715316772461,50.58481216430664
2020-04-14,69.23514556884766,259.556640625,47.32600021362305,22.424291610717773,45.042301177978516,13.0870943069458,20.15590476989746,56.765647888183594,42.3182487487793,50.61955261230469,28.153276443481445,24.863094329833984,87.48192596435547,52.56267166137695
2020-04-15,68.60322570800781,254.04153442382812,48.65533447265625,21.394208908081055,44.62021255493164,12.472417831420898,19.283048629760742,55.19538116455078,41.39549255371094,49.820064544677734,27.06829071044922,24.042936325073242,87.03155517578125,51.41011047363281
2020-04-16,69.1483154296875,255.2672119140625,49.680667877197266,21.27094268798828,44.79842758178711,11.939443588256836,18.944595336914062,54.70524597167969,41.89968490600586,50.14826965332031,26.8914794921875,24.047035217285156,88.93216705322266,52.02671432495117
2020-04-17,68.21009063720703,262.1633605957031,50.259334564208984,22.124954223632812,45.408111572265625,13.207691192626953,19.9421443939209,57.2739372253418,42.4561882019043,50.91408920288086,27.759469985961914,24.822084426879883,90.77872467041016,53.5634651184082
2020-04-20,66.79425811767578,257.5444641113281,49.75733184814453,21.57909393310547,44.99540328979492,12.795318603515625,19.594789505004883,55.749053955078125,41.7760124206543,49.91264724731445,26.73073959350586,23.88300895690918,90.05810546875,52.629085540771484
2020-04-21,64.72965240478516,249.7246551513672,45.781333923339844,21.046436309814453,43.579036712646484,12.569679260253906,18.962411880493164,54.43294143676758,40.02564239501953,48.85227584838867,26.336936950683594,23.489328384399414,87.31979370117188,51.26308059692383
2020-04-22,66.59406280517578,255.2672119140625,48.807334899902344,21.46023941040039,44.75153350830078,13.01706314086914,19.167259216308594,55.00476837158203,41.56672286987305,49.32355880737305,26.79503631591797,24.174161911010742,88.6529312133789,52.368221282958984
2020-04-23,66.33599853515625,255.24888610839844,47.04199981689453,21.609905242919922,45.07044219970703,13.437220573425293,19.087099075317383,55.440460205078125,41.281341552734375,48.88594055175781,26.48963165283203,23.76818084716797,89.13932037353516,52.35398864746094
2020-04-24,68.2510757446289,258.806640625,48.34333419799805,21.94886589050293,45.64262008666992,13.468344688415527,19.36321258544922,55.88521194458008,42.15652847290039,49.4077033996582,26.586074829101562,23.915809631347656,90.33734130859375,53.240943908691406
2020-04-27,68.29932403564453,262.53826904296875,53.25,22.534345626831055,46.017818450927734,13.760119438171387,20.02230453491211,57.2739372253418,42.51802062988281,49.55076599121094,27.35762596130371,24.165958404541016,91.49931335449219,54.23698043823242
2020-04-28,67.1922378540039,261.3310241699219,51.27466583251953,22.95254898071289,45.1829948425293,14.075238227844238,20.236068725585938,58.345001220703125,41.95200729370117,49.8284797668457,27.381731033325195,24.25617790222168,89.65277099609375,54.4504280090332
2020-04-29,69.399169921875,268.1722412109375,53.367332458496094,23.538026809692383,47.36851501464844,15.117847442626953,20.82391357421875,59.461429595947266,43.67383575439453,49.618099212646484,27.454063415527344,24.034738540649414,90.24726104736328,55.650421142578125
2020-04-30,70.86321258544922,265.6754150390625,52.12533187866211,22.838088989257812,47.162166595458984,14.78327751159668,20.29841423034668,58.28144836425781,43.47883987426758,49.02899932861328,27.26117515563965,23.481124877929688,89.83291625976562,55.30418014526367
2020-05-01,69.72237396240234,258.64202880859375,46.75466537475586,22.358264923095703,46.50557327270508,13.946858406066895,19.648223876953125,56.52057647705078,42.28495788574219,48.490413665771484,26.42534065246582,22.91521644592285,88.1214828491211,53.23619842529297
2020-05-04,70.70887756347656,259.3554382324219,50.74599838256836,22.43750762939453,46.777587890625,14.429254531860352,19.470088958740234,55.80351638793945,42.846214294433594,48.465171813964844,26.409259796142578,23.087451934814453,88.0764389038086,53.52552032470703
2020-05-05,71.77013397216797,261.7516784667969,51.2140007019043,22.49472999572754,47.02146530151367,14.440929412841797,19.407743453979492,56.02135467529297,43.43601989746094,48.50725173950195,26.578044891357422,23.276086807250977,89.98605346679688,53.719993591308594
2020-05-06,72.51058959960938,259.9773864746094,52.172000885009766,22.107343673706055,46.89015579223633,14.063568115234375,18.989131927490234,55.249839782714844,43.77372741699219,47.9770622253418,26.087791442871094,22.48463249206543,89.09430694580078,53.71049118041992
2020-05-07,73.26072692871094,263.1145324707031,52.00266647338867,22.56075668334961,47.771854400634766,14.429254531860352,19.43446159362793,55.894290924072266,44.43013000488281,47.84239959716797,26.32085418701172,22.574851989746094,89.0853042602539,54.55476379394531
2020-05-08,75.00444030761719,267.46807861328125,54.62799835205078,23.102222442626953,48.64419174194336,15.086724281311035,19.853076934814453,57.283023834228516,45.08176040649414,48.91118621826172,26.80307388305664,23.030040740966797,89.5447006225586,55.617218017578125
2020-05-11,76.1846694946289,267.52294921875,54.08599853515625,22.75004768371582,48.67232131958008,14.822182655334473,19.470088958740234,56.56595993041992,45.38141632080078,48.8438606262207,26.48160171508789,22.931617736816406,91.08497619628906,55.49390411376953
2020-05-12,75.31400299072266,262.19073486328125,53.96066665649414,22.40228843688965,47.72495651245117,14.561528205871582,18.962411880493164,54.977542877197266,44.44440460205078,48.431488037109375,25.35643196105957,22.730684280395508,89.69782257080078,54.27967071533203
2020-05-13,74.40464782714844,257.5536804199219,52.73066711425781,21.931262969970703,46.90890884399414,13.90017032623291,18.401281356811523,53.59788131713867,43.6786003112793,47.993892669677734,24.9545841217041,22.537948608398438,88.72498321533203,53.34527587890625
2020-05-14,74.86176300048828,260.6360168457031,53.55533218383789,22.199787139892578,47.41542434692383,14.055789947509766,18.873342514038086,54.1606330871582,44.23509216308594,47.876068115234375,24.986732482910156,22.779891967773438,89.69782257080078,54.14213180541992
2020-05-15,74.4191665649414,261.8340148925781,53.27799987792969,22.39348030090332,48.072017669677734,14.001320838928223,18.748645782470703,53.97002029418945,44.458656311035156,48.29685592651367,24.89832878112793,22.4764347076416,90.45443725585938,54.77294921875
2020-05-18,76.17257690429688,269.8094787597656,54.242000579833984,23.414766311645508,49.08504104614258,15.1450777053833,19.710573196411133,57.52808380126953,45.54789352416992,49.06266784667969,26.111900329589844,23.399110794067383,91.2020492553711,56.845672607421875
2020-05-19,75.732421875,267.0382385253906,53.867332458496094,23.190261840820312,49.07566452026367,14.72103500366211,19.229610443115234,56.79287338256836,45.38141632080078,48.162200927734375,25.605575561523438,23.013633728027344,90.1031494140625,56.6417121887207
2020-05-20,77.20526123046875,271.5746765136719,54.37066650390625,23.56003761291504,50.43574905395508,15.30847454071045,19.657129287719727,57.854854583740234,46.37551498413086,48.734466552734375,25.846681594848633,23.140762329101562,90.21123504638672,57.381629943847656
2020-05-21,76.62965393066406,269.69964599609375,55.17333221435547,23.335527420043945,50.079315185546875,15.063384056091309,19.594789505004883,57.990997314453125,45.7286376953125,48.19586181640625,25.718088150024414,22.907020568847656,89.5447006225586,57.585594177246094
2020-05-22,77.12306213378906,270.21185302734375,54.45866775512695,23.300308227539062,50.379478454589844,14.970014572143555,19.523530960083008,57.945621490478516,45.89512252807617,48.36417770385742,26.280672073364258,23.161270141601562,89.73385620117188,57.500213623046875
2020-05-26,76.60063934326172,273.5410461425781,54.591331481933594,23.938615798950195,50.52016830444336,15.386285781860352,20.538898468017578,60.37818145751953,45.84754180908203,48.62505340576172,27.116519927978516,23.312990188598633,89.57169342041016,58.410892486572266
2020-05-27,76.93437957763672,277.61102294921875,54.68199920654297,24.180728912353516,50.87660217285156,15.584689140319824,21.4295654296875,62.39319610595703,46.109161376953125,49.35720443725586,27.69516944885254,23.59185028076172,90.49947357177734,59.41167068481445
2020-05-28,76.96826171875,277.09881591796875,53.72066879272461,24.405237197875977,50.398231506347656,15.148970603942871,21.091115951538086,61.803226470947266,46.01877975463867,49.79481506347656,28.008607864379883,24.28898048400879,91.67948150634766,58.690731048583984
2020-05-29,76.89327239990234,278.3335266113281,55.66666793823242,24.40964126586914,50.67024612426758,15.078944206237793,20.850631713867188,61.421993255615234,46.59907150268555,49.845306396484375,27.847867965698242,24.477615356445312,92.78742980957031,58.90415573120117
2020-06-01,77.83891296386719,279.45843505859375,59.87333297729492,24.576927185058594,51.251792907714844,15.343487739562988,21.091115951538086,61.55815505981445,46.58479690551758,50.19034957885742,28.402416229248047,24.768774032592773,91.86864471435547,59.46385192871094
2020-06-02,78.19926452636719,281.7724304199219,58.770668029785156,25.021530151367188,51.458160400390625,15.7714204788208,21.26034164428711,62.356903076171875,47.02239227294922,50.325008392333984,28.587268829345703,24.928707122802734,92.40010833740234,59.971351623535156
2020-06-03,78.62975311279297,285.52239990234375,58.86399841308594,25.589405059814453,51.617610931396484,16.234371185302734,22.053037643432617,64.7894287109375,47.38863754272461,50.39231872558594,29.270404815673828,25.228065490722656,92.2199478149414,61.10495376586914
2020-06-04,77.95257568359375,284.7724304199219,57.62533187866211,25.681848526000977,51.23303985595703,16.23826026916504,22.534006118774414,65.47927856445312,46.99861145019531,50.14826965332031,28.723896026611328,24.7769775390625,91.49032592773438,60.7966423034668
2020-06-05,80.17273712158203,292.07098388671875,59.04399871826172,26.3377628326416,52.06785583496094,17.444272994995117,23.371232986450195,67.88460540771484,48.23529815673828,50.84676742553711,29.776731491088867,25.092737197875977,92.96757507324219,62.25277328491211
2020-06-08,80.64676666259766,295.6014099121094,63.327999114990234,26.37298011779785,53.04335403442383,18.230113983154297,23.816570281982422,69.24613189697266,48.47787857055664,51.39376449584961,30.427719116210938,25.76526641845703,93.60712432861328,63.20138168334961
2020-06-09,83.19341278076172,293.39715576171875,62.711334228515625,26.051624298095703,52.91204833984375,17.545419692993164,23.308887481689453,67.52154541015625,48.7061882019043,50.97299575805664,30.074087142944336,25.248567581176758,92.63426971435547,62.708091735839844
2020-06-10,85.33379364013672,291.7600402832031,68.336669921875,25.75667953491211,52.75258255004883,16.6817626953125,22.4360294342041,65.9058609008789,49.51953125,50.82994079589844,29.511510848999023,25.100936889648438,92.49016571044922,62.119956970214844
2020-06-11,81.23687744140625,274.9403381347656,64.85600280761719,23.766939163208008,50.32319259643555,15.110067367553711,20.601238250732422,61.27677917480469,46.679927825927734,48.90276336669922,27.687131881713867,24.120851516723633,87.34680938720703,58.8662223815918
2020-06-12,81.93822479248047,278.23291015625,62.35200119018555,24.22916030883789,50.76404571533203,15.491321563720703,21.22471809387207,62.465816497802734,47.28399658203125,48.91118621826172,28.56316566467285,24.059337615966797,87.9142837524414,59.44961929321289
2020-06-15,82.95158386230469,280.8304443359375,66.05999755859375,24.484474182128906,51.580101013183594,15.538004875183105,21.51864242553711,63.083030700683594,47.74062728881836,49.47502899169922,28.924816131591797,24.223373413085938,88.11247253417969,60.014041900634766
2020-06-16,85.1500015258789,286.23577880859375,65.47533416748047,24.995113372802734,52.0021858215332,15.985391616821289,21.857093811035156,64.31746673583984,48.75850296020508,50.2492561340332,29.407024383544922,24.334089279174805,90.28327941894531,61.27570724487305
2020-06-17,85.03148651123047,285.0468444824219,66.11933135986328,24.788219451904297,52.06785583496094,15.440747261047363,21.527542114257812,63.85456466674805,48.74899673461914,50.17351531982422,29.061443328857422,24.26028060913086,90.19322967529297,61.114437103271484
2020-06-18,85.06532287597656,285.15655517578125,66.9306640625,24.80583381652832,52.236690521240234,15.631375312805176,21.500822067260742,63.61853790283203,48.9677848815918,50.43440246582031,28.699785232543945,24.25617790222168,89.8869400024414,60.891502380371094
2020-06-19,84.57921600341797,283.5268859863281,66.72666931152344,24.73099708557129,52.09599304199219,15.394061088562012,21.358320236206055,62.83794403076172,48.63007736206055,50.17351531982422,28.41045570373535,23.575443267822266,90.75169372558594,60.41719436645508
2020-06-22,86.7921371459961,285.3458251953125,66.28800201416016,24.82261848449707,52.21065902709961,15.46537971496582,21.252540588378906,62.94371032714844,49.54630661010742,50.03019714355469,28.329458236694336,23.805356979370117,90.40343475341797,61.0380973815918
2020-06-23,88.64469909667969,286.6593933105469,66.78533172607422,24.880163192749023,52.54902648925781,15.481142044067383,21.35114288330078,62.95283508300781,49.904029846191406,49.95384979248047,28.224180221557617,23.565521240234375,90.79239654541016,61.51825714111328
2020-06-24,87.07992553710938,279.3470458984375,64.0566635131836,24.154251098632812,51.36476135253906,14.622170448303223,20.598209381103516,60.76476287841797,48.77840805053711,49.11423110961914,27.503395080566406,23.350500106811523,88.42240142822266,60.163333892822266
2020-06-25,88.2359619140625,282.3418273925781,65.73200225830078,24.455236434936523,51.59033966064453,14.901925086975098,21.144983291625977,61.43941116333008,49.403228759765625,49.46196365356445,27.79494857788086,23.061050415039062,89.29080200195312,60.2441520690918
2020-06-26,85.52484130859375,275.6358337402344,63.982666015625,24.118839263916016,49.31580352783203,14.385756492614746,20.239665985107422,60.29978561401367,48.43023681640625,48.452693939208984,27.317121505737305,22.817081451416016,88.20530700683594,58.83218765258789
2020-06-29,87.49593353271484,279.6869201660156,67.29000091552734,24.588027954101562,50.227500915527344,14.578828811645508,20.46375274658203,62.278175354003906,48.959651947021484,49.368656158447266,27.786849975585938,23.24712562561035,89.00132751464844,59.94939041137695
2020-06-30,88.2262954711914,283.26971435546875,71.98733520507812,24.942127227783203,50.79143142700195,14.91374683380127,20.741622924804688,62.63374328613281,49.83724594116211,49.73334884643555,28.19179344177246,23.333959579467773,90.52101135253906,60.71480941772461
2020-07-01,88.05941772460938,285.2539367675781,74.64199829101562,24.995243072509766,52.05086898803711,14.55124568939209,20.562353134155273,62.35111999511719,49.9183464050293,49.7757568359375,28.96117401123047,23.879779815673828,91.21755981445312,61.32809066772461
2020-07-02,88.05941772460938,286.8247375488281,80.57733154296875,25.46442985534668,51.88169860839844,14.712801933288574,20.58924674987793,62.889015197753906,50.209266662597656,50.03019714355469,28.863983154296875,23.941804885864258,91.90502166748047,61.57054138183594
2020-07-06,90.41502380371094,291.2525329589844,91.43866729736328,25.82738494873047,52.92497253417969,14.756136894226074,20.9836368560791,63.79157638549805,51.08688735961914,50.276145935058594,28.896381378173828,23.648225784301758,92.83674621582031,63.03005599975586
2020-07-07,90.13448333740234,288.2486572265625,92.65733337402344,25.83623695373535,52.77458953857422,14.287250518798828,20.55339241027832,62.56990432739258,50.552696228027344,50.73411560058594,28.426652908325195,23.553119659423828,92.03166961669922,62.041229248046875
2020-07-08,92.23371887207031,290.453369140625,91.05867004394531,25.46885871887207,53.24452590942383,14.275433540344238,20.768518447875977,62.56990432739258,51.37782287597656,50.606903076171875,28.410451889038086,23.763999938964844,92.04071044921875,62.70201873779297
2020-07-09,92.63035583496094,288.79986572265625,92.9520034790039,25.229835510253906,53.310333251953125,13.570130348205566,20.329303741455078,61.21147537231445,51.563838958740234,50.20828628540039,28.313268661499023,23.445606231689453,91.3170394897461,62.63071060180664
2020-07-10,92.79239654541016,291.74871826171875,102.97666931152344,25.668039321899414,54.23141860961914,14.003557205200195,21.028451919555664,62.00465774536133,51.549537658691406,51.13274002075195,28.345664978027344,23.888050079345703,91.0999526977539,63.37712097167969
2020-07-13,92.36432647705078,289.2223815917969,99.80400085449219,25.668039321899414,53.141151428222656,13.928690910339355,21.11809539794922,62.259952545166016,50.48114776611328,51.05641174316406,27.90023422241211,23.91286849975586,91.61553955078125,62.57365798950195
2020-07-14,93.89281463623047,292.970458984375,101.12000274658203,26.314281463623047,53.66748046875,14.417280197143555,21.225656509399414,63.60923767089844,51.06303787231445,51.80274963378906,28.17559242248535,24.13615608215332,93.43377685546875,63.196449279785156
2020-07-15,94.53852844238281,295.662109375,103.06732940673828,26.75690269470215,53.9870491027832,14.728556632995605,21.646940231323242,65.23210144042969,51.33967208862305,51.845157623291016,28.305173873901367,24.04104995727539,94.64588928222656,64.0997314453125
2020-07-16,93.37523651123047,294.6882629394531,100.04266357421875,26.845434188842773,54.08103561401367,14.661572456359863,21.646940231323242,65.25030517578125,50.7053108215332,51.95539855957031,27.97312355041504,24.3470401763916,94.49211120605469,63.928611755371094
2020-07-17,93.18660736083984,295.54254150390625,100.05599975585938,27.071170806884766,53.95884704589844,14.456680297851562,21.467670440673828,65.64234161376953,50.95333480834961,52.235286712646484,28.361862182617188,24.897001266479492,95.78569030761719,63.629085540771484
2020-07-20,95.1504135131836,297.9310607910156,109.53333282470703,26.836576461791992,54.60736083984375,14.216329574584961,21.369070053100586,64.84004211425781,52.25543975830078,51.70945739746094,28.094600677490234,24.570331573486328,95.767578125,64.64644622802734
2020-07-21,93.83717346191406,298.5649719238281,104.55733489990234,27.071170806884766,54.344207763671875,15.075294494628906,21.790353775024414,65.6970443725586,51.730770111083984,52.15895080566406,28.102705001831055,24.681974411010742,95.7042465209961,64.74629211425781
2020-07-22,94.10079956054688,300.2642517089844,106.15533447265625,27.38543701171875,54.40058898925781,14.89011001586914,21.790353775024414,66.225830078125,52.14573287963867,52.574520111083984,28.442848205566406,25.062402725219727,96.5635986328125,65.30253601074219
2020-07-23,89.8176498413086,296.68170166015625,100.87133026123047,27.30133819580078,53.5171012878418,14.86252498626709,21.80828857421875,66.02525329589844,50.79117202758789,52.761112213134766,28.297069549560547,25.09134292602539,96.12940216064453,64.32320404052734
2020-07-24,89.59515380859375,294.77093505859375,94.46666717529297,27.208385467529297,53.43250274658203,14.77978229522705,21.754501342773438,65.49647521972656,50.17589569091797,52.693267822265625,28.183691024780273,24.925945281982422,95.07103729248047,64.43728637695312
2020-07-27,91.71859741210938,296.9205627441406,102.63999938964844,27.602325439453125,53.79906463623047,14.795539855957031,21.575237274169922,65.76998138427734,50.96764373779297,52.956172943115234,28.51573944091797,24.62409019470215,95.78569030761719,64.83662414550781
2020-07-28,90.21186065673828,295.037353515625,98.43267059326172,26.995927810668945,53.24452590942383,14.543366432189941,21.521451950073242,65.31412506103516,50.37144470214844,53.1512336730957,29.090757369995117,24.99624252319336,95.67710876464844,64.19481658935547
2020-07-29,91.94108581542969,298.666015625,99.94066619873047,27.217241287231445,53.73326110839844,14.846765518188477,21.924808502197266,66.30789184570312,51.10118865966797,53.227577209472656,29.64147186279297,25.11202049255371,96.68118286132812,64.84614562988281
2020-07-30,93.05360412597656,297.60040283203125,99.16600036621094,26.690507888793945,53.8836555480957,14.2636137008667,21.530410766601562,65.64234161376953,51.38737106323242,53.227577209472656,29.398508071899414,25.11202049255371,96.01180267333984,64.79383087158203
2020-07-31,102.79524230957031,299.9521179199219,95.38400268554688,26.71706771850586,54.63557815551758,14.19662857055664,21.53938102722168,65.39619445800781,52.67037582397461,53.17668533325195,29.366106033325195,25.15337371826172,95.46002197265625,65.13137817382812
2020-08-03,105.38542938232422,302.03741455078125,99.0,26.566577911376953,54.68254852294922,14.247849464416504,21.602121353149414,65.6697006225586,53.96770477294922,53.03251647949219,28.896381378173828,24.880460739135742,96.44600677490234,64.9935073852539
2020-08-04,106.0892105102539,303.20404052734375,99.13333129882812,26.94280433654785,55.030311584472656,14.59459114074707,21.512489318847656,65.83380889892578,54.10602569580078,53.69403839111328,29.325613021850586,25.15337371826172,96.0208740234375,65.51646423339844
2020-08-05,106.4737777709961,305.08721923828125,99.00133514404297,27.336748123168945,54.94572448730469,14.748261451721191,21.80828857421875,67.0919418334961,54.30635070800781,53.583778381347656,29.10694694519043,24.830839157104492,96.4640884399414,66.31514739990234
2020-08-06,110.18854522705078,307.1266174316406,99.30533599853516,27.22166633605957,56.39315414428711,14.63005542755127,21.7993221282959,67.34721374511719,55.0694694519043,53.57530212402344,29.16364288330078,24.975566864013672,95.948486328125,66.63843536376953
2020-08-07,107.68333435058594,307.3470764160156,96.84733581542969,27.314613342285156,56.32734680175781,14.649754524230957,22.265426635742188,68.4959487915039,54.249107360839844,53.86366271972656,29.560476303100586,25.42629051208496,96.25605010986328,66.73826599121094
2020-08-10,109.24848937988281,308.2657165527344,94.57133483886719,27.5801944732666,56.13937759399414,15.10287857055664,22.42677116394043,70.18260955810547,54.09648132324219,54.14353561401367,29.511878967285156,25.41801643371582,95.93040466308594,67.53695678710938
2020-08-11,105.99943542480469,305.72100830078125,91.6259994506836,27.53150749206543,55.302886962890625,15.051656723022461,22.686708450317383,70.55638885498047,53.12348556518555,53.770362854003906,28.94497299194336,24.86805534362793,95.32431030273438,67.40384674072266
2020-08-12,109.52226257324219,309.9835510253906,103.65066528320312,27.695280075073242,55.96080017089844,15.201385498046875,22.62396812438965,70.78433990478516,54.330196380615234,54.465816497802734,29.309419631958008,25.227800369262695,96.92544555664062,68.29762268066406
2020-08-13,111.4605484008789,309.4231872558594,108.06666564941406,27.69085121154785,56.24276351928711,14.905865669250488,22.480552673339844,70.41053009033203,54.35403823852539,54.42340850830078,28.969274520874023,25.186452865600586,96.79878234863281,68.26909637451172
2020-08-14,111.36119079589844,309.43243408203125,110.04733276367188,27.721837997436523,56.23337173461914,15.047718048095703,22.5701847076416,70.68402099609375,54.31588363647461,54.41493225097656,29.042152404785156,24.967296600341797,96.60882568359375,68.26434326171875
2020-08-17,111.0704574584961,310.4153137207031,122.3759994506836,27.845773696899414,56.299163818359375,14.961031913757324,22.193716049194336,70.35582733154297,54.678375244140625,54.72025680541992,29.301315307617188,24.93421745300293,97.17869567871094,69.14385223388672
2020-08-18,111.99600219726562,311.0859069824219,125.80599975585938,27.730688095092773,56.80670166015625,14.771902084350586,22.0502986907959,69.97290802001953,54.88346481323242,54.94076919555664,29.26892852783203,24.822566986083984,97.15157318115234,69.57172393798828
2020-08-19,112.13651275634766,309.7906188964844,125.23533630371094,27.651018142700195,56.64691162109375,14.602472305297852,22.04134178161621,69.79058074951172,54.816688537597656,54.50822830200195,28.66960906982422,24.74813461303711,96.8349838256836,69.2436752319336
2020-08-20,114.62477111816406,310.75518798828125,133.45533752441406,27.553634643554688,57.35182189941406,14.287250518798828,21.835176467895508,69.41677856445312,55.54642868041992,54.397979736328125,28.977365493774414,24.528982162475586,96.52741241455078,69.13908386230469
2020-08-21,120.53167724609375,311.8575134277344,136.6653289794922,27.394290924072266,57.09806823730469,14.19662857055664,21.790353775024414,69.69940185546875,56.25232696533203,54.53367233276367,29.074556350708008,24.570331573486328,96.6269302368164,69.49565124511719
2020-08-24,121.9732666015625,315.01763916015625,134.27999877929688,27.876760482788086,57.793575286865234,14.586708068847656,22.31024169921875,70.9575424194336,56.73882293701172,55.00012969970703,29.11505126953125,24.785354614257812,96.18367767333984,70.55109405517578
2020-08-25,120.9726333618164,316.1199951171875,134.8893280029297,27.766101837158203,58.338714599609375,14.381821632385254,22.372987747192383,70.86637115478516,57.025001525878906,54.88140106201172,29.204133987426758,24.549657821655273,96.8349838256836,70.78402709960938
2020-08-26,122.61773681640625,319.28924560546875,143.54466247558594,28.05823516845703,60.33127212524414,14.078422546386719,22.265426635742188,70.90284729003906,58.18400573730469,54.94924545288086,29.001667022705078,24.276748657226562,96.71737670898438,71.48286437988281
2020-08-27,121.15191650390625,319.9873962402344,149.25,27.98299217224121,59.59816360473633,14.10600471496582,22.64189338684082,71.15813446044922,58.231689453125,55.28849411010742,29.39040756225586,24.35531234741211,97.47722625732422,71.09779357910156
2020-08-28,120.95567321777344,322.0543212890625,147.55999755859375,28.31496238708496,59.739139556884766,14.358176231384277,22.731531143188477,71.8327865600586,58.74203872680664,55.780399322509766,29.617168426513672,24.425607681274414,97.69429779052734,71.56370544433594
2020-08-31,125.05755615234375,320.8876647949219,166.10667419433594,27.881189346313477,59.45717239379883,14.046900749206543,22.46261978149414,70.93931579589844,58.928070068359375,55.61925506591797,29.358013153076172,24.50004005432129,97.92948913574219,71.3545150756836
2020-09-01,130.0388641357422,323.90997314453125,158.35000610351562,28.664636611938477,59.9459114074707,13.952335357666016,22.52536392211914,71.65955352783203,60.05368423461914,55.67862319946289,29.309419631958008,24.218852996826172,97.05207824707031,72.10090637207031
2020-09-02,127.34468078613281,328.59503173828125,149.1233367919922,29.315305709838867,61.22415542602539,13.885350227355957,22.84805679321289,72.84477996826172,60.58787536621094,56.687862396240234,29.965415954589844,24.971431732177734,98.99691772460938,73.09928131103516
2020-09-03,117.14937591552734,317.28662109375,135.6666717529297,28.505287170410156,59.14700698852539,13.782904624938965,22.49847412109375,70.80257415771484,57.13468933105469,55.71255111694336,29.463300704956055,24.690250396728516,96.30127716064453,70.7792739868164
2020-09-04,117.2269058227539,314.6960754394531,139.44000244140625,28.522994995117188,58.06614685058594,13.7395601272583,22.668781280517578,70.96665954589844,56.33818435668945,55.585330963134766,29.358013153076172,24.549657821655273,95.61378479003906,69.96155548095703
2020-09-08,109.338134765625,306.0976867675781,110.06999969482422,27.987415313720703,56.53413772583008,13.239153861999512,22.08615493774414,69.63557434082031,53.791236877441406,54.41493225097656,28.985469818115234,24.413204193115234,94.03980255126953,69.04401397705078
2020-09-09,113.69924926757812,312.1423034667969,122.09333038330078,28.708898544311523,57.21085739135742,13.329776763916016,22.31024169921875,70.71138763427734,55.54642868041992,55.203670501708984,29.301315307617188,24.735733032226562,95.7042465209961,70.34664154052734
2020-09-10,109.98744201660156,306.72235107421875,123.77999877929688,28.43889808654785,56.36496353149414,12.841191291809082,21.99652099609375,69.8088150024414,54.292030334472656,54.52519607543945,28.88828468322754,24.30982780456543,94.23884582519531,69.33878326416016
2020-09-11,108.54342651367188,306.8785400390625,124.23999786376953,28.801851272583008,56.18637466430664,12.853010177612305,22.14889907836914,70.75697326660156,53.8770751953125,54.830509185791016,28.791093826293945,24.36771583557129,94.60971069335938,69.44337463378906
2020-09-14,111.79974365234375,310.92047119140625,139.8733367919922,29.217924118041992,56.40255355834961,12.951518058776855,22.45366096496582,71.7142562866211,55.007476806640625,55.18671798706055,29.495689392089844,24.702653884887695,95.96659088134766,70.18024444580078
2020-09-15,111.97418975830078,312.49139404296875,149.9199981689453,29.359560012817383,57.408226013183594,12.856954574584961,22.14889907836914,71.75983428955078,55.55121612548828,55.11038589477539,29.88443946838379,24.86805534362793,96.09321594238281,70.75550842285156
2020-09-16,108.66941833496094,311.2512512207031,147.25332641601562,29.38169288635254,56.787906646728516,13.373120307922363,22.399877548217773,72.48920440673828,54.692684173583984,54.86443328857422,30.078798294067383,24.834978103637695,95.93040466308594,70.36091613769531
2020-09-17,106.9346923828125,308.5138244628906,141.14332580566406,29.598581314086914,55.74463653564453,13.392822265625,22.166828155517578,72.63508605957031,54.239566802978516,54.51670837402344,29.414703369140625,24.632356643676758,95.61378479003906,69.37205505371094
2020-09-18,103.54268646240234,304.96185302734375,147.38333129882812,29.089561462402344,55.20888900756836,13.243094444274902,22.122005462646484,71.82368469238281,53.30473709106445,54.01632308959961,28.831581115722656,24.198183059692383,95.46905517578125,68.40696716308594
2020-09-21,106.68267822265625,301.5678405761719,149.79666137695312,28.11029815673828,54.56277084350586,12.80413818359375,21.56772232055664,69.4394760131836,53.747859954833984,53.604248046875,28.060012817382812,24.047622680664062,93.70538330078125,67.41886138916016
2020-09-22,108.35928344726562,304.6390686035156,141.41000366210938,28.163663864135742,55.617671966552734,12.671974182128906,21.387462615966797,70.12589263916016,54.59871292114258,53.9199104309082,28.394067764282227,24.19776153564453,93.50557708740234,68.84337615966797
2020-09-23,103.8140640258789,297.57415771484375,126.78666687011719,27.336503982543945,54.289634704589844,12.099251747131348,20.909780502319336,68.87201690673828,52.896995544433594,53.109413146972656,27.57931900024414,23.826581954956055,92.54292297363281,67.71424865722656
2020-09-24,104.88009643554688,298.3673400878906,129.26333618164062,27.53217124938965,54.39323425292969,12.095245361328125,20.954849243164062,68.97268676757812,53.193359375,53.501861572265625,27.709680557250977,24.09349822998047,92.07977294921875,67.68566131591797
2020-09-25,108.8147964477539,303.1911315917969,135.77999877929688,27.776763916015625,55.118465423583984,12.087238311767578,21.17115592956543,70.00690460205078,54.464874267578125,53.78341293334961,28.24741554260254,24.489704132080078,93.56006622314453,68.56703186035156
2020-09-28,111.41207122802734,308.2268371582031,140.39999389648438,28.22592544555664,55.8531379699707,12.371593475341797,21.675870895385742,71.26995086669922,55.5069465637207,54.389156341552734,28.73626136779785,24.552263259887695,94.4046630859375,70.00108337402344
2020-09-29,110.56891632080078,306.54827880859375,139.69000244140625,28.01691436767578,55.90965270996094,12.031167030334473,21.405492782592773,70.638427734375,55.320526123046875,54.030818939208984,28.589609146118164,24.543920516967773,94.28662872314453,69.45795440673828
2020-09-30,112.23583984375,308.87249755859375,143.00332641601562,28.301525115966797,55.947330474853516,11.995119094848633,21.693904876708984,70.45538330078125,55.78419494628906,54.68775939941406,28.73626136779785,24.764972686767578,95.79419708251953,70.02489471435547
2020-10-01,113.18560028076172,310.85540771484375,149.3866729736328,27.901288986206055,56.7479133605957,11.626655578613281,21.729951858520508,70.24486541748047,56.372135162353516,54.994903564453125,29.208818435668945,25.01519775390625,95.46723175048828,70.93962860107422
2020-10-02,109.5319595336914,307.904052734375,138.3633270263672,28.150327682495117,55.62709045410156,11.738797187805176,21.901193618774414,71.03199005126953,54.94288635253906,54.68775939941406,29.68137550354004,25.311315536499023,94.59539794921875,70.63949584960938
2020-10-05,112.9045639038086,313.3641052246094,141.89332580566406,28.688430786132812,56.54069900512695,12.091240882873535,22.2617130279541,72.176025390625,56.147483825683594,55.054622650146484,29.84433364868164,25.628276824951172,96.53890228271484,71.57329559326172
2020-10-06,109.66761779785156,308.90936279296875,137.9933319091797,28.328210830688477,55.353939056396484,11.911012649536133,22.03638458251953,71.29741668701172,55.27748107910156,54.696285247802734,29.591747283935547,25.84514808654785,95.25837707519531,70.24883270263672
2020-10-07,111.52837371826172,314.28643798828125,141.76666259765625,29.057537078857422,55.75895690917969,12.079227447509766,22.405914306640625,72.87163543701172,56.29087829589844,55.284969329833984,29.673233032226562,26.003631591796875,97.05656433105469,71.85438537597656
2020-10-08,111.4217758178711,317.07177734375,141.97332763671875,29.35104751586914,56.48420333862305,12.5317964553833,22.712352752685547,73.59466552734375,56.58246612548828,55.651832580566406,30.170230865478516,26.479074478149414,97.5287857055664,72.3260498046875
2020-10-09,113.36005401611328,319.90325927734375,144.6666717529297,29.57785415649414,56.82326126098633,12.331544876098633,22.739391326904297,73.86921691894531,57.44767761230469,56.086936950683594,30.088756561279297,26.474903106689453,98.40973663330078,73.07878875732422
2020-10-12,120.56075286865234,325.0498352050781,147.43333435058594,29.52893829345703,58.32085037231445,12.3635835647583,22.991748809814453,74.29022979736328,59.01556396484375,56.735347747802734,30.24355697631836,26.641733169555664,99.0817642211914,74.05070495605469
2020-10-13,117.36257934570312,322.928466796875,148.88333129882812,29.26655387878418,58.37734603881836,12.171341896057129,22.550121307373047,73.46650695800781,58.637935638427734,56.692691802978516,29.73027229309082,26.458223342895508,98.3279800415039,74.03640747070312
2020-10-14,117.4498291015625,320.8993835449219,153.76666259765625,29.35104751586914,57.680381774902344,12.223406791687012,22.333810806274414,73.87838745117188,58.32722091674805,56.40261459350586,29.3880615234375,26.42486000061035,97.75584411621094,73.21695709228516
2020-10-15,116.9846420288086,320.5028076171875,149.6266632080078,29.26655387878418,57.23768997192383,12.371593475341797,22.505056381225586,74.14381408691406,58.06431579589844,56.4367561340332,29.526573181152344,26.408178329467773,97.0474624633789,73.48851776123047
2020-10-16,115.34679412841797,320.3090515136719,146.55667114257812,29.471120834350586,57.24711227416992,12.091240882873535,22.523082733154297,74.68378448486328,57.89701461791992,56.453800201416016,29.420658111572266,26.69178009033203,98.01013946533203,72.821533203125
2020-10-19,112.40058898925781,315.4393310546875,143.61000061035156,29.12869644165039,56.22046661376953,11.834918022155762,22.180591583251953,73.75941467285156,56.83583450317383,55.72008514404297,28.956256866455078,26.466562271118164,96.4571762084961,71.92581939697266
2020-10-20,113.88338470458984,316.702880859375,140.64666748046875,29.195402145385742,56.625465393066406,11.975095748901367,22.36085319519043,74.14381408691406,57.03181838989258,55.66035079956055,29.15178680419922,26.625041961669922,96.58432006835938,72.5023193359375
2020-10-21,113.26313781738281,316.1033630371094,140.8800048828125,29.084224700927734,57.57676315307617,11.746807098388672,22.243680953979492,73.39330291748047,56.94576644897461,55.71155548095703,29.045879364013672,26.554147720336914,96.10298156738281,72.10688781738281
2020-10-22,112.17770385742188,317.8373718261719,141.92999267578125,29.244319915771484,57.95351791381836,12.231419563293457,22.68531036376953,73.99736022949219,56.678077697753906,55.68595886230469,28.842180252075195,26.92950439453125,97.55602264404297,72.25457763671875
2020-10-23,111.48960876464844,318.9164733886719,140.2100067138672,29.35104751586914,58.49980545043945,12.171341896057129,22.75741195678711,74.29022979736328,56.615943908691406,55.78833770751953,29.02957534790039,27.00457191467285,97.91931915283203,72.88822174072266
2020-10-26,111.49932861328125,313.0229187011719,140.0933380126953,28.617271423339844,57.21885681152344,11.734792709350586,22.243680953979492,72.43230438232422,55.3874397277832,55.07168197631836,28.67923927307129,26.996225357055664,96.82951354980469,71.48753356933594
2020-10-27,113.00145721435547,311.94378662109375,141.55999755859375,28.34600067138672,57.586185455322266,11.582598686218262,21.838106155395508,70.84894561767578,55.6646842956543,54.926639556884766,28.31259536743164,26.975378036499023,96.16654968261719,71.45418548583984
2020-10-28,107.76811981201172,301.2818908691406,135.33999633789062,27.545516967773438,55.32569122314453,11.097987174987793,21.27931022644043,68.52422332763672,53.30330276489258,53.32270050048828,27.685237884521484,26.191303253173828,93.11507415771484,69.1959228515625
2020-10-29,111.760986328125,304.3440246582031,136.94332885742188,28.114749908447266,56.719661712646484,11.438417434692383,21.4415340423584,69.52182006835938,54.192413330078125,53.30563735961914,28.002988815307617,26.26220703125,92.35222625732422,69.63424682617188
2020-10-30,105.50035858154297,301.1712341308594,129.34666442871094,28.096956253051758,55.75895690917969,11.502496719360352,21.504629135131836,69.4394760131836,52.99259948730469,53.11793899536133,27.823745727539062,26.016141891479492,92.32495880126953,68.11444091796875
2020-11-02,105.4131088256836,304.5468444824219,133.50332641601562,29.030860900878906,55.73068618774414,11.894994735717773,21.910205841064453,71.31570434570312,53.12643051147461,53.96257019042969,28.508136749267578,26.587507247924805,93.98690795898438,68.60040283203125
2020-11-03,107.03158569335938,309.9239196777344,141.3000030517578,29.48447036743164,56.55954360961914,11.82690715789795,22.39690399169922,73.42074584960938,54.06334686279297,54.84986114501953,28.956256866455078,26.971208572387695,95.35828399658203,70.11065673828125
2020-11-04,111.40239715576172,316.8504943847656,140.32666015625,28.98193359375,58.99900436401367,11.842928886413574,22.13553237915039,72.66111755371094,56.16660690307617,54.87544631958008,29.037723541259766,26.566659927368164,99.59036254882812,71.60186767578125
2020-11-05,115.35647583007812,323.0299377441406,146.02999877929688,30.164871215820312,60.13865661621094,11.842928886413574,22.676294326782227,74.37263488769531,57.911354064941406,55.27643966674805,29.143638610839844,26.804378509521484,99.79015350341797,72.99779510498047
2020-11-06,115.22541046142578,322.9561462402344,143.31666564941406,30.240478515625,59.99738311767578,11.5866060256958,22.496042251586914,74.44585418701172,58.11690139770508,55.53238296508789,29.02957534790039,26.74599266052246,99.82648468017578,72.77863311767578
2020-11-09,112.92459869384766,327.0143127441406,140.4199981689453,30.920886993408203,59.488773345947266,13.240692138671875,24.343673706054688,76.9810791015625,57.696250915527344,55.4044189453125,29.795440673828125,27.242294311523438,100.76190185546875,72.5404281616211
2020-11-10,112.58483123779297,326.5347900390625,136.7866668701172,31.285551071166992,59.300392150878906,13.669227600097656,24.469852447509766,78.33560180664062,56.62071990966797,56.496463775634766,29.958389282226562,27.634328842163086,101.05250549316406,72.28315734863281
2020-11-11,116.0020751953125,328.9604187011719,139.0433349609375,30.818603515625,59.83726119995117,13.52904987335205,24.37071418762207,77.6766586303711,57.96393585205078,56.98276138305664,30.186527252197266,27.738597869873047,100.92537689208984,72.91678619384766
2020-11-12,115.7302474975586,325.7691955566406,137.25332641601562,30.169326782226562,59.498191833496094,13.092503547668457,23.965131759643555,76.78885650634766,57.44767761230469,56.82920455932617,29.876916885375977,27.292346954345703,100.5530014038086,71.94010925292969
2020-11-13,115.77877807617188,330.2792663574219,136.1666717529297,30.689634323120117,60.3835563659668,13.56910514831543,24.361698150634766,78.4912109375,57.93525314331055,57.61410903930664,30.561302185058594,27.563425064086914,101.82447052001953,73.10735321044922
2020-11-16,116.78843688964844,334.4020080566406,136.02999877929688,31.294450759887695,60.76971435546875,14.462234497070312,24.902467727661133,80.40404510498047,58.494529724121094,58.14306640625,30.756847381591797,27.84286117553711,101.65190887451172,74.06498718261719
2020-11-17,115.90498352050781,332.6036071777344,147.20333862304688,31.17882537841797,60.553096771240234,14.610418319702148,24.866418838500977,80.19355773925781,58.16948699951172,57.73356246948242,30.77313995361328,27.296506881713867,100.98892974853516,73.75054168701172
2020-11-18,114.58466339111328,328.6007385253906,162.2133331298828,30.920886993408203,59.94085693359375,14.185879707336426,24.632083892822266,79.83661651611328,57.548065185546875,56.940101623535156,30.2517032623291,26.762676239013672,99.10902404785156,73.24555206298828
2020-11-19,115.17687225341797,329.984130859375,166.42333984375,31.04985237121582,60.308197021484375,14.418172836303711,24.71320152282715,80.03794860839844,58.01173400878906,57.09367370605469,30.300575256347656,26.495758056640625,99.03636932373047,73.60762023925781
2020-11-20,113.9148178100586,327.7243957519531,163.20333862304688,31.023174285888672,60.16692352294922,14.342081069946289,24.496889114379883,79.31492614746094,57.41421127319336,56.735347747802734,30.096904754638672,26.499927520751953,98.80933380126953,73.22172546386719
2020-11-23,110.52668762207031,329.6889953613281,173.9499969482422,31.28110694885254,60.1951789855957,15.355356216430664,24.9565486907959,80.64203643798828,57.39987564086914,56.752418518066406,29.99913215637207,26.50410270690918,98.5550308227539,74.02688598632812
2020-11-24,111.80818176269531,335.0015869140625,185.1266632080078,32.059349060058594,61.42902755737305,16.14435386657715,25.830793380737305,82.05152130126953,58.19816207885742,57.1363525390625,29.98282814025879,26.787700653076172,98.84564971923828,75.12743377685547
2020-11-25,112.64305114746094,334.48504638671875,191.3333282470703,31.725818634033203,61.41960906982422,15.76787281036377,25.74066162109375,81.42915344238281,58.32244873046875,57.10222244262695,30.0561580657959,26.858596801757812,98.48236083984375,75.21796417236328
2020-11-27,113.18672180175781,335.4164733886719,195.25332641601562,31.890365600585938,61.815189361572266,15.583645820617676,25.6595458984375,81.29183959960938,58.63315200805664,57.09367370605469,29.99913215637207,26.59168243408203,99.39057159423828,75.37991333007812
2020-11-30,115.57491302490234,333.9317321777344,189.1999969482422,31.570167541503906,61.59857940673828,14.72256088256836,25.12779426574707,80.56880950927734,59.025115966796875,57.085140228271484,29.7384090423584,26.207988739013672,99.66302490234375,74.92254638671875
2020-12-01,119.13778686523438,337.58404541015625,194.9199981689453,31.917043685913086,62.72880554199219,14.79064655303955,25.51534080505371,80.3674545288086,59.780391693115234,57.58850860595703,30.113195419311523,26.39149284362793,100.49852752685547,75.47994232177734
2020-12-02,119.48727416992188,338.29412841796875,189.60667419433594,31.507902145385742,63.31276321411133,15.271245956420898,25.794742584228516,80.47727966308594,59.68955993652344,57.11074447631836,29.795440673828125,26.566659927368164,101.25232696533203,75.00831604003906
2020-12-03,119.3513412475586,338.2019958496094,197.7933349609375,31.289989471435547,63.030208587646484,15.431450843811035,25.803754806518555,80.68778991699219,59.65132141113281,57.25578308105469,30.015424728393555,26.291397094726562,101.12516021728516,75.21796417236328
2020-12-04,118.6814956665039,341.1164855957031,199.67999267578125,31.921489715576172,63.08672332763672,16.27251434326172,26.11920166015625,81.64879608154297,60.248844146728516,57.699424743652344,30.414648056030273,26.028650283813477,102.20587921142578,75.28939056396484
2020-12-07,120.13770294189453,340.41546630859375,213.9199981689453,31.712482452392578,63.48231887817383,15.8920316696167,25.938947677612305,81.2552261352539,60.42093276977539,57.47760772705078,30.113195419311523,26.174623489379883,101.57926940917969,75.11788940429688
2020-12-08,120.74930572509766,341.41156005859375,216.6266632080078,31.890365600585938,63.388126373291016,16.128326416015625,25.929931640625,81.64879608154297,60.61690902709961,57.793270111083984,29.97469139099121,26.095388412475586,102.3511962890625,74.9606704711914
2020-12-09,118.22521209716797,338.3494873046875,201.4933319091797,31.908151626586914,62.63462829589844,16.16437530517578,25.86684799194336,81.83185577392578,59.45534133911133,57.562923431396484,29.69767951965332,26.04950714111328,101.99700927734375,74.88921356201172
2020-12-10,119.6426010131836,338.23883056640625,209.02333068847656,31.712482452392578,62.67231750488281,16.66100311279297,25.911907196044922,81.05389404296875,59.541378021240234,57.306968688964844,29.53472137451172,25.916044235229492,101.82447052001953,74.82251739501953
2020-12-11,118.83684539794922,337.8422546386719,203.3300018310547,31.530141830444336,63.04905319213867,16.468759536743164,25.650531768798828,81.24607849121094,59.417091369628906,57.434932708740234,29.551021575927734,25.957754135131836,101.42486572265625,74.46517944335938
2020-12-14,118.22521209716797,336.32965087890625,213.27667236328125,31.12990951538086,62.851253509521484,15.8920316696167,25.35311508178711,80.19355773925781,59.632198333740234,57.21312713623047,29.33917808532715,25.824295043945312,100.66199493408203,74.57476806640625
2020-12-15,124.14717102050781,340.87664794921875,211.0833282470703,31.69469451904297,63.36929702758789,16.204425811767578,25.78572654724121,81.31017303466797,60.6264762878418,57.349632263183594,29.85247802734375,26.333105087280273,101.75181579589844,75.58001708984375
2020-12-16,124.07921600341797,341.41156005859375,207.58999633789062,31.605751037597656,63.31276321411133,16.124326705932617,25.830793380737305,80.8067626953125,61.03754425048828,57.460533142089844,29.860628128051758,26.028650283813477,101.45210266113281,76.07550811767578
2020-12-17,124.94322967529297,343.3207702636719,218.63333129882812,31.970409393310547,63.152652740478516,16.048227310180664,25.90289306640625,81.3010025024414,61.520347595214844,57.827388763427734,30.210966110229492,26.203819274902344,102.54193115234375,76.59479522705078
2020-12-18,122.96276092529297,341.949951171875,231.6666717529297,32.11272430419922,63.20918655395508,15.779889106750488,25.677574157714844,81.31017303466797,61.30524444580078,57.955379486083984,29.68951988220215,25.978605270385742,102.6236572265625,76.22318267822266
2020-12-21,124.48694610595703,340.7272033691406,216.6199951171875,31.942434310913086,62.66862106323242,15.475491523742676,26.02370834350586,80.81938934326172,61.36656951904297,57.33079528808594,29.4221248626709,25.66400718688965,101.59684753417969,75.36212921142578
2020-12-22,128.0303955078125,340.153076171875,213.44667053222656,31.745784759521484,62.08372497558594,15.215743064880371,25.770000457763672,80.44258880615234,61.89841079711914,56.92643737792969,29.62845802307129,25.613540649414062,101.28677368164062,75.03755187988281
2020-12-23,127.13725280761719,340.4587097167969,215.32666015625,31.790475845336914,62.44221496582031,15.552607536315918,26.195873260498047,80.86534881591797,61.428863525390625,57.1157112121582,29.347850799560547,25.563068389892578,101.3597412109375,75.1998519897461
2020-12-24,128.11781311035156,341.78314208984375,220.58999633789062,31.991592407226562,62.50825119018555,15.471435546875,26.232120513916016,80.8745346069336,61.83610916137695,57.399620056152344,29.636701583862305,25.74392318725586,101.65156555175781,75.35738372802734
2020-12-28,132.69996643066406,344.71942138671875,221.22999572753906,31.866456985473633,63.63086700439453,15.374030113220215,26.358976364135742,80.97563171386719,62.53564453125,57.8555793762207,29.87604331970215,25.85747718811035,101.90689849853516,76.21651458740234
2020-12-29,130.93312072753906,344.061767578125,221.99667358398438,31.790475845336914,63.574275970458984,15.272566795349121,26.268360137939453,80.48853302001953,62.23856735229492,57.683536529541016,29.644954681396484,25.853269577026367,102.39022064208984,76.24036407470703
2020-12-30,129.816650390625,344.5527038574219,231.5933380126953,32.22847366333008,63.149742126464844,15.512020111083984,26.38615608215332,81.00320434570312,62.205039978027344,57.6233024597168,29.810016632080078,25.983654022216797,102.37196350097656,76.69860076904297
2020-12-31,128.8167724609375,346.30328369140625,235.22332763671875,32.35360336303711,63.6591682434082,15.382149696350098,26.712358474731445,81.37999725341797,62.29608154296875,58.027645111083984,30.17315673828125,26.370590209960938,103.44802856445312,76.74154663085938
2021-01-04,125.63252258300781,341.5887145996094,243.2566680908203,32.045230865478516,62.715797424316406,15.406497955322266,26.34991455078125,79.41327667236328,61.28034210205078,57.399620056152344,29.199289321899414,25.706066131591797,103.00119018554688,76.09242248535156
2021-01-05,127.18579864501953,343.9412841796875,245.0366668701172,32.76479721069336,62.942203521728516,16.09646224975586,26.46771240234375,80.1944580078125,61.678009033203125,57.399620056152344,29.16628074645996,25.701858520507812,103.74894714355469,76.660400390625
2021-01-06,122.90452575683594,345.99761962890625,251.9933319091797,34.1056022644043,62.64031982421875,16.587553024291992,27.636598587036133,82.10602569580078,60.614349365234375,57.44264221191406,29.025970458984375,26.341150283813477,105.17156982421875,77.44317626953125
2021-01-07,127.0984115600586,351.1383056640625,272.0133361816406,34.360355377197266,63.47050476074219,16.831073760986328,28.035293579101562,82.5563735961914,62.248172760009766,57.27057647705078,29.11676597595215,25.996274948120117,106.53943634033203,78.9371566772461
2021-01-08,128.19541931152344,353.1390075683594,293.3399963378906,34.19499588012695,63.66859817504883,16.810781478881836,28.017168045043945,82.35417175292969,62.650630950927734,57.554466247558594,29.430377960205078,26.21497344970703,107.05013275146484,80.56478118896484
2021-01-11,125.21504974365234,350.7584533691406,270.39666748046875,34.19499588012695,62.536529541015625,17.074588775634766,28.1077823638916,82.32657623291016,62.1331787109375,57.064090728759766,28.935197830200195,25.971038818359375,107.55167388916016,79.06124877929688
2021-01-12,125.0403060913086,350.8326110839844,283.14666748046875,34.628517150878906,61.52712631225586,17.671205520629883,28.397735595703125,83.14454650878906,61.83610916137695,56.87483596801758,28.959951400756836,25.832237243652344,106.38441467285156,80.26885223388672
2021-01-13,127.06929016113281,351.7773742675781,284.8033447265625,34.27543258666992,61.74411392211914,17.5332088470459,28.37961769104004,82.42770385742188,62.2290153503418,56.960853576660156,29.35610580444336,26.33694076538086,106.67622375488281,80.26409149169922
2021-01-14,125.14707946777344,350.54547119140625,281.6666564941406,34.159236907958984,61.395050048828125,18.052715301513672,28.506471633911133,82.71260070800781,61.68280029296875,56.65974807739258,29.537668228149414,26.236003875732422,106.33879852294922,79.75337219238281
2021-01-15,123.42875671386719,347.9891052246094,275.38665771484375,33.67206954956055,61.593162536621094,17.350574493408203,28.035293579101562,81.63732147216797,61.05035400390625,56.461883544921875,29.99158477783203,26.49256134033203,106.66710662841797,79.13763427734375
2021-01-19,124.0986328125,350.721435546875,281.51666259765625,33.78828048706055,62.70635986328125,17.69961929321289,28.1077823638916,81.90385437011719,61.84571075439453,56.2123908996582,29.793508529663086,26.391618728637695,107.46959686279297,79.58629608154297
2021-01-20,128.176025390625,355.5749816894531,283.48333740234375,33.90000915527344,64.67800903320312,17.764551162719727,27.989986419677734,82.40931701660156,63.07228469848633,56.315643310546875,30.412487030029297,26.54723358154297,108.06233978271484,81.08982849121094
2021-01-21,132.874755859375,355.8991394042969,281.663330078125,33.40391159057617,64.91384887695312,17.163877487182617,27.69096565246582,81.76600646972656,63.88678741455078,56.1263542175293,30.313459396362305,26.391618728637695,107.55167388916016,81.46688842773438
2021-01-22,135.010498046875,354.63946533203125,282.21331787109375,33.243011474609375,64.94214630126953,17.074588775634766,27.49161720275879,81.34324645996094,63.64242935180664,55.98011016845703,30.387727737426758,26.42947006225586,107.23249816894531,81.19007110595703
2021-01-25,138.74813842773438,356.0380859375,293.6000061035156,33.06870651245117,65.31951141357422,16.900070190429688,27.29227638244629,80.79183197021484,64.17426300048828,56.53932189941406,30.66008758544922,26.95940589904785,107.93466186523438,81.49076843261719
2021-01-26,138.9811553955078,355.4823303222656,294.36334228515625,32.612850189208984,66.2062759399414,16.538854598999023,27.07480239868164,80.04740905761719,64.2173843383789,57.04689025878906,30.973703384399414,26.690229415893555,107.5334243774414,81.43827819824219
2021-01-27,137.9132843017578,346.7941589355469,288.0533447265625,31.651926040649414,64.06482696533203,16.315628051757812,26.277427673339844,78.4574966430664,63.005210876464844,56.08335494995117,30.577550888061523,25.971038818359375,104.26873779296875,78.9276123046875
2021-01-28,133.0883026123047,349.7767333984375,278.4766540527344,32.19719696044922,64.2912368774414,16.50638198852539,26.766727447509766,79.6246566772461,63.263912200927734,56.298431396484375,30.66008758544922,26.28226661682129,105.79166412353516,79.1758041381836
2021-01-29,128.1080780029297,342.7742919921875,264.510009765625,31.571483612060547,63.09314727783203,15.958467483520508,26.232120513916016,77.90606689453125,61.77383041381836,55.13701629638672,30.338212966918945,26.139265060424805,104.89798736572266,77.3286361694336
2021-02-01,130.22445678710938,348.4798889160156,279.9366760253906,31.942434310913086,64.27235412597656,16.072111129760742,26.57644271850586,78.71482849121094,63.32139205932617,55.18862533569336,31.023216247558594,26.265443801879883,105.2992172241211,79.33810424804688
2021-02-02,131.0496368408203,353.407470703125,290.92999267578125,32.3625602722168,65.25347137451172,16.24662971496582,27.21978759765625,80.38744354248047,64.17904663085938,55.558570861816406,31.1552677154541,26.479942321777344,105.60018157958984,81.02300262451172
2021-02-03,130.03025817871094,353.68536376953125,284.89666748046875,32.425132751464844,66.13080596923828,16.940654754638672,27.373823165893555,80.44258880615234,63.95864486694336,55.644588470458984,31.031457901000977,26.395824432373047,104.85237884521484,80.5695571899414
2021-02-04,133.3795623779297,357.7053527832031,283.3299865722656,32.30892562866211,66.52702331542969,17.127349853515625,27.98092269897461,81.30647277832031,64.97918701171875,56.0489387512207,31.20478057861328,26.60190773010254,105.29010772705078,81.42870330810547
2021-02-05,132.96633911132812,359.11322021484375,284.07666015625,32.863121032714844,67.36664581298828,17.27345848083496,27.989986419677734,81.78437042236328,64.83545684814453,56.573726654052734,31.312076568603516,26.744911193847656,105.48162078857422,82.20671844482422
2021-02-08,133.1121826171875,361.70672607421875,287.8066711425781,33.1357536315918,67.63080596923828,17.995895385742188,28.352436065673828,82.48282623291016,65.51583862304688,56.788795471191406,31.378095626831055,26.538820266723633,105.60926818847656,82.67448425292969
2021-02-09,132.23716735839844,361.4659118652344,283.1533203125,32.88993835449219,67.8572006225586,17.805137634277344,28.361492156982422,82.6941909790039,65.43914031982422,56.737186431884766,31.518400192260742,26.57667350769043,105.76431274414062,82.21626281738281
2021-02-10,131.6343536376953,361.30841064453125,268.2733459472656,32.854183197021484,68.49871063232422,18.14606285095215,28.361492156982422,82.56554412841797,65.34333801269531,56.67696762084961,31.73297691345215,26.68181800842285,105.95582580566406,81.40485382080078
2021-02-11,131.38153076171875,361.8919372558594,270.5533447265625,32.88547134399414,68.57415771484375,17.86601448059082,28.270883560180664,82.39095306396484,66.06201171875,56.427467346191406,31.675209045410156,26.530412673950195,106.15642547607422,81.18052673339844
2021-02-12,131.61488342285156,363.6795349121094,272.0400085449219,33.225128173828125,68.86663055419922,18.12982749938965,28.56083869934082,82.98829650878906,66.40220642089844,56.51349639892578,31.666948318481445,26.33694076538086,106.94979095458984,81.29505920410156
2021-02-16,129.49539184570312,363.3646545410156,265.40667724609375,33.16257095336914,69.1968002319336,18.584388732910156,29.050151824951172,82.90557861328125,66.18659973144531,56.41026306152344,31.32857322692871,26.04253578186035,105.89198303222656,80.94185638427734
2021-02-17,127.21057891845703,363.447998046875,266.04998779296875,33.14469909667969,69.39490509033203,18.860380172729492,29.195125579833984,82.67583465576172,65.60206604003906,56.61673355102539,31.35334014892578,26.063566207885742,106.27499389648438,81.40960693359375
2021-02-18,126.1119155883789,361.90118408203125,262.4599914550781,32.93910217285156,69.05529022216797,18.434221267700195,29.022958755493164,82.26227569580078,65.28103637695312,56.58232498168945,31.336835861206055,26.219179153442383,105.60926818847656,81.43347930908203
2021-02-19,126.26746368408203,361.2621154785156,260.4333190917969,33.54246520996094,68.37605285644531,18.742679595947266,29.36728286743164,83.61324310302734,65.18521118164062,55.86827850341797,31.43587303161621,25.828035354614258,104.33261108398438,80.9609603881836
2021-02-22,122.50482940673828,358.4832763671875,238.1666717529297,33.67206954956055,68.10247039794922,19.39205551147461,29.63912010192871,83.8797607421875,63.747840881347656,55.919883728027344,31.617441177368164,25.32333755493164,104.08638000488281,79.25218200683594
2021-02-23,122.36872100830078,358.91864013671875,232.94667053222656,33.78828048706055,68.63075256347656,19.712690353393555,29.820343017578125,84.1370849609375,63.570552825927734,55.997310638427734,31.73297691345215,25.53362464904785,103.91312408447266,78.7319107055664
2021-02-24,121.87284851074219,362.87371826171875,247.33999633789062,34.08325958251953,68.75340270996094,20.410768508911133,30.40026092529297,85.72700500488281,64.54317474365234,55.96290588378906,31.881532669067383,25.235015869140625,104.6335220336914,79.55765533447266
2021-02-25,117.6337890625,354.1299743652344,227.4066619873047,33.296653747558594,67.25342559814453,20.0170841217041,29.847530364990234,84.1462631225586,62.2864990234375,55.352088928222656,31.361589431762695,25.007902145385742,103.5848388671875,76.59834289550781
2021-02-26,117.89631652832031,352.30535888671875,225.1666717529297,32.87206268310547,67.51758575439453,19.542226791381836,29.276676177978516,83.27320098876953,62.61709976196289,54.457366943359375,30.816884994506836,24.545259475708008,102.69113159179688,76.91815185546875
2021-03-01,124.24516296386719,360.84527587890625,239.47666931152344,33.70336151123047,69.24398040771484,20.0495548248291,30.191850662231445,85.40534973144531,64.63420867919922,55.007965087890625,30.84990119934082,25.087810516357422,104.03166961669922,78.72238159179688
2021-03-02,121.64923095703125,358.0295104980469,228.81333923339844,33.891075134277344,68.73455047607422,19.939966201782227,30.083126068115234,85.1572036743164,63.608882904052734,54.91333770751953,30.66008758544922,25.012109756469727,103.73074340820312,77.81547546386719
2021-03-03,118.67411041259766,353.28717041015625,217.73333740234375,33.555870056152344,67.75342559814453,20.232187271118164,30.318708419799805,85.2491226196289,62.00861358642578,54.655235290527344,30.280439376831055,24.717700958251953,102.41756439208984,75.98739624023438
2021-03-04,116.79766082763672,348.9153137207031,207.14666748046875,32.90334701538086,67.63080596923828,20.71516990661621,29.974390029907227,83.88895416259766,60.6382942199707,54.457366943359375,30.057607650756836,24.696666717529297,101.0405502319336,74.37890625
2021-03-05,118.05187225341797,355.3341064453125,199.31666564941406,33.65866470336914,69.2156753540039,21.4903564453125,30.545246124267578,85.87406158447266,61.78340530395508,55.66179275512695,30.404237747192383,25.10042381286621,103.06502532958984,74.8514175415039
2021-03-08,113.13223266601562,353.56500244140625,187.6666717529297,34.110076904296875,68.2911605834961,21.530948638916016,30.934871673583984,86.77471160888672,60.28854751586914,55.90269470214844,30.552797317504883,25.45371437072754,102.80968475341797,74.94208526611328
2021-03-09,117.73101806640625,358.61309814453125,224.52667236328125,34.32012176513672,69.05529022216797,21.15349769592285,30.65397071838379,86.41627502441406,62.33919143676758,55.85105895996094,30.899429321289062,25.790184020996094,103.41154479980469,77.77252197265625
2021-03-10,116.65182495117188,360.84527587890625,222.68666076660156,34.88774108886719,69.34774017333984,21.689231872558594,31.279190063476562,87.6937255859375,62.09005355834961,56.58232498168945,31.20478057861328,25.966827392578125,103.6486587524414,78.16870880126953
2021-03-11,118.57688903808594,364.5039367675781,233.1999969482422,35.07545852661133,70.6590347290039,21.697351455688477,31.188589096069336,87.758056640625,63.4172248840332,56.444679260253906,31.666948318481445,25.899532318115234,104.27790832519531,79.36673736572266
2021-03-12,117.67269134521484,364.9947814941406,231.2433319091797,35.169307708740234,70.46090698242188,21.741994857788086,31.50571632385254,88.93441772460938,62.962066650390625,56.90925216674805,32.21165084838867,26.248620986938477,104.50584411621094,79.60062408447266
2021-03-15,120.55056762695312,367.1715393066406,235.97999572753906,35.20952606201172,70.96090698242188,21.494417190551758,31.324506759643555,89.6788330078125,63.63283157348633,57.15874099731445,32.574790954589844,26.585086822509766,105.22627258300781,80.66979217529297
2021-03-16,122.08675384521484,366.7083740234375,225.6266632080078,34.91901779174805,71.70618438720703,20.88156509399414,30.998294830322266,88.4013671875,64.1119613647461,57.22755813598633,32.574790954589844,26.61873435974121,105.16243743896484,79.8344955444336
2021-03-17,121.29923248291016,367.958740234375,233.93666076660156,35.23188018798828,71.71561431884766,21.043912887573242,31.206703186035156,89.42151641845703,64.05928802490234,57.14152908325195,32.5252685546875,26.185537338256836,104.77942657470703,80.9561767578125
2021-03-18,117.18656158447266,362.6051025390625,217.72000122070312,35.03522872924805,70.52696990966797,20.0982608795166,31.369810104370117,89.33879089355469,62.281715393066406,56.90925216674805,32.31894302368164,26.08879852294922,104.56055450439453,78.975341796875
2021-03-19,116.66154479980469,361.93414306640625,218.2899932861328,34.86091995239258,71.14016723632812,20.102313995361328,31.007362365722656,88.6587142944336,62.0948600769043,57.107112884521484,31.889780044555664,26.16029930114746,104.93445587158203,79.4478988647461
2021-03-22,119.96721649169922,364.82427978515625,223.3333282470703,34.882469177246094,71.7383804321289,19.909534454345703,30.60780906677246,88.60894012451172,63.315834045410156,57.70998764038086,32.241546630859375,26.122591018676758,105.84770965576172,79.97090148925781
2021-03-23,119.14080810546875,361.95269775390625,220.72000122070312,34.15536880493164,71.20912170410156,19.618318557739258,30.18004608154297,87.06019592285156,62.92213439941406,57.952171325683594,32.34156799316406,26.51241683959961,104.77706146240234,79.22030639648438
2021-03-24,116.7587661743164,360.1127014160156,210.08999633789062,34.40222930908203,69.41355895996094,20.11051368713379,30.289260864257812,87.6962890625,62.15871810913086,57.72727584838867,32.199867248535156,26.52088165283203,104.65811157226562,78.04906463623047
2021-03-25,117.2448959350586,362.1387023925781,213.4633331298828,34.900421142578125,69.07334899902344,20.184350967407227,30.798940658569336,89.0975112915039,62.120296478271484,58.28950119018555,32.47494125366211,26.804784774780273,105.09734344482422,78.73269653320312
2021-03-26,117.84770202636719,367.9744873046875,206.23666381835938,35.76663589477539,68.31730651855469,20.684755325317383,31.281314849853516,90.63700103759766,63.699951171875,59.31880569458008,33.26680374145508,26.893762588500977,107.08307647705078,79.38764190673828
2021-03-29,118.0226821899414,367.7886047363281,203.76333618164062,35.64545822143555,69.01665496826172,20.438655853271484,31.008272171020508,90.65544891357422,63.36865997314453,59.91563415527344,33.19178771972656,27.181894302368164,107.58638000488281,78.95259857177734
2021-03-30,116.57405853271484,366.8128662109375,211.8733367919922,35.54222869873047,69.01665496826172,20.262283325195312,31.22671127319336,91.05184936523438,62.768455505371094,59.27556610107422,33.05008316040039,26.936138153076172,106.61639404296875,79.72708129882812
2021-03-31,118.7616195678711,368.2997131347656,222.64332580566406,35.367183685302734,69.29068756103516,20.12282371520996,30.990060806274414,90.7568588256836,63.76715850830078,59.08528137207031,32.916717529296875,27.13528823852539,106.82683563232422,80.34855651855469
2021-04-01,119.58804321289062,372.27703857421875,220.5833282470703,35.676876068115234,70.4814682006836,20.63553237915039,31.372318267822266,91.0610580444336,65.04914093017578,58.79983901977539,33.441856384277344,27.109865188598633,106.50657653808594,80.99394226074219
2021-04-05,122.40760040283203,377.620361328125,230.35000610351562,36.11673355102539,71.96517181396484,20.143333435058594,31.618061065673828,92.18572998046875,66.39352416992188,59.552345275878906,33.61689758300781,27.406471252441406,107.24779510498047,82.8344955444336
2021-04-06,122.70899963378906,377.3973388671875,230.5399932861328,36.197509765625,72.14473724365234,20.090009689331055,31.55434799194336,91.96449279785156,66.11024475097656,59.80318832397461,33.70024490356445,27.5505313873291,106.83598327636719,83.19304656982422
2021-04-07,124.35211944580078,377.8340759277344,223.6566619873047,35.573646545410156,72.70232391357422,20.159740447998047,31.709068298339844,91.54043579101562,66.46074676513672,59.65614700317383,33.74192428588867,27.516637802124023,106.59808349609375,82.94446563720703
2021-04-08,126.7438735961914,379.6275939941406,227.93333435058594,35.618526458740234,72.71176147460938,19.897228240966797,31.718170166015625,91.76168060302734,67.4210205078125,59.71669387817383,33.57521057128906,27.495454788208008,106.7627944946289,83.33649444580078
2021-04-09,129.31065368652344,382.3875427246094,225.67333984375,35.92822265625,72.69286346435547,19.765975952148438,31.99122428894043,92.65589904785156,68.06922149658203,59.61288833618164,33.6252326965332,27.465791702270508,107.9341049194336,84.13005828857422
2021-04-12,127.5994873046875,382.5268859863281,233.9933319091797,36.05388641357422,72.39988708496094,19.610111236572266,32.127723693847656,92.99696350097656,67.74270629882812,59.93292236328125,33.825286865234375,27.491214752197266,108.04391479492188,84.6702880859375
2021-04-13,130.70094299316406,383.66058349609375,254.10667419433594,35.96860885620117,72.49439239501953,19.6306209564209,31.827396392822266,92.5452651977539,68.38130950927734,59.61288833618164,34.025333404541016,27.817487716674805,108.49229431152344,85.56424713134766
2021-04-14,128.3675537109375,382.3503723144531,244.07666015625,36.228919982910156,71.74781799316406,20.176145553588867,32.01851272583008,92.66510772705078,67.65630340576172,59.561012268066406,33.81694412231445,27.940364837646484,108.48316192626953,84.72284698486328
2021-04-15,130.76904296875,386.457763671875,246.28334045410156,36.655311584472656,72.66449737548828,20.01207733154297,31.99122428894043,93.03386688232422,68.81822204589844,60.0367317199707,34.45878219604492,28.249683380126953,110.34078216552734,85.33002471923828
2021-04-16,130.4384765625,387.7494201660156,246.5933380126953,37.09964370727539,72.61725616455078,19.85211753845215,32.2187614440918,93.2366714477539,68.8038330078125,60.382713317871094,34.508785247802734,28.478485107421875,111.16436767578125,85.98973846435547
2021-04-19,131.09962463378906,385.8445129394531,238.2100067138672,36.92909240722656,72.21089935302734,19.83160400390625,32.127723693847656,92.84947967529297,68.23245239257812,60.1491813659668,34.61714553833008,28.334430694580078,111.19178771972656,85.0240707397461
2021-04-20,129.41758728027344,383.0194396972656,239.663330078125,36.57452392578125,71.82341766357422,19.30658721923828,31.527050018310547,91.82622528076172,67.62747955322266,60.47785186767578,35.000579833984375,28.694589614868164,111.62187194824219,83.95317077636719
2021-04-21,129.7967529296875,386.64361572265625,248.0399932861328,37.23877716064453,71.94628143310547,19.55269432067871,31.96391487121582,93.0799331665039,68.30929565429688,60.78057861328125,35.15895080566406,28.453067779541016,112.93960571289062,85.07183837890625
2021-04-22,128.280029296875,383.11236572265625,239.89666748046875,36.61042785644531,71.41704559326172,19.322994232177734,31.608949661254883,92.60980224609375,67.50745391845703,60.330814361572266,35.0089111328125,28.249683380126953,112.43632507324219,84.13005828857422
2021-04-23,130.5940399169922,387.2662353515625,243.13333129882812,37.211849212646484,72.24869537353516,19.499372482299805,32.20055389404297,93.62381744384766,68.51573944091797,60.175106048583984,35.20896911621094,28.211545944213867,113.1775131225586,85.00970458984375
2021-04-26,130.98291015625,388.07464599609375,246.06666564941406,37.431766510009766,72.39988708496094,19.6306209564209,32.327964782714844,93.34728240966797,68.86621856689453,59.50044631958008,35.28398513793945,28.05052947998047,112.7931900024414,85.38259887695312
2021-04-27,130.66209411621094,387.99102783203125,234.913330078125,37.33303451538086,72.10693359375,19.868520736694336,32.58279800415039,94.12163543701172,68.69819641113281,59.457210540771484,35.28398513793945,27.834430694580078,112.14348602294922,85.28218841552734
2021-04-28,129.87457275390625,387.8795166015625,231.46665954589844,37.43626403808594,72.76847839355469,20.553495407104492,32.7102165222168,93.92803955078125,68.05960083007812,59.50044631958008,35.15895080566406,27.796297073364258,111.80490112304688,85.18182373046875
2021-04-29,129.77731323242188,390.35150146484375,225.6666717529297,37.66965103149414,74.78141021728516,20.783193588256836,33.29270553588867,94.59178924560547,68.00196838378906,60.13185501098633,35.41735076904297,28.05052947998047,111.35650634765625,85.20571899414062
2021-04-30,127.81336212158203,387.7866516113281,236.47999572753906,37.27020263671875,73.76074981689453,20.258176803588867,33.001461029052734,93.9649429321289,67.0753173828125,60.18376922607422,35.65074920654297,28.270872116088867,111.0270767211914,85.53559112548828
2021-05-03,128.86338806152344,388.6230163574219,228.3000030517578,37.82674026489258,73.373291015625,20.816009521484375,33.1652946472168,94.93286895751953,66.88807678222656,60.67678451538086,35.459022521972656,28.26662826538086,112.28990936279297,85.12922668457031
2021-05-04,124.30351257324219,386.2254333496094,224.53334045410156,38.239646911621094,72.71176147460938,20.828311920166016,33.429222106933594,95.34768676757812,65.68772888183594,60.36540985107422,35.242305755615234,28.160701751708984,112.40885162353516,84.24002075195312
2021-05-05,124.54655456542969,386.3463134765625,223.64666748046875,38.72438430786133,72.56999969482422,21.500988006591797,33.7022590637207,95.43989562988281,65.52928161621094,60.322166442871094,34.72550964355469,27.686124801635742,112.61017608642578,83.97709655761719
2021-05-06,126.1410903930664,389.43145751953125,221.17999267578125,39.052024841308594,73.4205551147461,21.611730575561523,34.202850341796875,96.10363006591797,66.18705749511719,61.100616455078125,34.89221954345703,27.897991180419922,112.75660705566406,84.15872955322266
2021-05-07,126.8130874633789,392.2657470703125,224.1233367919922,39.43800735473633,73.97813415527344,21.99728775024414,34.38487243652344,97.11767578125,66.75362396240234,61.100616455078125,35.31732177734375,27.98273277282715,113.53441619873047,84.91407775878906
2021-05-10,123.54071807861328,388.3813171386719,209.67999267578125,39.26298141479492,72.560546875,22.0054931640625,34.35757064819336,97.20985412597656,65.068359375,61.56768798828125,35.47570037841797,28.26662826538086,113.68082427978516,83.40340423583984
2021-05-11,122.62525177001953,384.91510009765625,205.73333740234375,39.39311981201172,72.35265350341797,21.439462661743164,33.74777603149414,95.77176666259766,64.87150573730469,61.03141784667969,35.05893325805664,27.91917610168457,112.45462799072266,82.46163177490234
2021-05-12,119.5671615600586,376.737548828125,196.6300048828125,38.401222229003906,70.93508911132812,21.542003631591797,33.40192413330078,93.4763412475586,63.04695510864258,60.21836471557617,34.208709716796875,27.26664161682129,111.39311981201172,79.66970825195312
2021-05-13,121.70978546142578,381.2630615234375,190.56333923339844,38.98918533325195,71.4454116821289,21.279491424560547,33.938899993896484,95.22786712646484,63.88241195678711,61.06604766845703,34.642154693603516,27.79206085205078,112.39971160888672,80.23381805419922
2021-05-14,124.12507629394531,387.1175231933594,196.5800018310547,39.45595932006836,72.85352325439453,21.939865112304688,34.47588348388672,96.54612731933594,65.28919219970703,61.33415985107422,34.96723556518555,27.92765235900879,112.96704864501953,81.62499237060547
2021-05-17,122.97586822509766,386.1325378417969,192.27667236328125,39.801551818847656,72.27705383300781,22.448476791381836,34.53958511352539,96.2511215209961,64.8090591430664,61.24766540527344,34.9838981628418,27.69883918762207,112.75660705566406,81.4767837524414
2021-05-18,121.59292602539062,382.80572509765625,192.6233367919922,39.36170196533203,71.5398941040039,21.927560806274414,34.057212829589844,94.84992218017578,64.29051208496094,61.057369232177734,35.05057907104492,27.694599151611328,112.7931900024414,80.84095764160156
2021-05-19,121.43708038330078,381.8021240234375,187.82000732421875,38.76028823852539,71.65331268310547,21.382036209106445,33.8478889465332,94.31522369384766,64.51617431640625,60.858428955078125,34.91722106933594,27.647993087768555,112.60104370117188,80.16210174560547
2021-05-20,123.98873901367188,385.9095153808594,195.5933380126953,38.78273010253906,72.88188171386719,21.349224090576172,33.866092681884766,94.52725219726562,65.75011444091797,61.4206428527832,35.35066223144531,27.889516830444336,113.7814712524414,80.98439025878906
2021-05-21,122.15778350830078,385.5935974121094,193.6266632080078,38.868011474609375,72.63616180419922,21.394336700439453,34.202850341796875,94.98817443847656,65.39004516601562,61.42931365966797,35.292320251464844,28.033584594726562,113.79979705810547,80.5780258178711
2021-05-24,123.78421020507812,389.5243225097656,202.14666748046875,39.21360397338867,73.959228515625,21.607627868652344,34.36665344238281,95.57817077636719,66.55197143554688,61.6109504699707,35.675750732421875,27.98273277282715,113.90959930419922,81.37640380859375
2021-05-25,123.58943176269531,388.6601257324219,201.56333923339844,38.8814582824707,73.94032287597656,21.168746948242188,34.020809173583984,95.29241943359375,66.5711898803711,61.62824249267578,35.7757682800293,27.643754959106445,113.57099914550781,81.63455200195312
2021-05-26,123.54071807861328,389.43145751953125,206.3766632080078,38.89493179321289,74.42228698730469,21.357425689697266,34.12092590332031,95.59661102294922,66.56636810302734,61.49848937988281,35.859130859375,27.647993087768555,112.91214752197266,82.41381072998047
2021-05-27,122.01170349121094,389.6358947753906,210.28334045410156,39.20461654663086,74.70581817626953,21.37383460998535,34.51228713989258,96.90564727783203,66.21587371826172,61.11793518066406,35.81745910644531,27.461557388305664,112.66510772705078,82.74366760253906
2021-05-28,121.35916900634766,390.3329162597656,208.4066619873047,39.16423034667969,74.46011352539062,21.41484832763672,34.57599639892578,96.90564727783203,66.45113372802734,61.24766540527344,36.0591926574707,27.6098575592041,113.10431671142578,82.62893676757812
2021-06-01,121.03778076171875,389.9889831542969,207.96665954589844,39.71178436279297,74.50736236572266,22.239288330078125,34.78533172607422,97.28362274169922,66.12464141845703,61.040077209472656,36.67600631713867,27.440372467041016,111.24671173095703,82.47117614746094
2021-06-02,121.79742431640625,390.60235595703125,201.7066650390625,39.37965774536133,74.2805404663086,22.653554916381836,34.83993911743164,97.00704956054688,66.58079528808594,61.26496124267578,37.18446350097656,27.584434509277344,111.0270767211914,82.0887222290039
2021-06-03,120.31707000732422,389.1526184082031,190.94667053222656,39.370697021484375,73.77967071533203,22.715078353881836,34.921852111816406,96.79501342773438,65.96139526367188,61.64556121826172,37.10946273803711,27.74968910217285,111.36566162109375,81.11346435546875
2021-06-04,122.60576629638672,392.7117919921875,199.68333435058594,39.45595932006836,74.8381118774414,22.86684799194336,35.01286697387695,97.10844421386719,67.22897338867188,61.861778259277344,37.14279556274414,27.707311630249023,111.72254943847656,81.76362609863281
2021-06-07,122.61552429199219,392.330810546875,201.7100067138672,38.97572326660156,75.22559356689453,22.768404006958008,34.78533172607422,96.43550872802734,67.21454620361328,61.75798797607422,37.492881774902344,27.758159637451172,112.12516784667969,81.76362609863281
2021-06-08,123.43360137939453,392.4144592285156,201.19667053222656,39.04753112792969,75.00823211669922,22.965286254882812,34.694313049316406,96.68439483642578,67.21936798095703,61.23902130126953,37.692928314208984,27.5208797454834,111.77745056152344,82.42338562011719
2021-06-09,123.81343078613281,391.82891845703125,199.5933380126953,38.74233627319336,74.93263244628906,22.821725845336914,34.36665344238281,95.6980209350586,67.26738739013672,60.9449348449707,37.7346076965332,27.76663589477539,112.85723114013672,81.96919250488281
2021-06-10,122.82003784179688,393.6503601074219,203.3733367919922,38.508949279785156,75.3389892578125,22.793014526367188,33.96620178222656,95.22786712646484,67.76192474365234,61.32551574707031,38.1180419921875,27.94883918762207,114.78807830810547,82.35643768310547
2021-06-11,124.0276870727539,394.30084228515625,203.29666137695312,38.65256118774414,75.4240493774414,22.715078353881836,34.18463897705078,95.42146301269531,68.16522979736328,61.3601188659668,37.87630844116211,28.012392044067383,113.9736557006836,82.80581665039062
2021-06-14,127.07603454589844,395.1836853027344,205.89666748046875,38.17681884765625,75.92491912841797,22.61663818359375,33.82968521118164,94.98817443847656,68.85665130615234,61.32551574707031,38.09303665161133,28.07172203063965,114.0743179321289,82.8297119140625
2021-06-15,126.25796508789062,394.4588317871094,199.7866668701172,38.096031188964844,75.49020385742188,23.047321319580078,33.89339065551758,95.393798828125,68.43412017822266,61.1784553527832,37.742942810058594,28.156461715698242,114.11090087890625,82.389892578125
2021-06-16,126.75464630126953,392.25640869140625,201.6233367919922,37.674137115478516,74.82865142822266,22.92426872253418,33.85700225830078,94.49038696289062,68.06441497802734,60.36540985107422,37.40118408203125,27.73273277282715,113.67167663574219,82.42814636230469
2021-06-17,128.3518524169922,392.12640380859375,205.53334045410156,36.834835052490234,75.14054107666016,22.14495086669922,32.8558349609375,93.03386688232422,68.85184478759766,60.5816535949707,37.54290008544922,27.885276794433594,114.54100036621094,82.73889923095703
2021-06-18,127.05656433105469,386.83642578125,207.77000427246094,36.23790740966797,74.26163482666016,21.488679885864258,32.064029693603516,91.82622528076172,68.22284698486328,59.50910949707031,36.951072692871094,27.160709381103516,113.2324447631836,82.3038558959961
2021-06-21,128.84854125976562,392.37432861328125,206.94332885742188,36.990238189697266,74.98210906982422,22.4044189453125,32.812374114990234,93.84591674804688,68.95401763916016,60.1916389465332,37.68514633178711,27.51256561279297,114.59295654296875,82.938232421875
2021-06-22,130.48475646972656,394.47210693359375,207.90333557128906,37.13900375366211,75.62590789794922,22.5535831451416,32.86721420288086,93.94763946533203,69.57933044433594,60.2786979675293,37.517356872558594,27.346038818359375,114.84099578857422,83.71862030029297
2021-06-23,130.21206665039062,393.99664306640625,218.85667419433594,36.90007781982422,75.55016326904297,22.615745544433594,32.93117141723633,93.73493957519531,69.50237274169922,59.904335021972656,37.3999137878418,27.0556640625,114.36329650878906,84.364990234375
2021-06-24,129.92958068847656,396.327392578125,226.60667419433594,37.01728820800781,76.26021575927734,22.810495376586914,33.34235382080078,94.46551513671875,69.94009399414062,60.20034408569336,37.223724365234375,27.03004264831543,114.95121002197266,84.6522445678711
2021-06-25,129.6374053955078,397.735107421875,223.9566650390625,37.02179718017578,76.3548812866211,22.93065071105957,33.7443962097168,94.65047454833984,69.85832977294922,60.6617431640625,37.4921989440918,27.320411682128906,115.47486114501953,85.18846130371094
2021-06-28,131.26388549804688,398.5369567871094,229.57333374023438,37.02179718017578,77.21643829345703,22.15580177307129,33.4976806640625,94.1511001586914,70.5894546508789,60.71398162841797,37.50897216796875,27.495492935180664,115.6494140625,85.20763397216797
2021-06-29,132.7734375,398.7514343261719,226.9199981689453,37.00376892089844,76.79985809326172,22.048063278198242,33.37889862060547,93.96613311767578,71.1041488647461,60.4441032409668,37.48379898071289,27.051393508911133,115.77803802490234,85.41828155517578
2021-06-30,133.38697814941406,399.08709716796875,226.56666564941406,37.102928161621094,76.65785217285156,22.32154655456543,33.52510070800781,94.69669342041016,71.02719116210938,60.91420364379883,37.1901741027832,27.000150680541992,115.70454406738281,85.4853286743164
2021-07-01,133.68894958496094,401.2966003417969,225.97332763671875,37.3057861328125,77.22589874267578,22.711042404174805,33.79008483886719,95.37178802490234,71.1474609375,60.73138427734375,37.341182708740234,27.294797897338867,116.73341369628906,85.96886444091797
2021-07-02,136.30870056152344,404.3639831542969,226.3000030517578,37.35987854003906,77.76554870605469,22.661319732666016,33.75352478027344,95.51976013183594,72.08544158935547,60.879390716552734,37.517356872558594,27.337493896484375,117.85418701171875,86.72534942626953
2021-07-06,138.31500244140625,403.6273498535156,219.86000061035156,36.805419921875,77.57620239257812,21.92375946044922,33.22356414794922,94.6042251586914,72.35960388183594,60.626914978027344,37.85293197631836,27.45279312133789,117.74396514892578,86.82588958740234
2021-07-07,140.79844665527344,405.0538635253906,214.88333129882812,37.1885871887207,77.46258544921875,21.567411422729492,33.269248962402344,95.5475082397461,72.75404357910156,60.949039459228516,38.04589080810547,27.63213539123535,118.48804473876953,86.77801513671875
2021-07-08,139.503173828125,401.7534484863281,217.60333251953125,36.68370819091797,76.61052703857422,21.44310188293457,32.602210998535156,94.2158203125,72.06619262695312,60.722679138183594,38.012332916259766,27.551000595092773,117.83580780029297,86.56254577636719
2021-07-09,141.32432556152344,406.0420837402344,218.98333740234375,37.40496063232422,77.29219055175781,21.898895263671875,33.54337692260742,95.7047119140625,72.72997283935547,61.0709228515625,38.51570129394531,27.58516502380371,118.24005126953125,87.37169647216797
2021-07-12,140.73028564453125,407.49658203125,228.56666564941406,37.52665710449219,77.84127044677734,21.865745544433594,33.8723258972168,95.83418273925781,72.78771209716797,60.97515106201172,38.85127639770508,27.674835205078125,118.46968841552734,87.97013854980469
2021-07-13,141.8405303955078,406.1072998046875,222.84666442871094,37.18408203125,77.64244842529297,21.700002670288086,33.5068244934082,94.9094009399414,73.08594512939453,60.95774459838867,38.3479118347168,27.46559715270996,118.35944366455078,86.91686248779297
2021-07-14,145.25897216796875,406.71337890625,217.7933349609375,37.10744094848633,77.58563232421875,21.053607940673828,33.351478576660156,94.90016174316406,73.62467193603516,61.497493743896484,38.68348693847656,27.70472526550293,118.24922943115234,86.75885009765625
2021-07-15,144.60641479492188,405.32421875,216.86666870117188,37.1119499206543,77.03654479980469,20.759410858154297,33.46113204956055,95.08512115478516,73.01858520507812,61.74994659423828,38.74221420288086,28.016450881958008,117.83580780029297,86.28963470458984
2021-07-16,142.57093811035156,402.14501953125,214.74000549316406,36.553001403808594,76.5537109375,20.1710205078125,33.004268646240234,94.2435531616211,72.29708862304688,61.84571838378906,38.78416442871094,28.298282623291016,118.15734100341797,85.22679138183594
2021-07-19,138.73377990722656,396.2061767578125,215.4066619873047,35.76866149902344,75.38922882080078,19.458322525024414,32.081390380859375,92.2738037109375,71.3013687133789,61.66291427612305,38.18012237548828,27.849916458129883,116.91715240478516,84.25008392333984
2021-07-20,142.3372344970703,401.88397216796875,220.1666717529297,36.174346923828125,76.24129486083984,19.719364166259766,32.876346588134766,94.85393524169922,72.35960388183594,61.68032455444336,38.86806106567383,27.969478607177734,118.3410873413086,85.80611419677734
2021-07-21,141.6067657470703,405.1377868652344,218.42999267578125,36.5710334777832,76.87559509277344,20.40720558166504,33.4428596496582,95.76020812988281,73.05706787109375,61.52360916137695,38.7505989074707,27.662025451660156,118.53398132324219,86.5960693359375
2021-07-22,142.97027587890625,405.9862060546875,216.4199981689453,36.58454895019531,77.14067840576172,20.179304122924805,33.07737350463867,95.40876770019531,73.59583282470703,61.419151306152344,38.473751068115234,27.70472526550293,119.40670013427734,86.9695053100586
2021-07-23,144.6843719482422,410.16302490234375,214.4600067138672,36.84149932861328,79.0531005859375,20.104721069335938,33.13218688964844,95.81568145751953,74.32696533203125,62.15913772583008,38.826107025146484,28.05914878845215,120.78470611572266,87.7451400756836
2021-07-26,145.10316467285156,411.1697998046875,219.2066650390625,37.152523040771484,79.46022033691406,20.601957321166992,33.32408142089844,95.76942443847656,74.28849792480469,62.26360321044922,38.826107025146484,28.067689895629883,120.00383758544922,88.39627075195312
2021-07-27,142.9410400390625,409.2958068847656,214.92666625976562,37.20210266113281,78.51347351074219,20.41135025024414,33.314937591552734,95.2423324584961,73.58622741699219,62.3941764831543,39.13650894165039,28.550216674804688,120.56422424316406,87.5009536743164
2021-07-28,141.19775390625,409.12799072265625,215.66000366210938,37.31029510498047,79.12884521484375,20.597808837890625,33.269248962402344,95.02037811279297,73.49481201171875,61.84571838378906,38.901607513427734,28.332443237304688,120.99600219726562,87.21846008300781
2021-07-29,141.8405303955078,410.82489013671875,225.78334045410156,37.72049331665039,78.27676391601562,20.79669761657715,33.63475799560547,95.76942443847656,73.83634185791016,62.15042495727539,38.78416442871094,28.40929412841797,121.28994750976562,88.19995880126953
2021-07-30,142.05479431152344,408.8297424316406,229.06666564941406,37.87375259399414,78.01170349121094,20.465213775634766,33.36976623535156,95.58448028564453,73.78823852539062,62.2548828125,38.91000747680664,28.17017364501953,121.4001693725586,86.38540649414062
2021-08-02,141.72369384765625,407.9720458984375,236.55667114257812,37.413963317871094,77.83181762695312,20.311901092529297,33.37889862060547,94.92791748046875,73.523681640625,61.99372482299805,38.92677688598633,28.387954711914062,121.56554412841797,86.6343765258789
2021-08-03,143.5156707763672,411.2910461425781,236.5800018310547,37.80162811279297,77.48149871826172,20.659961700439453,33.75352478027344,96.1670913696289,73.99508666992188,62.272315979003906,39.086177825927734,28.550216674804688,123.25586700439453,87.27593994140625
2021-08-04,143.1163787841797,409.26788330078125,236.97332763671875,37.441017150878906,77.69924926757812,20.10057258605957,33.47026824951172,94.86317443847656,74.14418029785156,61.462669372558594,38.96033477783203,28.507516860961914,122.73224639892578,86.42849731445312
2021-08-05,143.22349548339844,411.8598327636719,238.2100067138672,37.386924743652344,78.40933227539062,20.328474044799805,33.90886306762695,95.30705261230469,74.55304718017578,61.75869369506836,39.27074432373047,28.819236755371094,122.22700500488281,87.25678253173828
2021-08-06,142.54075622558594,412.5403137207031,233.03334045410156,37.92783737182617,78.40933227539062,20.514936447143555,34.59416580200195,95.7509536743164,74.49052429199219,61.75869369506836,39.20362091064453,28.802156448364258,122.12593078613281,86.66307830810547
2021-08-09,142.49200439453125,412.2046813964844,237.9199981689453,37.88277053833008,78.26731872558594,20.224885940551758,34.6855354309082,95.37178802490234,74.25000762939453,61.985008239746094,39.02743911743164,28.79361343383789,122.59442901611328,86.54342651367188
2021-08-10,142.01405334472656,412.7174072265625,236.663330078125,38.455238342285156,78.4188003540039,20.58123016357422,35.051048278808594,96.3427963256836,73.7160873413086,62.42900085449219,38.60797882080078,28.823505401611328,122.3096694946289,86.8833236694336
2021-08-11,142.26763916015625,413.74298095703125,235.94000244140625,38.99617385864258,78.57026672363281,20.742834091186523,35.45309066772461,97.59125518798828,73.7257080078125,62.6379508972168,38.81770706176758,29.092529296875,121.0970230102539,87.1371078491211
2021-08-12,145.22300720214844,414.9830322265625,240.75,38.93306350708008,78.7122802734375,20.722116470336914,35.51705551147461,97.40628051757812,74.14897155761719,62.603126525878906,38.95194625854492,29.122411727905273,122.05244445800781,87.17538452148438
2021-08-13,145.4278564453125,415.7382507324219,239.05667114257812,38.96912384033203,78.75963592529297,20.477643966674805,35.25205612182617,97.10111999511719,74.55304718017578,63.12548065185547,39.21202087402344,29.327383041381836,122.81491088867188,86.9264144897461
2021-08-16,147.39810180664062,416.71710205078125,228.72332763671875,38.775291442871094,78.89215087890625,20.10057258605957,35.16069412231445,97.43402862548828,74.88977813720703,63.49112319946289,39.253971099853516,29.506725311279297,124.21129608154297,86.5242691040039
2021-08-17,146.49095153808594,413.9854736328125,221.90333557128906,38.32903289794922,78.23892211914062,19.893394470214844,34.91398239135742,96.37979888916016,74.2692642211914,63.52596664428711,39.32947540283203,29.52381134033203,125.68115234375,84.47029113769531
2021-08-18,142.75534057617188,409.454345703125,229.663330078125,37.88277053833008,77.64244842529297,19.479034423828125,34.48453140258789,95.3255844116211,73.24468994140625,62.73371505737305,38.91838455200195,29.374359130859375,123.77031707763672,84.77194213867188
2021-08-19,143.08689880371094,410.0883483886719,224.49000549316406,37.54468536376953,77.65191650390625,18.97351837158203,34.22867965698242,94.65972137451172,73.96141052246094,63.23865509033203,39.245574951171875,29.49391746520996,124.33068084716797,84.23091888427734
2021-08-20,144.5402374267578,413.3514404296875,226.75332641601562,37.76556396484375,78.3241195678711,19.01496124267578,34.43882751464844,94.9094009399414,74.91382598876953,63.34310531616211,39.430137634277344,29.86115837097168,125.0380859375,85.04003143310547
2021-08-23,146.0228271484375,416.987548828125,235.43333435058594,38.09011459350586,79.27086639404297,19.727651596069336,34.722084045410156,95.68620300292969,75.88065338134766,63.14287567138672,39.27912902832031,29.476842880249023,125.083984375,86.13645935058594
2021-08-24,145.9350128173828,417.64935302734375,236.163330078125,38.32903289794922,79.5264892578125,20.054996490478516,34.932254791259766,96.1670913696289,75.79409790039062,62.6640739440918,38.985496520996094,29.284685134887695,124.64302062988281,86.74447631835938
2021-08-25,144.70602416992188,418.5258483886719,237.06666564941406,38.50482940673828,79.64955139160156,20.208309173583984,35.34343719482422,96.78669738769531,75.75077819824219,62.559608459472656,38.94355392456055,29.340190887451172,124.30315399169922,87.07962036132812
2021-08-26,143.90625,416.0552062988281,233.72000122070312,38.23887634277344,78.95842742919922,19.90168571472168,35.16982650756836,96.36129760742188,75.27458953857422,62.272315979003906,38.96873092651367,29.267602920532227,123.81625366210938,86.27530670166016
2021-08-27,144.940185546875,419.775146484375,237.30667114257812,38.74374008178711,80.20813751220703,20.43206787109375,35.635833740234375,97.02713012695312,76.00091552734375,62.48994064331055,39.28752517700195,29.259057998657227,123.67843627929688,87.06047058105469
2021-08-30,149.34881591796875,421.62109375,243.6366729736328,38.70317077636719,80.75724029541016,20.191736221313477,35.13328552246094,96.91616821289062,76.81864929199219,62.76856231689453,39.76572036743164,29.301761627197266,124.37663269042969,87.71641540527344
2021-08-31,148.09059143066406,420.9964294433594,245.24000549316406,38.590476989746094,81.0602035522461,20.054996490478516,35.08759307861328,96.64798736572266,76.41461181640625,62.90782928466797,40.00061798095703,29.267602920532227,124.21129608154297,87.92705535888672
2021-09-01,148.7538299560547,421.2202453613281,244.69667053222656,38.49131393432617,81.46731567382812,19.760805130004883,34.886573791503906,96.27806854248047,76.433837890625,63.23865509033203,40.68855285644531,29.65191650390625,124.24800872802734,87.92227172851562
2021-09-02,149.86575317382812,422.5160217285156,244.1300048828125,38.739227294921875,80.91819763183594,20.26218032836914,35.0053596496582,97.3138198852539,76.35205841064453,63.48240661621094,40.881500244140625,29.920936584472656,125.58008575439453,87.91748046875
2021-09-03,150.49978637695312,422.41357421875,244.52333068847656,38.482295989990234,80.91819763183594,20.146156311035156,34.78606033325195,96.72196197509766,76.65512084960938,63.4040641784668,40.881500244140625,29.673259735107422,125.71788024902344,87.86482238769531
2021-09-07,152.83090209960938,420.90313720703125,250.97332763671875,38.2298583984375,81.1075439453125,20.02599334716797,34.575897216796875,95.0481185913086,76.67436218261719,62.672767639160156,40.4284782409668,29.280414581298828,124.98297119140625,88.12336730957031
2021-09-08,151.2898406982422,420.390380859375,251.2899932861328,37.8647346496582,80.69096374511719,19.76909065246582,34.4936637878418,95.17758178710938,76.38092803955078,63.21253967285156,40.67176818847656,29.805648803710938,124.9278564453125,88.22389221191406
2021-09-09,150.27545166015625,418.591064453125,251.6199951171875,37.87826919555664,80.2933349609375,19.810527801513672,34.59416580200195,94.71522521972656,76.09231567382812,62.84688949584961,39.80767059326172,29.64337921142578,123.48553466796875,88.10899353027344
2021-09-10,145.30105590820312,415.2907409667969,245.42333984375,37.86924362182617,79.77262878417969,19.80223846435547,34.33832550048828,94.28981018066406,75.34192657470703,62.57700729370117,39.30429458618164,29.229167938232422,122.35557556152344,87.5679931640625
2021-09-13,145.8667449951172,416.353515625,247.6666717529297,37.860225677490234,79.97145080566406,20.369911193847656,34.731231689453125,94.53948974609375,75.36597442626953,62.73371505737305,39.522422790527344,29.17793846130371,121.602294921875,87.78343963623047
2021-09-14,144.4719696044922,414.10662841796875,248.163330078125,37.445526123046875,79.28031158447266,20.075716018676758,34.26522445678711,93.40202331542969,75.26976013183594,62.44643783569336,39.43852615356445,29.0797119140625,121.58394622802734,87.49138641357422
2021-09-15,145.35952758789062,417.56549072265625,251.94332885742188,37.84218978881836,79.6684799194336,20.825706481933594,34.59416580200195,94.42852020263672,75.92877197265625,62.672767639160156,39.58953857421875,29.041282653808594,122.37397766113281,88.05630493164062
2021-09-16,145.12547302246094,416.903564453125,252.3300018310547,37.43199920654297,79.59276580810547,20.589521408081055,34.4936637878418,93.78120422363281,75.97205352783203,62.46382141113281,39.665042877197266,28.797889709472656,122.06159973144531,88.4585189819336
2021-09-17,142.46270751953125,412.84246826171875,253.163330078125,36.66118240356445,78.7122802734375,20.436206817626953,34.33832550048828,92.78241729736328,74.78876495361328,62.124305725097656,39.30429458618164,28.35379409790039,122.1810531616211,88.14730072021484
2021-09-20,139.41958618164062,405.9586486816406,243.38999938964844,35.95671463012695,77.13042449951172,19.812152862548828,33.54176330566406,91.7182846069336,73.426513671875,61.504112243652344,39.03517150878906,28.301725387573242,120.90604400634766,86.1358413696289
2021-09-21,139.8974609375,405.5751953125,246.4600067138672,35.870689392089844,76.80797576904297,19.85828399658203,33.495880126953125,91.23584747314453,73.45543670654297,61.43401336669922,39.04361343383789,28.224285125732422,121.0904769897461,86.26531219482422
2021-09-22,142.25790405273438,409.5315246582031,250.64666748046875,36.241947174072266,76.77005004882812,20.470600128173828,34.05567169189453,91.95951843261719,74.4625244140625,61.609230041503906,39.37263488769531,28.20707893371582,121.29325866699219,87.44004821777344
2021-09-23,143.2137451171875,414.50732421875,251.2133331298828,36.75806427001953,77.55718994140625,21.187759399414062,34.890777587890625,93.36969757080078,75.45999145507812,61.83698654174805,39.178592681884766,28.056488037109375,122.16907501220703,88.32711029052734
2021-09-24,143.301513671875,415.1900634765625,258.1300048828125,36.7037353515625,78.19257354736328,21.347131729125977,35.074317932128906,93.56452941894531,75.51300048828125,61.8632698059082,38.73147201538086,28.026371002197266,121.67124938964844,88.657958984375
2021-09-27,141.7897186279297,414.0023193359375,263.78668212890625,36.988956451416016,78.18309783935547,22.10623550415039,35.551517486572266,93.65729522705078,74.78057861328125,61.58294677734375,38.090309143066406,27.695077896118164,119.9380874633789,89.1326675415039
2021-09-28,138.4149169921875,405.65936279296875,259.1866760253906,36.53169250488281,76.27690124511719,22.181724548339844,34.96419906616211,92.57182312011719,72.56396484375,60.85586166381836,37.862525939941406,27.346580505371094,117.88226318359375,87.41606903076172
2021-09-29,139.3123016357422,406.3421325683594,260.4366760253906,36.38228988647461,76.21050262451172,22.181724548339844,34.99173355102539,92.67389678955078,72.4724349975586,61.40774154663086,38.107177734375,27.70368766784668,118.8133773803711,87.50239562988281
2021-09-30,138.01502990722656,401.3757019042969,258.49334716796875,35.81636428833008,75.9734115600586,21.846210479736328,34.441104888916016,90.77196502685547,71.9520263671875,60.30397415161133,37.499752044677734,27.48426055908203,117.35679626464844,86.04473876953125
2021-10-01,139.13668823242188,406.1457214355469,258.40667724609375,36.386810302734375,77.2536849975586,22.58014488220215,35.01007080078125,92.01516723632812,73.03620910644531,60.461669921875,37.904701232910156,27.48426055908203,117.38445281982422,86.6920394897461
2021-10-04,135.71316528320312,400.9080505371094,260.510009765625,36.228363037109375,75.58456420898438,22.949220657348633,34.707237243652344,91.51417541503906,71.3448486328125,60.268943786621094,37.9468879699707,27.862884521484375,115.5959701538086,86.00640106201172
2021-10-05,137.63462829589844,405.07952880859375,260.1966552734375,36.54979705810547,76.71314239501953,23.083423614501953,35.38633346557617,92.53471374511719,72.3615951538086,60.57554244995117,37.651611328125,27.794036865234375,116.28739166259766,86.35160064697266
2021-10-06,138.50271606445312,406.7630310058594,260.9166564941406,36.48189163208008,76.84590911865234,22.840171813964844,35.42304229736328,92.94293975830078,72.83384704589844,61.16246032714844,38.01438522338867,28.224285125732422,116.07536315917969,86.62492370605469
2021-10-07,139.7609100341797,410.27972412109375,264.53668212890625,36.95726013183594,77.17782592773438,23.016319274902344,35.63410186767578,93.66658782958984,73.4988021850586,61.43401336669922,38.05656051635742,28.073698043823242,117.61490631103516,87.97229766845703
2021-10-08,139.38052368164062,409.5315246582031,261.8299865722656,36.7535400390625,76.7984848022461,23.7250919342041,35.808467864990234,93.65729522705078,73.22413635253906,61.36394119262695,37.64318084716797,27.867176055908203,117.02490997314453,87.56951141357422
2021-10-11,139.29273986816406,406.56658935546875,263.9800109863281,36.75806427001953,75.64148712158203,23.637020111083984,35.45056915283203,92.90581512451172,72.81936645507812,61.34642028808594,37.69379425048828,27.48856544494629,116.11224365234375,87.21468353271484
2021-10-12,138.02481079101562,405.5658874511719,268.5733337402344,36.80787658691406,74.93968963623047,23.65799331665039,35.3404541015625,92.59965515136719,72.4435043334961,61.372711181640625,38.199974060058594,27.673566818237305,115.54987335205078,87.90515899658203
2021-10-13,137.43955993652344,407.0249938964844,270.3599853515625,37.08404541015625,75.29059600830078,23.637020111083984,35.13855743408203,92.79448699951172,72.88682556152344,61.486595153808594,38.41932678222656,27.99625587463379,115.7342529296875,88.33670043945312
2021-10-14,140.21937561035156,413.87127685546875,272.7733459472656,37.9849853515625,76.35275268554688,23.926401138305664,35.72587966918945,94.54794311523438,74.52999114990234,62.17863845825195,38.95925521850586,28.340457916259766,117.3936538696289,89.26211547851562
2021-10-15,141.2727508544922,417.02325439453125,281.010009765625,38.09818649291992,76.17256927490234,24.04383087158203,36.25813293457031,95.45716857910156,75.12748718261719,62.02970504760742,38.97612380981445,28.258708953857422,117.97447204589844,90.62866973876953
2021-10-18,142.9406280517578,418.2579040527344,290.03668212890625,38.071022033691406,76.76055908203125,24.060609817504883,36.2673225402832,95.52210235595703,75.76358795166016,61.66178894042969,39.04361343383789,27.987648010253906,117.17239379882812,91.73629760742188
2021-10-19,145.09620666503906,421.4847106933594,288.0899963378906,38.270225524902344,77.50027465820312,24.33321762084961,36.62521743774414,96.08804321289062,76.51527404785156,61.68806076049805,39.22078323364258,28.340457916259766,118.71196746826172,91.47736358642578
2021-10-20,145.5839080810547,423.14019775390625,288.6000061035156,38.578086853027344,77.65201568603516,24.530330657958984,36.918880462646484,96.69107055664062,76.3032455444336,62.0472297668457,39.81976318359375,28.787906646728516,120.40824890136719,91.4102554321289
2021-10-21,145.7984619140625,424.2439270019531,298.0,38.478485107421875,77.87962341308594,24.077383041381836,36.762882232666016,96.88591003417969,76.59719848632812,61.96839141845703,39.946311950683594,28.787906646728516,120.89683532714844,92.75281524658203
2021-10-22,145.0279083251953,423.80426025390625,303.2266540527344,38.406044006347656,76.2294692993164,24.303855895996094,37.276790618896484,97.22917938232422,76.3321762084961,62.450199127197266,40.2331428527832,28.93419075012207,121.38544464111328,92.4219741821289
2021-10-25,144.97914123535156,426.0770568847656,341.6199951171875,38.790870666503906,76.56139373779297,24.660337448120117,37.23089599609375,97.45185852050781,76.58272552490234,62.406375885009766,40.351261138916016,28.80942153930664,121.5329360961914,94.71394348144531
2021-10-26,145.64239501953125,426.4604797363281,339.4766540527344,38.89952850341797,75.87859344482422,24.802936553955078,37.258426666259766,96.84880065917969,76.79956817626953,62.625389099121094,40.5368537902832,28.96430778503418,122.1321792602539,94.72831726074219
2021-10-27,145.18399047851562,424.5711975097656,345.9533386230469,38.3426628112793,75.66992950439453,24.089963912963867,36.64357376098633,95.71691131591797,76.73212432861328,62.257450103759766,40.2415885925293,28.77070426940918,121.1641845703125,94.93929290771484
2021-10-28,148.81239318847656,428.66778564453125,359.0133361816406,38.72296905517578,75.91648864746094,24.261920928955078,37.09324264526367,96.91374969482422,77.50308227539062,62.476470947265625,40.83213424682617,28.960002899169922,122.17829895019531,96.20035552978516
2021-10-29,146.11061096191406,429.5375671386719,371.3333435058594,38.53734588623047,76.1535873413086,24.10254669189453,36.946407318115234,96.94157409667969,77.83558654785156,62.4151496887207,40.34281921386719,28.787906646728516,123.3675308227539,96.44967651367188
2021-11-01,145.29129028320312,430.27655029296875,402.86334228515625,38.62788772583008,76.27690124511719,24.517749786376953,36.96476745605469,97.21061706542969,77.7199478149414,62.51150131225586,40.43562316894531,28.89116859436035,123.22003936767578,98.21902465820312
2021-11-02,146.32518005371094,432.0162048339844,390.6666564941406,39.067054748535156,76.286376953125,24.287078857421875,37.056541442871094,97.53533172607422,78.4041976928711,62.931983947753906,40.81525421142578,28.9169864654541,123.99441528320312,97.55732727050781
2021-11-03,147.75897216796875,434.6537780761719,404.6199951171875,39.47451400756836,76.56139373779297,24.085773468017578,37.19418716430664,97.32195281982422,78.86194610595703,63.5189094543457,41.051475524902344,28.80942153930664,124.72271728515625,99.31224822998047
2021-11-04,147.24203491210938,436.7020568847656,409.9700012207031,39.451881408691406,76.86486053466797,24.11932373046875,36.707801818847656,97.71161651611328,80.09552001953125,63.580238342285156,40.58747100830078,28.65023422241211,123.86536407470703,100.65003967285156
2021-11-05,147.76951599121094,438.21722412109375,407.36334228515625,39.759742736816406,77.48131561279297,24.43386459350586,36.726173400878906,98.70430755615234,80.50994110107422,63.948143005371094,40.680274963378906,28.921289443969727,122.48249816894531,101.29734802246094
2021-11-08,146.948974609375,438.5914001464844,387.64666748046875,40.257755279541016,77.13990020751953,24.656147003173828,36.92805862426758,99.11254119873047,80.94361114501953,63.4400634765625,40.671836853027344,28.491039276123047,123.21077728271484,99.86366271972656
2021-11-09,147.3104248046875,437.1416320800781,341.1666564941406,40.44337844848633,76.95021057128906,24.75680160522461,36.726173400878906,99.36302947998047,80.61112976074219,63.65906524658203,40.823692321777344,28.6373233795166,122.75906372070312,98.01763153076172
2021-11-10,144.48751831054688,433.6249084472656,355.98333740234375,40.16721725463867,76.07772827148438,24.10254669189453,36.66193389892578,98.8063735961914,79.28115844726562,63.851776123046875,40.621219635009766,28.869653701782227,123.109375,97.6532211303711
2021-11-11,144.4385986328125,433.7651672363281,354.5033264160156,40.48866271972656,75.92599487304688,24.194814682006836,36.762882232666016,98.39816284179688,79.65222930908203,63.807987213134766,40.63808822631836,28.69325828552246,122.74983978271484,97.38949584960938
2021-11-12,146.50941467285156,437.03875732421875,344.47332763671875,40.79198455810547,77.03556060791016,24.13609504699707,36.8454704284668,99.17748260498047,80.62075805664062,63.807987213134766,40.654964447021484,28.67604637145996,123.35829162597656,97.7155532836914
2021-11-15,146.51918029785156,437.18841552734375,337.7966613769531,40.60636901855469,77.2536849975586,24.337406158447266,36.8454704284668,99.36302947998047,80.5388412475586,64.11459350585938,40.882747650146484,29.054662704467773,122.5931396484375,97.63402557373047
2021-11-16,147.4960174560547,438.918701171875,351.57666015625,40.493186950683594,76.67520141601562,24.37515640258789,36.80875778198242,99.38158416748047,81.38691711425781,63.71162414550781,40.62966537475586,28.9169864654541,123.109375,99.17320251464844
2021-11-17,149.92822265625,437.85260009765625,363.0033264160156,40.226070404052734,76.38121795654297,24.001895904541016,36.386619567871094,98.78780364990234,81.14120483398438,63.57146072387695,40.899620056152344,28.94280242919922,123.28450775146484,99.80613708496094
2021-11-18,154.20655822753906,439.33966064453125,365.4599914550781,40.05402374267578,75.83116149902344,23.859298706054688,36.20307540893555,98.5837173461914,81.95071411132812,63.34370040893555,40.89118576049805,28.792213439941406,123.33067321777344,100.93773651123047
2021-11-19,156.82440185546875,438.55401611328125,379.0199890136719,39.98158645629883,75.5750961303711,22.928241729736328,35.808467864990234,98.09199523925781,82.5482177734375,63.115962982177734,40.671836853027344,28.955711364746094,122.58390045166016,101.37407684326172
2021-11-22,157.2834930419922,437.3194274902344,385.6233215332031,40.04497528076172,74.65516662597656,23.335054397583008,36.31320571899414,98.36103057861328,81.62783813476562,63.61528015136719,40.469364166259766,29.132104873657227,122.03079223632812,101.11991882324219
2021-11-23,157.6644287109375,437.8992919921875,369.6766662597656,40.08571243286133,74.4560317993164,24.05222511291504,36.882171630859375,98.52803802490234,81.43992614746094,64.0357437133789,40.899620056152344,29.1622257232666,122.15980529785156,100.3863296508789
2021-11-24,158.18214416503906,439.0683898925781,372.0,39.800498962402344,74.56034851074219,24.287078857421875,36.799583435058594,98.41670227050781,82.03264617919922,63.84302520751953,41.44799041748047,29.179431915283203,122.1137466430664,100.59249877929688
2021-11-26,153.1711883544922,429.2756652832031,360.6400146484375,39.11684799194336,73.19469451904297,23.30989646911621,35.57904815673828,95.75403594970703,79.98468780517578,63.037109375,40.325950622558594,28.723373413085938,121.6619873046875,97.8498306274414
2021-11-29,156.52159118652344,434.5415344238281,378.9966735839844,39.29794692993164,73.82061767578125,23.444103240966797,35.689170837402344,95.92105102539062,81.98444366455078,63.19479751586914,40.83213424682617,29.149316787719727,121.993896484375,99.36979675292969
2021-11-30,161.46414184570312,426.0863952636719,381.586669921875,38.324554443359375,71.47816467285156,22.894691467285156,34.83570861816406,93.49031066894531,81.3001937866211,61.574188232421875,39.98005676269531,28.297428131103516,119.59697723388672,98.0272445678711
2021-12-01,160.94642639160156,421.353759765625,365.0,37.9351921081543,69.82801818847656,22.651443481445312,34.450286865234375,92.19145202636719,80.18708038330078,61.276336669921875,39.45699691772461,28.349056243896484,119.38494873046875,96.2579116821289
2021-12-02,159.9598846435547,427.8073425292969,361.5333251953125,38.709381103515625,71.00397491455078,23.30989646911621,35.47809982299805,94.9283218383789,80.9243392944336,61.924583435058594,40.5368537902832,28.710466384887695,119.96573638916016,97.62924194335938
2021-12-03,158.08445739746094,424.0848083496094,338.3233337402344,38.623355865478516,70.84276580810547,23.125354766845703,34.89995193481445,94.81700897216797,79.5703125,62.695465087890625,40.334388732910156,28.998735427856445,120.18698120117188,95.73046112060547
2021-12-06,161.48370361328125,429.1073913574219,336.336669921875,39.18928909301758,72.00924682617188,23.469257354736328,35.432212829589844,96.42203521728516,80.32682800292969,63.799232482910156,40.916500091552734,29.441892623901367,120.86920928955078,96.82369995117188
2021-12-07,167.20773315429688,437.9834289550781,350.5833435058594,39.78689956665039,72.74896240234375,24.01866912841797,36.06541442871094,97.40545654296875,83.13127899169922,63.939395904541016,41.642024993896484,29.661319732666016,122.42720031738281,99.08206939697266
2021-12-08,171.01722717285156,439.1431579589844,356.32000732421875,39.954410552978516,73.28006744384766,24.01447296142578,35.87270736694336,97.64666748046875,83.51194763183594,63.73789978027344,41.819183349609375,29.631196975708008,123.34907531738281,99.3314437866211
2021-12-09,170.50927734375,436.1783142089844,334.6000061035156,39.732582092285156,72.70154571533203,23.829938888549805,35.79929733276367,97.34051513671875,82.6108627319336,63.9130973815918,41.28768539428711,29.59247398376465,123.63485717773438,97.61005401611328
2021-12-10,175.28578186035156,440.28424072265625,339.010009765625,39.97705841064453,72.739501953125,24.006086349487305,35.835994720458984,97.73944091796875,84.26847839355469,64.9906005859375,41.49860382080078,29.751665115356445,124.06817626953125,98.29095458984375
2021-12-13,171.66189575195312,436.384033203125,322.13665771484375,39.737091064453125,72.36013793945312,23.339250564575195,35.45056915283203,96.72819519042969,83.01563262939453,65.84030151367188,42.05541229248047,30.11737823486328,125.23896789550781,95.75923919677734
2021-12-14,170.28463745117188,433.3817138671875,319.5033264160156,39.69636535644531,72.17047119140625,23.242788314819336,35.66163635253906,95.80970764160156,81.6519546508789,65.88410949707031,41.591407775878906,29.936677932739258,124.73189544677734,95.2030258178711
2021-12-15,175.13926696777344,440.1533203125,325.3299865722656,39.782379150390625,72.92914581298828,23.12955665588379,35.7625846862793,96.6446762084961,83.81551361083984,66.54988098144531,42.2072639465332,30.42715835571289,127.28556060791016,96.4113540649414
2021-12-16,168.2626495361328,436.2718200683594,308.97332763671875,40.189842224121094,72.8248291015625,23.276342391967773,36.212257385253906,96.69107055664062,81.43992614746094,67.02291107177734,42.367557525634766,30.582042694091797,128.04148864746094,94.28240966796875
2021-12-17,167.1686553955078,431.6286315917969,310.8566589355469,39.68730545043945,72.53083801269531,22.802427291870117,35.41386413574219,95.0396728515625,80.89543914794922,65.8753433227539,42.22412872314453,30.121686935424805,127.14727020263672,93.63987731933594
2021-12-20,165.8109130859375,427.03900146484375,299.9800109863281,38.97835922241211,72.02433776855469,22.519920349121094,34.725982666015625,93.51705169677734,79.9332504272461,65.89474487304688,41.94759750366211,30.150306701660156,126.37731170654297,92.128173828125
2021-12-21,168.9757080078125,434.62274169921875,312.84332275390625,39.46979522705078,73.39280700683594,23.16140365600586,35.44520568847656,95.37960052490234,81.95609283447266,65.80657196044922,42.18585205078125,30.106937408447266,126.90484619140625,94.51483154296875
2021-12-22,171.56417846679688,438.9683532714844,336.2900085449219,39.78377151489258,73.57333374023438,23.310091018676758,35.6111946105957,95.6496353149414,83.02783966064453,66.2210922241211,42.60276412963867,30.237024307250977,128.385498046875,96.23876190185547
2021-12-23,172.18934631347656,441.69964599609375,355.6666564941406,40.184200286865234,74.22906494140625,23.322837829589844,35.79560852050781,96.77645111083984,83.49132537841797,66.37101745605469,42.47513198852539,30.232694625854492,128.9130096435547,97.5737533569336
2021-12-27,176.1453857421875,447.95068359375,364.64666748046875,40.78940200805664,74.95130157470703,23.83262062072754,36.16444396972656,97.80084991455078,85.28240966796875,67.07664489746094,43.343017578125,30.3801212310791,130.2733612060547,98.5245590209961
2021-12-28,175.1295166015625,447.5845642089844,362.8233337402344,41.02601623535156,74.91331481933594,23.815631866455078,36.18288803100586,98.29443359375,84.83826446533203,67.45592498779297,43.530216217041016,30.653322219848633,129.93096923828125,98.56778717041016
2021-12-29,175.21742248535156,448.15716552734375,362.0633239746094,41.19437789916992,74.54266357421875,23.66269874572754,36.136783599853516,98.47135162353516,84.91065979003906,67.7646255493164,43.793983459472656,30.81809425354004,130.67132568359375,98.76467895507812
2021-12-30,174.0648193359375,446.9181823730469,356.7799987792969,41.048770904541016,74.85627746582031,23.51825714111328,36.072235107421875,98.11747741699219,84.35066986083984,67.55290985107422,43.98967742919922,30.930837631225586,130.93968200683594,98.40933990478516
2021-12-31,173.44943237304688,445.79193115234375,352.260009765625,41.23078918457031,73.82042694091797,23.577733993530273,36.007686614990234,98.53656005859375,83.94029235839844,68.0115737915039,44.083282470703125,31.03923988342285,130.38442993164062,98.17402648925781
2022-01-03,177.786376953125,448.3730163574219,399.9266662597656,40.693851470947266,74.3335952758789,24.308429718017578,36.45029067993164,97.72634887695312,84.73686981201172,68.00274658203125,43.67485809326172,30.731359481811523,129.0425567626953,100.99283599853516
2022-01-04,175.52996826171875,448.2229309082031,383.1966552734375,41.19437789916992,74.17203521728516,25.149580001831055,37.40926742553711,99.69129943847656,83.83889770507812,68.4614028930664,43.50468444824219,30.635961532592773,127.33975219726562,100.37818145751953
2022-01-05,170.86090087890625,439.6159973144531,362.7066650390625,41.18983459472656,72.30941772460938,25.14533042907715,36.975887298583984,98.74143981933594,81.26087951660156,68.39967346191406,42.09225082397461,30.61861801147461,126.43281555175781,97.66979217529297
2022-01-06,168.00869750976562,439.20306396484375,354.8999938964844,40.67108917236328,72.6325454711914,25.70610237121582,37.519927978515625,99.19774627685547,80.85051727294922,68.21444702148438,42.1432991027832,30.302064895629883,124.97062683105469,97.41529846191406
2022-01-07,168.1747283935547,437.4666748046875,342.32000732421875,40.63468551635742,72.64203643798828,26.058706283569336,37.9625244140625,99.1697998046875,80.10704803466797,68.28498077392578,41.922088623046875,30.531896591186523,124.33211517333984,95.79219055175781
2022-01-10,168.19427490234375,436.92236328125,352.7066650390625,40.22060012817383,72.18589782714844,25.97798728942871,37.83343505859375,98.05229187011719,80.12153625488281,67.74695587158203,41.67533493041992,30.332427978515625,125.60920715332031,95.2063217163086
2022-01-11,171.01722717285156,440.9018859863281,354.79998779296875,40.6619873046875,73.08868408203125,26.86161994934082,38.16539001464844,98.63898468017578,81.0822525024414,67.66758728027344,41.607261657714844,30.059236526489258,126.60869598388672,96.1235122680664
2022-01-12,171.45675659179688,442.0939025878906,368.739990234375,41.071533203125,73.18370819091797,26.912601470947266,38.19305419921875,98.95561981201172,81.46366119384766,67.69405364990234,41.717864990234375,30.15464210510254,126.24775695800781,96.75740814208984
2022-01-13,168.19427490234375,436.0024719238281,343.85333251953125,40.752994537353516,72.42346954345703,26.776657104492188,38.04551315307617,99.1697998046875,79.3539047241211,67.81755065917969,41.573219299316406,30.302064895629883,124.28582763671875,94.81254577636719
2022-01-14,169.05384826660156,436.18084716796875,349.8699951171875,40.40717315673828,72.75607299804688,27.405399322509766,37.64902114868164,98.57379913330078,80.02498626708984,67.94102478027344,41.088226318359375,30.09391975402832,124.07295989990234,94.37076568603516
2022-01-18,165.8597412109375,428.4562072753906,343.5033264160156,39.87478256225586,71.87226867675781,27.515851974487305,36.809906005859375,97.43765258789062,78.10353088378906,66.96199035644531,40.80744552612305,29.734018325805664,122.33319091796875,92.58436584472656
2022-01-19,162.37254333496094,424.00726318359375,331.8833312988281,39.774681091308594,71.74874877929688,27.31618309020996,36.192115783691406,96.34809112548828,77.01245880126953,67.38534545898438,40.27992248535156,29.868440628051758,121.83343505859375,90.91325378417969
2022-01-20,160.69247436523438,419.3143005371094,332.0899963378906,39.19676971435547,71.03600311279297,27.065534591674805,35.961585998535156,95.11882019042969,76.01793670654297,66.9443588256836,39.922542572021484,29.90746307373047,121.03755187988281,89.25653839111328
2022-01-21,158.64122009277344,411.0829772949219,314.6333312988281,38.24119186401367,68.6316909790039,26.53026008605957,35.22391128540039,94.24342346191406,74.5068588256836,66.99726867675781,39.89702224731445,29.85110092163086,119.81597900390625,86.63938903808594
2022-01-24,157.86952209472656,412.82879638671875,310.0,38.26395034790039,69.13536834716797,26.708683013916016,35.32534408569336,94.7835693359375,74.89307403564453,66.7767562866211,39.982112884521484,29.564903259277344,119.41803741455078,87.68144226074219
2022-01-25,156.07225036621094,407.78851318359375,306.1333312988281,37.91812515258789,67.71942138671875,27.745250701904297,35.472877502441406,93.85230255126953,73.1598892211914,66.03588104248047,39.87150573730469,29.100915908813477,118.64994049072266,86.19759368896484
2022-01-26,155.9843292236328,406.7654113769531,312.4700012207031,37.522239685058594,66.73107147216797,27.698524475097656,35.565093994140625,93.03279876708984,73.5895767211914,65.53313446044922,39.20783233642578,28.862417221069336,118.02989196777344,85.77981567382812
2022-01-27,155.5252227783203,404.75689697265625,276.3666687011719,37.64965057373047,66.80711364746094,28.00014877319336,35.24235153198242,92.20399475097656,73.08264923095703,65.97415924072266,38.501609802246094,29.118261337280273,118.33528900146484,83.70051574707031
2022-01-28,166.37742614746094,414.8091735839844,282.1166687011719,37.868072509765625,68.71724700927734,27.881196975708008,35.703399658203125,92.84654998779297,76.27862548828125,66.75030517578125,39.83747100830078,29.46950340270996,120.75066375732422,85.52529907226562
2022-01-31,170.7241973876953,422.2803039550781,312.239990234375,38.427757263183594,70.27574157714844,28.00439453125,36.01690673828125,93.81504821777344,78.19526672363281,67.00609588623047,40.27992248535156,30.02888298034668,121.44475555419922,88.81472778320312
2022-02-01,170.55812072753906,425.1336364746094,310.4166564941406,39.01932144165039,70.88395690917969,29.002729415893555,36.51483917236328,95.10951232910156,78.39802551269531,66.9443588256836,40.00763702392578,29.629953384399414,121.76863861083984,89.3525619506836
2022-02-02,171.75958251953125,429.2634582519531,301.88665771484375,39.142173767089844,72.29991149902344,29.096189498901367,36.7638053894043,95.77071380615234,79.0353012084961,67.74695587158203,40.69683074951172,30.067909240722656,123.40668487548828,88.81954956054688
2022-02-03,168.88778686523438,419.1735534667969,297.0466613769531,38.45960998535156,67.46282196044922,28.820064544677734,36.35808563232422,94.24342346191406,76.74210357666016,67.7646255493164,40.27992248535156,29.933486938476562,122.87918090820312,86.1015396118164
2022-02-04,168.6041717529297,421.1446228027344,307.7733459472656,37.82257080078125,67.63389587402344,29.270374298095703,36.975887298583984,93.2283706665039,77.05109405517578,66.9355239868164,39.72684860229492,29.694992065429688,122.4349594116211,88.55062103271484
2022-02-07,167.89022827148438,419.79302978515625,302.4466552734375,37.63600158691406,66.45549011230469,29.644224166870117,37.0865364074707,93.30289459228516,76.53932189941406,67.05900573730469,39.7353515625,29.651628494262695,122.22212982177734,88.3681411743164
2022-02-08,170.99061584472656,423.2470397949219,307.3333435058594,38.21843719482422,66.4269790649414,29.00698471069336,37.602909088134766,94.234130859375,77.48558044433594,67.31480407714844,39.37800216674805,29.67331314086914,123.22156524658203,89.61188507080078
2022-02-09,172.40872192382812,429.44171142578125,310.6666564941406,39.05116271972656,68.29908752441406,29.24913215637207,37.8426513671875,95.5285873413086,79.20426940917969,67.3324203491211,40.33095932006836,29.80339813232422,124.1747817993164,90.79801177978516
2022-02-10,168.340087890625,421.72662353515625,301.51666259765625,38.823646545410156,67.32027435302734,29.066452026367188,37.510711669921875,93.96405792236328,77.1331787109375,66.60917663574219,39.18229293823242,29.04888153076172,122.23136138916016,89.23251342773438
2022-02-11,164.93650817871094,413.41064453125,286.6666564941406,38.222999572753906,65.8663101196289,29.911861419677734,36.985107421875,92.52993774414062,74.7771987915039,66.37101745605469,38.6462516784668,29.06622314453125,120.5378189086914,86.6681900024414
2022-02-14,165.17124938964844,412.0589904785156,291.9200134277344,37.909027099609375,65.87578582763672,29.206645965576172,36.570167541503906,92.18536376953125,74.75305938720703,66.18582153320312,38.22932434082031,28.819059371948242,119.30699157714844,87.16283416748047
2022-02-15,168.99539184570312,418.70428466796875,307.4766540527344,38.605228424072266,66.79759979248047,28.900779724121094,37.06808853149414,93.57292175292969,76.71797180175781,66.30047607421875,38.4165153503418,28.684640884399414,120.64884948730469,89.11245727539062
2022-02-16,168.76065063476562,419.1735534667969,307.7966613769531,38.88734817504883,66.33194732666016,29.134428024291992,37.09575653076172,94.0665054321289,76.64070892333984,66.4239730834961,38.518619537353516,28.749679565429688,120.83397674560547,89.36698150634766
2022-02-17,165.17124938964844,410.2194519042969,292.1166687011719,38.222999572753906,64.56436157226562,29.08769989013672,36.17366409301758,92.34366607666016,74.34752655029297,66.9355239868164,38.18679428100586,28.767017364501953,118.89056396484375,86.97552490234375
2022-02-18,163.6259307861328,407.563232421875,285.6600036621094,38.159297943115234,64.0606918334961,28.909273147583008,36.16444396972656,91.58003234863281,73.59440612792969,67.05900573730469,38.0166130065918,28.714984893798828,118.00212860107422,86.43771362304688
2022-02-22,160.7113800048828,403.1894226074219,273.84332275390625,37.617794036865234,63.40497970581055,28.441967010498047,35.98002624511719,90.69535064697266,72.91368103027344,66.53862762451172,37.91450500488281,28.684640884399414,117.70599365234375,83.9166259765625
2022-02-23,156.55471801757812,396.03741455078125,254.67999267578125,37.135467529296875,62.34062194824219,28.735088348388672,35.353004455566406,89.02838897705078,71.08879089355469,66.0006103515625,37.42100524902344,28.1989688873291,117.11370849609375,81.11216735839844
2022-02-24,159.16610717773438,401.9974365234375,266.92333984375,37.02625274658203,64.08920288085938,28.509939193725586,34.9288444519043,90.1645278930664,73.51717376708984,64.8628158569336,38.06767654418945,28.424453735351562,117.58570098876953,82.9657974243164
2022-02-25,161.22976684570312,410.8670959472656,269.9566650390625,38.377708435058594,65.12504577636719,29.261873245239258,36.05379104614258,92.31571960449219,74.51648712158203,66.95316314697266,39.0206413269043,29.304719924926758,121.18560028076172,84.60807800292969
2022-02-28,161.49380493164062,409.81585693359375,290.1433410644531,37.94087600708008,65.0490493774414,29.984079360961914,35.51898193359375,93.02351379394531,74.3813247680664,66.06233215332031,38.34844970703125,29.456493377685547,120.26943969726562,85.20355987548828
2022-03-01,159.61598205566406,403.57421875,288.1233215332031,37.06720733642578,64.23175811767578,30.285703659057617,34.20960235595703,91.63591003417969,72.89437866210938,65.67426300048828,38.271873474121094,29.200653076171875,119.60313415527344,83.91179656982422
2022-03-02,162.90219116210938,410.99847412109375,293.2966613769531,37.8817253112793,64.78294372558594,30.978160858154297,35.09481430053711,93.591552734375,74.47306060791016,66.37101745605469,38.95255661010742,29.556228637695312,121.40770721435547,85.6741714477539
2022-03-03,162.57940673828125,408.95233154296875,279.7633361816406,37.92722702026367,64.10820007324219,31.063129425048828,34.984169006347656,93.69400024414062,73.5847396850586,66.90906524658203,39.37800216674805,30.076581954956055,122.02776336669922,83.73411560058594
2022-03-04,159.5866241455078,405.6297607421875,279.42999267578125,37.79526901245117,63.18640899658203,31.959514617919922,34.3294792175293,93.48912048339844,72.29572296142578,66.91790008544922,39.70983123779297,30.74003791809082,122.63855743408203,82.40394592285156
2022-03-07,155.80165100097656,393.6720886230469,268.1933288574219,36.484764099121094,61.086212158203125,32.43105697631836,33.075439453125,90.9840316772461,69.6501235961914,65.70069885253906,38.986595153808594,31.138978958129883,120.50082397460938,78.3653793334961
2022-03-08,153.98251342773438,390.6873779296875,274.79998779296875,36.29819869995117,60.93416976928711,32.94084548950195,32.881797790527344,90.42527770996094,69.31217193603516,63.927879333496094,38.637752532958984,30.657644271850586,118.03914642333984,78.52862548828125
2022-03-09,159.3715057373047,401.16204833984375,286.3233337402344,37.4221305847168,62.758758544921875,31.934019088745117,34.08973693847656,92.06429290771484,72.05432891845703,64.36006927490234,39.284400939941406,30.44083595275879,120.26943969726562,81.05455780029297
2022-03-10,155.0387725830078,399.3505859375,279.4333190917969,37.522239685058594,62.293121337890625,32.91111755371094,33.80388641357422,91.94324493408203,70.7942886352539,63.75148391723633,39.420536041259766,30.644634246826172,120.22319030761719,81.63079833984375
2022-03-11,151.33197021484375,394.2727966308594,265.1166687011719,37.24467086791992,61.1717414855957,32.647727966308594,33.564144134521484,91.20753479003906,69.54873657226562,63.0106086730957,39.029136657714844,30.540565490722656,119.32549285888672,80.0605239868164
2022-03-14,147.312255859375,391.3913269042969,255.4566650390625,37.1900634765625,60.45899963378906,31.670625686645508,33.98830795288086,91.51485443115234,68.25971984863281,63.345760345458984,38.79090118408203,30.505876541137695,120.16764831542969,78.72553253173828
2022-03-15,151.68409729003906,399.998291015625,267.2966613769531,37.617794036865234,61.618377685546875,30.51085662841797,34.46779251098633,92.96762084960938,70.55289459228516,64.76579284667969,39.09721374511719,30.896150588989258,122.56452178955078,81.36187744140625
2022-03-16,156.08526611328125,408.8677978515625,280.07666015625,38.209346771240234,63.319435119628906,30.370664596557617,35.43599319458008,94.1968994140625,72.84611511230469,64.83635711669922,39.531158447265625,30.839773178100586,124.03593444824219,84.13748931884766
2022-03-17,157.0926513671875,413.9832458496094,290.5333251953125,38.941959381103516,64.00366973876953,31.41573143005371,35.87859344482422,95.40752410888672,73.36266326904297,65.28617858886719,40.09272384643555,30.96985626220703,125.99789428710938,85.53971099853516
2022-03-18,160.37884521484375,418.5174560546875,301.7966613769531,39.17857360839844,64.83995819091797,31.385995864868164,35.961585998535156,95.77071380615234,74.86409759521484,65.43611145019531,40.186309814453125,30.705345153808594,126.77528381347656,87.34048461914062
2022-03-21,161.74815368652344,418.39501953125,307.0533447265625,39.50422668457031,64.2330551147461,32.651214599609375,35.926414489746094,95.98653411865234,74.721923828125,65.52029418945312,39.980079650878906,30.910511016845703,126.6786880493164,86.6089859008789
2022-03-22,165.11257934570312,423.2908935546875,331.32666015625,39.71889877319336,65.43351745605469,32.41103744506836,36.50960159301758,96.5097885131836,75.7956771850586,66.00758361816406,40.005760192871094,30.95417022705078,126.70655059814453,88.75881958007812
2022-03-23,166.4720458984375,417.83953857421875,333.03668212890625,39.53620910644531,64.53793334960938,32.96859359741211,35.833839416503906,95.58476257324219,74.6300277709961,65.47596740722656,39.552207946777344,30.997827529907227,124.43212127685547,87.65745544433594
2022-03-24,170.2472686767578,424.13824462890625,337.97332763671875,40.330955505371094,65.59547424316406,33.050079345703125,36.12080764770508,96.31355285644531,76.56951141357422,65.93669128417969,39.86027908325195,31.316482543945312,125.9175033569336,88.34039306640625
2022-03-25,170.88296508789062,426.2095031738281,336.8800048828125,40.783138275146484,65.90987396240234,33.77489471435547,36.58365249633789,96.91156768798828,76.52599334716797,66.48603820800781,40.330936431884766,31.77047348022461,126.5023422241211,88.18649291992188
2022-03-28,171.7436981201172,429.2411804199219,363.9466552734375,40.60042190551758,66.1194839477539,32.93856430053711,36.48183059692383,96.93958282470703,77.43526458740234,66.76068115234375,40.84437942504883,31.975637435913086,127.42131042480469,90.5383071899414
2022-03-29,175.02989196777344,434.55126953125,366.5233459472656,40.942996978759766,67.27227783203125,32.852787017822266,36.56513595581055,97.83655548095703,79.07976531982422,67.35431671142578,42.042415618896484,32.27247619628906,128.17332458496094,92.11581420898438
2022-03-30,173.86602783203125,431.86798095703125,364.663330078125,40.80596923828125,66.79591369628906,33.234493255615234,36.305946350097656,97.72444915771484,78.02536010742188,67.39859771728516,41.81135559082031,32.53876495361328,128.42393493652344,90.71625518798828
2022-03-31,170.77542114257812,425.220947265625,359.20001220703125,40.2624397277832,65.52877807617188,32.7841682434082,35.47281265258789,96.22013092041016,76.869384765625,67.23912811279297,41.34925842285156,32.503841400146484,127.17073059082031,88.97525024414062
2022-04-01,170.48202514648438,426.42608642578125,361.5299987792969,40.68722152709961,66.0146713256836,33.050079345703125,35.38024139404297,95.47264099121094,76.64208221435547,67.9124984741211,42.170772552490234,32.95782470703125,128.17332458496094,89.08586120605469
2022-04-04,174.52130126953125,430.0791320800781,381.8166809082031,40.696346282958984,67.83438873291016,33.09297180175781,35.222877502441406,95.35118103027344,78.097900390625,67.69985961914062,42.042415618896484,32.70463943481445,127.10574340820312,91.08658599853516
2022-04-05,171.21551513671875,424.6465759277344,363.7533264160156,40.37205505371094,66.9673843383789,32.57401657104492,35.00070571899414,93.99635314941406,76.45344543457031,67.76188659667969,42.076629638671875,32.909812927246094,127.37493896484375,88.95117950439453
2022-04-06,168.0564727783203,420.4004211425781,348.586669921875,39.90617370605469,65.7193374633789,32.767005920410156,34.7600212097168,93.26757049560547,74.64453125,68.6213150024414,42.701332092285156,33.56460189819336,129.31515502929688,86.68111419677734
2022-04-07,168.3596649169922,422.5188293457031,352.4200134277344,40.16652297973633,65.14767456054688,33.195899963378906,34.72299575805664,93.58523559570312,74.76058959960938,69.45415496826172,42.3504753112793,33.481651306152344,131.8030242919922,87.12358856201172
2022-04-08,166.35467529296875,421.3890380859375,341.8299865722656,40.41316604614258,64.86187744140625,34.10942840576172,35.07476806640625,93.06201171875,73.71588134765625,69.74654388427734,42.5045166015625,33.595157623291016,132.5921173095703,86.32038879394531
2022-04-11,162.1099853515625,414.1865234375,325.30999755859375,40.212196350097656,64.02346801757812,33.084388732910156,34.91739273071289,92.76301574707031,71.85859680175781,69.46302032470703,41.922607421875,33.13681411743164,129.9556884765625,84.7188491821289
2022-04-12,163.97805786132812,412.6518859863281,328.98333740234375,40.22132873535156,63.49945831298828,33.63336944580078,34.53786087036133,92.61351776123047,71.53935241699219,69.48074340820312,41.794254302978516,33.26340103149414,128.69314575195312,84.90642547607422
2022-04-13,166.65785217285156,417.3782043457031,340.7900085449219,40.81510925292969,64.43313598632812,34.135169982910156,34.53786087036133,93.48245239257812,72.69049835205078,69.87057495117188,41.96538543701172,33.19792175292969,129.32443237304688,87.01778411865234
2022-04-14,161.6600799560547,412.1811218261719,328.3333435058594,40.678077697753906,63.33750534057617,34.24667739868164,34.149070739746094,93.37968444824219,70.92509460449219,69.85286712646484,41.725791931152344,33.21537399291992,128.7024383544922,85.80098724365234
2022-04-18,161.44491577148438,412.3506164550781,334.7633361816406,40.714622497558594,63.12790298461914,34.748477935791016,34.35271453857422,93.05265808105469,71.15726470947266,69.2769546508789,41.62309646606445,33.03640365600586,127.2821273803711,86.0606918334961
2022-04-19,163.72373962402344,419.007080078125,342.7166748046875,41.09828567504883,64.385498046875,34.46540832519531,34.824825286865234,94.74382781982422,72.49220275878906,70.33131408691406,42.49594497680664,33.25030517578125,128.4982147216797,88.55679321289062
2022-04-20,163.55747985839844,418.6962585449219,325.73333740234375,41.358642578125,61.59400939941406,34.598358154296875,35.06550979614258,95.25775146484375,72.42446899414062,71.38566589355469,43.30034255981445,33.52095413208008,130.2249298095703,87.41695404052734
2022-04-21,162.76527404785156,412.435302734375,336.260009765625,40.68265151977539,59.840980529785156,33.50041198730469,34.51008224487305,94.28600311279297,71.19596099853516,71.3236312866211,43.01795196533203,32.966556549072266,128.78598022460938,86.57051086425781
2022-04-22,158.23695373535156,401.11846923828125,335.01666259765625,39.16167068481445,58.421409606933594,32.68123245239258,33.4825553894043,91.96879577636719,69.20325469970703,70.20726776123047,42.24778747558594,32.412174224853516,124.08867645263672,84.56014251708984
2022-04-25,159.3030242919922,403.44403076171875,332.67333984375,39.05205535888672,59.221702575683594,31.60043716430664,33.5380973815918,91.96879577636719,70.2431411743164,70.51737213134766,42.050968170166016,32.18954086303711,124.92416381835938,85.17092895507812
2022-04-26,153.3565216064453,391.7599792480469,292.1400146484375,38.449153900146484,57.27812957763672,31.643339157104492,32.69572448730469,89.95993041992188,67.62651062011719,69.42757415771484,41.392051696777344,31.866500854492188,122.72403717041016,80.86165618896484
2022-04-27,153.13156127929688,392.86138916015625,293.836669921875,39.015506744384766,56.00148010253906,32.10653305053711,32.66794204711914,90.29629516601562,68.627685546875,69.68453216552734,41.14388656616211,31.71372413635254,122.454833984375,80.87126922607422
2022-04-28,160.04637145996094,402.7849426269531,292.5033264160156,39.632118225097656,58.24039840698242,33.080101013183594,33.08451461791992,91.31476593017578,71.37490844726562,70.7122802734375,41.89693832397461,32.06731414794922,124.14436340332031,82.53054809570312
2022-04-29,154.1878662109375,387.8998107910156,290.2533264160156,38.83736801147461,56.26824951171875,32.230899810791016,31.945898056030273,88.89476776123047,68.40036010742188,68.78965759277344,39.87738800048828,31.10694694519043,120.95093536376953,78.3366928100586
2022-05-02,154.49105834960938,390.23468017578125,300.9800109863281,38.7186279296875,57.82118606567383,32.745574951171875,31.955148696899414,89.08163452148438,69.44024658203125,67.88593292236328,38.841957092285156,30.788288116455078,120.19900512695312,79.48135375976562
2022-05-03,155.9777069091797,392.0234680175781,303.0833435058594,39.15253829956055,57.973628997802734,33.663387298583984,32.37172317504883,89.67028045654297,69.56117248535156,67.69100952148438,39.31260681152344,30.906152725219727,120.57963562011719,79.28414154052734
2022-05-04,162.37405395507812,403.9617614746094,317.5400085449219,40.42229461669922,59.9648323059082,35.061561584472656,33.36222839355469,92.2677993774414,72.00367736816406,69.21493530273438,39.774696350097656,31.59586524963379,123.25323486328125,81.61193084716797
2022-05-05,153.3271942138672,389.6038513183594,291.09332275390625,39.17081832885742,57.754486083984375,34.53403091430664,32.390235900878906,89.8571548461914,68.54063415527344,67.90364074707031,38.75637435913086,31.272838592529297,120.85814666748047,77.0381088256836
2022-05-06,154.05201721191406,387.2783203125,288.54998779296875,38.6090087890625,56.5635871887207,35.5633659362793,32.158809661865234,89.24982452392578,67.9892349243164,67.97451782226562,38.36273193359375,31.521656036376953,120.4775161743164,76.0617904663086
2022-05-09,148.9391632080078,374.8788146972656,262.3699951171875,37.38948059082031,55.096378326416016,32.62119674682617,31.390478134155273,87.09144592285156,65.35808563232422,67.94793701171875,36.57424545288086,31.28592872619629,117.35835266113281,72.82022094726562
2022-05-10,151.3388671875,375.7449035644531,266.67999267578125,37.15654373168945,55.34408950805664,32.9171257019043,31.11276626586914,86.52149200439453,66.35443115234375,67.4783706665039,35.761295318603516,30.906152725219727,117.7761001586914,72.60379791259766
2022-05-11,143.49327087402344,369.7757568359375,244.6666717529297,37.1748161315918,54.34373474121094,33.358882904052734,30.825801849365234,85.73665618896484,64.2601547241211,67.18598937988281,35.70994567871094,31.1287841796875,116.99629974365234,70.00187683105469
2022-05-12,139.63412475585938,369.3898010253906,242.6666717529297,37.10630798339844,54.93442153930664,33.50041198730469,30.594377517700195,85.89546966552734,63.59754180908203,67.16826629638672,35.97523880004883,30.814481735229492,118.12886810302734,70.4828109741211
2022-05-13,144.09071350097656,378.2210998535156,256.5299987792969,37.67723083496094,56.22060012817383,34.64554214477539,31.038707733154297,86.98867797851562,65.71116638183594,68.17830657958984,36.87376022338867,31.18115997314453,119.38209533691406,73.25788116455078
2022-05-16,142.55294799804688,376.6863708496094,241.4566650390625,37.608734130859375,55.85856246948242,35.55907440185547,30.77952003479004,86.8672103881836,65.13078308105469,68.48841094970703,36.57424545288086,31.277204513549805,120.26400756835938,71.6755599975586
2022-05-17,146.1770477294922,384.4350280761719,253.8699951171875,38.67295455932617,57.07806396484375,35.97080612182617,31.603391647338867,88.83869934082031,67.01708221435547,68.0188217163086,36.96788024902344,31.600231170654297,121.91642761230469,73.48393249511719
2022-05-18,137.92982482910156,368.93780517578125,236.60333251953125,37.471710205078125,55.210716247558594,35.04869842529297,30.73323631286621,85.53108215332031,63.950618743896484,63.64194869995117,35.889652252197266,31.29466438293457,118.76940155029297,68.67926025390625
2022-05-19,134.5310516357422,366.67822265625,236.47332763671875,37.73661422729492,55.134498596191406,34.92002868652344,30.52958106994629,84.76490020751953,63.24929428100586,62.50785827636719,35.82119369506836,31.229177474975586,119.02933502197266,68.72734832763672
2022-05-20,134.76612854003906,366.8382873535156,221.3000030517578,37.645263671875,55.277400970458984,35.07014846801758,30.474037170410156,83.84925079345703,63.38954162597656,62.6407585144043,36.24050521850586,31.316482543945312,120.4775161743164,67.52981567382812
2022-05-23,140.1728057861328,373.70184326171875,224.96665954589844,38.334957122802734,56.10627746582031,35.99654006958008,31.464536666870117,85.22274017333984,64.84540557861328,63.934329986572266,36.71116638183594,31.6919002532959,121.53579711914062,68.0347900390625
2022-05-24,137.47927856445312,370.84912109375,209.3866729736328,38.11572265625,54.11507797241211,36.133785247802734,31.399736404418945,85.17603302001953,63.88288497924805,64.97980499267578,37.1390266418457,32.324867248535156,121.89781188964844,66.28414154052734
2022-05-25,137.63600158691406,374.12548828125,219.60000610351562,38.28471374511719,54.83915328979492,36.88003921508789,31.649675369262695,85.67122650146484,64.62775421142578,64.9975357055664,37.34440612792969,32.30303955078125,121.86071014404297,68.15503692626953
2022-05-26,140.82908630371094,381.6010437011719,235.91000366210938,38.988101959228516,56.1729621887207,37.28749084472656,32.380977630615234,87.40914916992188,66.18032836914062,65.68862915039062,37.3016242980957,32.394710540771484,122.38057708740234,71.49760437011719
2022-05-27,146.56881713867188,390.96905517578125,253.2100067138672,39.901611328125,57.3734016418457,37.96942901611328,32.92714309692383,89.20310974121094,68.41971588134766,66.4505844116211,38.35417938232422,32.90108108520508,124.4135971069336,73.95044708251953
2022-05-31,145.78521728515625,388.775390625,252.75332641601562,39.294132232666016,57.33530044555664,37.39899444580078,32.83457565307617,88.48365783691406,67.93120574951172,65.98100280761719,37.84074401855469,32.44709777832031,122.75190734863281,74.32557678222656
2022-06-01,145.65789794921875,385.6307373046875,246.7899932861328,38.901329040527344,56.67791748046875,38.008018493652344,32.306915283203125,87.94172668457031,67.7280502319336,65.1215591430664,37.429988861083984,32.394710540771484,120.98809051513672,73.55125427246094
2022-06-02,148.1066131591797,392.9744567871094,258.3333435058594,39.97468566894531,58.059364318847656,37.8879280090332,32.75126266479492,89.62356567382812,69.3676986694336,66.0696029663086,37.99476623535156,32.61297607421875,121.94426727294922,75.80209350585938
2022-06-03,142.396240234375,386.52520751953125,234.51666259765625,39.58644104003906,56.8017692565918,38.389732360839844,32.279151916503906,89.27784729003906,67.7087173461914,65.40511322021484,37.51555633544922,32.45581817626953,120.5146484375,73.58493041992188
2022-06-06,143.140625,387.7020568847656,238.27999877929688,39.96098327636719,57.08759307861328,38.34685134887695,32.37172317504883,89.65160369873047,67.71356201171875,65.43167114257812,37.4043083190918,32.59986877441406,120.5331802368164,74.32075500488281
2022-06-07,145.65789794921875,391.4209899902344,238.8866729736328,40.24873733520508,57.497257232666016,39.491966247558594,32.62166213989258,90.85692596435547,68.52127075195312,65.7772216796875,37.84074401855469,32.79631042480469,122.1020736694336,74.13802337646484
2022-06-08,144.92327880859375,387.1653747558594,241.86666870117188,39.41289138793945,57.34482192993164,39.577754974365234,32.047725677490234,89.21244812011719,67.74742126464844,64.97096252441406,36.933658599853516,32.15462112426758,121.13664245605469,73.70034790039062
2022-06-09,139.71249389648438,377.95745849609375,239.7066650390625,38.48111343383789,55.58228302001953,38.70281982421875,31.24236488342285,87.45585632324219,65.9384994506836,63.99635314941406,36.08647537231445,31.38197135925293,118.3980712890625,72.3681411743164
2022-06-10,134.31556701660156,366.9983215332031,232.22999572753906,37.302703857421875,54.02932357788086,38.04661560058594,30.113014221191406,84.87702941894531,63.404056549072266,63.7216796875,35.23073196411133,31.141870498657227,116.49500274658203,69.48242950439453
2022-06-13,129.17330932617188,353.0640563964844,215.73666381835938,35.84567642211914,51.47600555419922,36.06087112426758,29.215085983276367,82.32621765136719,60.59394836425781,62.348392486572266,33.53636932373047,29.710060119628906,112.96739959716797,66.27452850341797
2022-06-14,130.03526306152344,352.0001525878906,220.88999938964844,35.571617126464844,51.33310317993164,36.129493713378906,28.96514892578125,82.12068939208984,60.97605514526367,61.61299514770508,33.29677200317383,28.959230422973633,111.89054870605469,66.22163391113281
2022-06-15,132.65042114257812,357.0184326171875,233.0,35.56249237060547,52.485904693603516,35.331756591796875,29.28913688659668,82.91486358642578,62.26260757446289,61.67502212524414,34.05837631225586,29.146942138671875,113.02310943603516,68.0828857421875
2022-06-16,127.39064025878906,345.20257568359375,213.10000610351562,34.279022216796875,50.57091522216797,33.34172439575195,28.548582077026367,80.14918518066406,59.72819137573242,61.205421447753906,33.24542236328125,28.583824157714844,111.36138916015625,64.74993896484375
2022-06-17,128.85986328125,345.9466552734375,216.75999450683594,34.21964645385742,51.294986724853516,31.518953323364258,28.631895065307617,79.943603515625,60.27473831176758,60.98391342163086,33.44224166870117,28.31753921508789,111.29642486572266,65.4569091796875
2022-06-21,133.08143615722656,354.6553649902344,237.0366668701172,34.7370491027832,51.65790939331055,33.151824951171875,29.20330238342285,81.40198516845703,61.80854797363281,62.611228942871094,34.065059661865234,28.8565673828125,114.2926254272461,67.32923889160156
2022-06-22,132.5720977783203,354.012451171875,236.086669921875,34.29093551635742,51.74386215209961,31.824705123901367,29.138158798217773,80.95154571533203,61.546695709228516,62.56660842895508,34.61713790893555,29.160184860229492,115.87745666503906,67.19906616210938
2022-06-23,135.4321746826172,357.4826965332031,235.07000732421875,33.821834564208984,52.383731842041016,30.64505386352539,29.026487350463867,80.53861236572266,62.46805953979492,63.7806282043457,35.29861068725586,29.846614837646484,118.4783935546875,68.25479125976562
2022-06-24,138.7526092529297,368.8483581542969,245.7066650390625,35.16476058959961,54.379756927490234,31.048391342163086,30.096717834472656,83.3539810180664,64.71326446533203,65.03034973144531,36.066349029541016,30.365840911865234,120.44541931152344,70.85791015625
2022-06-27,138.7526092529297,367.4395751953125,244.9199981689453,34.87501907348633,53.86404037475586,31.959156036376953,29.994340896606445,83.15692138671875,64.2768325805664,64.85182189941406,35.93695831298828,30.61224937438965,120.89288330078125,70.11553955078125
2022-06-28,134.6191864013672,359.9317321777344,232.663330078125,34.50249099731445,52.29777908325195,32.82220458984375,29.696542739868164,82.19029998779297,62.35166931152344,63.98594284057617,35.44525909423828,30.49784278869629,118.78604125976562,67.31475830078125
2022-06-29,136.3724365234375,359.6385498046875,228.49000549316406,34.254150390625,52.46013641357422,31.68159294128418,29.52902603149414,81.71167755126953,62.47774124145508,64.38764190673828,35.22098159790039,30.51984405517578,119.82083129882812,67.26173400878906
2022-06-30,133.91397094726562,356.7167053222656,224.47332763671875,33.84941864013672,51.829811096191406,31.013696670532227,29.268451690673828,81.9650650024414,61.6436767578125,64.43228912353516,35.246856689453125,30.85866355895996,119.55047607421875,66.27351379394531
2022-07-01,136.07862854003906,360.4895935058594,227.26333618164062,34.08858108520508,52.35508346557617,31.47774887084961,29.66861915588379,82.67829132080078,61.78430938720703,65.36064147949219,35.87657165527344,31.615493774414062,120.89288330078125,67.49313354492188
2022-07-05,138.65464782714844,361.17047119140625,233.06666564941406,33.40330505371094,53.56798553466797,30.228694915771484,29.566253662109375,81.43952178955078,62.56018829345703,64.94108581542969,35.72992706298828,30.537443161010742,120.19371032714844,69.00198364257812
2022-07-06,139.98675537109375,362.3902282714844,231.73333740234375,33.6148681640625,53.57752227783203,29.71259880065918,29.49180030822754,81.90875244140625,63.09846496582031,65.12854766845703,35.704044342041016,30.854259490966797,121.00476837158203,68.77539825439453
2022-07-07,143.34634399414062,367.8177185058594,244.5433349609375,33.913814544677734,54.4179573059082,30.783836364746094,29.91989517211914,82.87537384033203,64.40290832519531,65.1910400390625,35.72992706298828,30.823461532592773,121.51751708984375,70.54938507080078
2022-07-08,144.0221710205078,367.51519775390625,250.76333618164062,33.582672119140625,54.160099029541016,30.770824432373047,29.854747772216797,82.49999237060547,64.43197631835938,65.07498931884766,35.56602478027344,30.722257614135742,121.88107299804688,70.55902862548828
2022-07-11,141.896728515625,363.31683349609375,234.3433380126953,33.49068832397461,52.51744079589844,30.47591209411621,29.61278533935547,81.9462890625,63.54457473754883,64.98572540283203,35.56602478027344,30.915864944458008,121.57343292236328,68.62598419189453
2022-07-12,142.86639404296875,360.1019287109375,233.07000732421875,33.42630386352539,52.488792419433594,29.88174819946289,29.426654815673828,81.69291687011719,62.676570892333984,64.79825592041016,35.34175109863281,30.766263961791992,120.02592468261719,68.21138763427734
2022-07-13,142.50399780273438,358.2107238769531,237.0399932861328,33.23314666748047,52.25002670288086,29.834033966064453,29.16607666015625,80.69815063476562,62.51170349121094,64.84288787841797,35.15196990966797,30.638652801513672,118.86061096191406,68.7706069946289
2022-07-14,145.42279052734375,357.3408203125,238.31333923339844,32.621456146240234,51.59105682373047,29.27022933959961,28.607702255249023,80.23829650878906,63.08389663696289,64.89643859863281,34.80691146850586,30.638652801513672,118.51567840576172,68.71273040771484
2022-07-15,147.08792114257812,364.16790771484375,240.06666564941406,33.131961822509766,52.918556213378906,29.747295379638672,29.575559616088867,81.4958267211914,64.19439697265625,65.11068725585938,35.367618560791016,30.69585418701172,121.37763977050781,69.82147216796875
2022-07-18,144.0515594482422,361.1609802246094,240.54666137695312,33.21014404296875,52.65114212036133,30.428207397460938,29.463882446289062,81.00785064697266,63.57368087768555,64.4769058227539,35.02257537841797,30.26903533935547,118.81400299072266,70.02395629882812
2022-07-19,147.90090942382812,370.9192810058594,245.52999877929688,34.22195053100586,54.52301788330078,31.364994049072266,30.347984313964844,83.8982925415039,65.51338958740234,65.15531921386719,35.98870849609375,30.462646484375,120.83695220947266,72.16910552978516
2022-07-20,149.89901733398438,373.2831115722656,247.5,34.28173065185547,55.420745849609375,31.668577194213867,30.459659576416016,84.54584503173828,66.53656768798828,64.71792602539062,35.807559967041016,30.057823181152344,119.64369201660156,73.35498809814453
2022-07-21,152.16162109375,377.0843811035156,271.7066650390625,34.76923751831055,55.392093658447266,31.113439559936523,30.65509033203125,85.15582275390625,67.47248077392578,64.91432189941406,36.178489685058594,30.13702392578125,121.5361328125,75.03253173828125
2022-07-22,150.927490234375,373.5857238769531,272.24334716796875,34.52088928222656,53.472469329833984,30.85756492614746,30.478271484375,84.8836898803711,66.54142761230469,65.3427963256836,36.454524993896484,30.550647735595703,121.0327377319336,74.59868621826172
2022-07-25,149.8108673095703,374.0396423339844,268.4333190917969,34.66347122192383,53.291015625,31.989513397216797,30.6737060546875,85.28721618652344,66.11953735351562,65.66414642333984,36.48040771484375,30.933475494384766,121.66665649414062,73.9575424194336
2022-07-26,148.48858642578125,369.6144104003906,258.8599853515625,34.42890167236328,52.221378326416016,31.69893455505371,30.245616912841797,84.82736206054688,65.0478744506836,65.51239776611328,36.54941940307617,31.11827278137207,122.29125213623047,71.57617950439453
2022-07-27,153.5720977783203,379.21185302734375,274.82000732421875,34.84282684326172,54.427513122558594,32.4145393371582,30.710926055908203,86.1412124633789,67.84587860107422,65.95872497558594,36.74782943725586,31.14467430114746,123.0556869506836,74.28535461425781
2022-07-28,154.12059020996094,383.9681396484375,280.8999938964844,35.4591064453125,53.806732177734375,32.596683502197266,30.93428611755371,87.94306182861328,68.87875366210938,67.01206970214844,38.10213851928711,32.262332916259766,123.83879089355469,75.56280517578125
2022-07-29,159.1746826171875,389.5659484863281,297.1499938964844,35.93281936645508,53.835384368896484,34.010536193847656,31.371681213378906,89.75428771972656,69.9358901977539,66.49433135986328,38.24879455566406,32.53954315185547,123.4285888671875,78.49374389648438
2022-08-01,158.19522094726562,388.4122619628906,297.27667236328125,35.64307403564453,53.758975982666016,33.307960510253906,31.11111068725586,89.84811401367188,69.78558349609375,67.32450103759766,37.903743743896484,32.57474899291992,122.51498413085938,78.88420867919922
2022-08-02,156.72598266601562,385.849853515625,300.586669921875,35.27974319458008,53.673030853271484,33.229881286621094,30.766775131225586,88.90028381347656,69.29094696044922,66.78888702392578,37.40340805053711,32.50874328613281,122.07682800292969,78.34429931640625
2022-08-03,162.72039794921875,391.8919982910156,307.39666748046875,35.31653594970703,54.962337493896484,32.275753021240234,31.232088088989258,89.73552703857422,71.1336669921875,67.22628784179688,37.55868911743164,32.711151123046875,123.19550323486328,80.25324249267578
2022-08-04,162.4069366455078,391.62725830078125,308.6333312988281,35.33953094482422,55.20109176635742,31.078752517700195,31.129714965820312,90.06397247314453,71.45856475830078,66.77995300292969,37.593196868896484,32.781551361083984,122.5895767211914,80.58104705810547
2022-08-05,162.1813507080078,390.96539306640625,288.1700134277344,35.46370315551758,54.52301788330078,31.69460105895996,31.353065490722656,90.20472717285156,71.29370880126953,66.62821960449219,37.713958740234375,32.66275405883789,122.54293060302734,79.2071762084961
2022-08-08,161.71055603027344,390.511474609375,290.42333984375,35.66146469116211,54.83817672729492,31.859399795532227,31.334455490112305,90.17659759521484,70.68753051757812,66.5925064086914,37.99000930786133,32.711151123046875,122.83198547363281,79.56389617919922
2022-08-09,161.7595977783203,388.9607849121094,283.3333435058594,35.48670196533203,54.30335998535156,32.418880462646484,31.49266242980957,89.84811401367188,69.97953033447266,66.49433135986328,38.29191589355469,33.07637405395508,122.45906066894531,78.29607391357422
2022-08-10,165.99681091308594,397.1304626464844,294.3566589355469,36.49390411376953,55.83141326904297,32.65306091308594,32.19994354248047,91.81888580322266,71.89014434814453,66.98528289794922,38.80949401855469,33.22157287597656,123.79216003417969,80.50393676757812
2022-08-11,165.26116943359375,397.1304626464844,286.6300048828125,36.61808776855469,55.888710021972656,33.77634811401367,32.58150863647461,92.30689239501953,71.60889434814453,66.82462310791016,38.62834167480469,33.21717071533203,122.99044036865234,80.09416198730469
2022-08-12,168.80201721191406,403.8534851074219,300.0299987792969,37.30795669555664,56.8819465637207,34.03221893310547,33.09334945678711,93.69580841064453,73.0345687866211,67.40483093261719,39.28394317626953,33.75840377807617,124.56592559814453,81.90673065185547
2022-08-15,169.87112426757812,405.5176696777344,309.32000732421875,37.28496170043945,57.0825080871582,33.36866760253906,33.08405685424805,93.92103576660156,73.4952392578125,68.07433319091797,39.45646286010742,34.04001235961914,125.1905288696289,82.4707260131836
2022-08-16,169.71414184570312,406.3119812011719,306.5633239746094,37.491905212402344,57.19711685180664,33.29061508178711,33.326011657714844,94.34335327148438,73.29644775390625,68.842041015625,39.30118942260742,34.13681411743164,124.85493469238281,83.38180541992188
2022-08-17,171.2050018310547,403.42791748046875,303.9966735839844,36.97681427001953,56.089263916015625,33.568172454833984,33.15850067138672,93.59259033203125,72.77272033691406,68.6456298828125,39.18905258178711,34.07961654663086,124.12774658203125,82.48519134521484
2022-08-18,170.8126983642578,404.60052490234375,302.8699951171875,37.09178924560547,56.00332260131836,34.47026824951172,33.19572448730469,93.96796417236328,73.15096282958984,68.87774658203125,38.92164611816406,34.20722198486328,123.57774353027344,82.46109008789062
2022-08-19,168.23312377929688,399.1634521484375,296.6666564941406,36.41111755371094,55.09602737426758,34.46158981323242,32.53496551513672,92.75735473632812,71.82225036621094,68.65455627441406,38.54208755493164,34.18961715698242,123.9133529663086,80.75941467285156
2022-08-22,164.35882568359375,390.8518371582031,289.913330078125,35.83163833618164,53.52021789550781,34.396522521972656,31.818384170532227,90.9930419921875,69.81952667236328,67.9582748413086,37.739845275878906,33.723201751708984,122.29125213623047,78.517822265625
2022-08-23,164.02532958984375,389.9063415527344,296.4533386230469,36.18575668334961,53.06180953979492,35.636905670166016,31.688093185424805,91.16197967529297,69.63526153564453,67.66371154785156,37.170509338378906,33.52079391479492,120.58526611328125,78.73957824707031
2022-08-24,164.31954956054688,391.1545104980469,297.0966796875,36.26394271850586,53.376976013183594,36.0749397277832,31.85561180114746,91.46226501464844,69.67890167236328,67.83331298828125,37.46380615234375,33.62638854980469,120.73440551757812,79.0770263671875
2022-08-25,166.77166748046875,396.67657470703125,296.07000732421875,37.08718490600586,54.4179573059082,36.352508544921875,32.34885025024414,92.86058807373047,70.85725402832031,68.1457290649414,38.04175567626953,33.83319854736328,122.06752014160156,80.02186584472656
2022-08-26,160.4844970703125,383.24945068359375,288.0899963378906,35.951210021972656,52.67979431152344,35.927486419677734,31.380992889404297,89.64166259765625,67.83131408691406,66.4585952758789,37.075618743896484,33.31398010253906,118.66485595703125,76.97522735595703
2022-08-29,158.2874298095703,380.7154235839844,284.82000732421875,35.698265075683594,52.269126892089844,36.469600677490234,31.15763282775879,89.23812103271484,66.93421936035156,66.35149383544922,36.75645065307617,33.41518783569336,117.83516693115234,76.56550598144531
2022-08-30,155.86474609375,376.535888671875,277.70001220703125,35.11417770385742,51.81072235107422,35.233558654785156,30.99011993408203,87.95243835449219,66.23592376708984,65.66414642333984,36.23025131225586,32.926753997802734,117.05207061767578,75.71224975585938
2022-08-31,154.20713806152344,373.6708984375,275.6099853515625,34.68186569213867,51.93486785888672,34.91263198852539,30.757465362548828,87.2110595703125,65.5909652709961,65.26244354248047,36.10085678100586,32.711151123046875,116.3062744140625,74.96504211425781
2022-09-01,154.93295288085938,374.8433532714844,277.1600036621094,34.22654342651367,52.412384033203125,34.05390548706055,30.850521087646484,87.33306121826172,65.27091979980469,65.6284408569336,36.23025131225586,33.181976318359375,118.2173843383789,75.64958190917969
2022-09-02,152.82415771484375,370.8908996582031,270.2099914550781,34.19435119628906,51.41914367675781,34.678428649902344,30.608564376831055,86.48844909667969,64.42230987548828,64.771484375,35.60914993286133,32.825557708740234,116.52069854736328,74.9554214477539
2022-09-06,151.56863403320312,369.4914245605469,274.4200134277344,34.08858108520508,50.779266357421875,34.35749816894531,30.53411102294922,86.62922668457031,63.99557876586914,64.4054946899414,35.98008728027344,32.90916442871094,116.63255310058594,74.8011474609375
2022-09-07,152.97129821777344,376.1292724609375,283.70001220703125,35.03137969970703,51.80116271972656,33.958499908447266,31.139015197753906,88.01813507080078,65.01876068115234,65.56594848632812,36.6701774597168,33.93880081176758,118.53433227539062,77.09574890136719
2022-09-08,151.50003051757812,378.5878601074219,289.260009765625,35.37172317504883,51.67700958251953,34.105960845947266,31.688093185424805,88.2809066772461,65.24182891845703,65.3963394165039,36.77370071411133,33.91240692138672,120.59457397460938,77.81402587890625
2022-09-09,154.35426330566406,384.4693298339844,299.67999267578125,35.90522003173828,53.119102478027344,34.95599365234375,31.976594924926758,89.42583465576172,66.53173065185547,66.0390625,37.12738800048828,34.04881286621094,121.65733337402344,79.28912353515625
2022-09-12,160.29815673828125,388.6014404296875,304.4200134277344,36.2409553527832,53.39607238769531,35.597869873046875,32.23717498779297,89.96075439453125,67.59855651855469,66.29794311523438,37.43791961669922,34.37443542480469,122.4683837890625,80.31108093261719
2022-09-13,150.8918914794922,371.7040710449219,292.1300048828125,34.9486083984375,50.464107513427734,34.70012664794922,31.036651611328125,86.5728988647461,64.01009368896484,64.08413696289062,36.01458740234375,33.45917510986328,118.42247009277344,76.17019653320312
2022-09-14,152.333740234375,373.1224060058594,302.6099853515625,34.52088928222656,50.55006408691406,35.68027877807617,30.943593978881836,86.40397644042969,64.24288177490234,64.05735778808594,35.57465362548828,33.731998443603516,118.48771667480469,77.14878845214844
2022-09-15,149.45010375976562,368.8862609863281,303.75,34.06557846069336,50.33040237426758,34.76082992553711,31.045961380004883,85.50305938720703,62.76385498046875,63.52175521850586,34.79829025268555,32.89155960083008,119.14961242675781,76.75350189208984
2022-09-16,147.81207275390625,366.07208251953125,303.3500061035156,33.52748489379883,49.79558563232422,34.01921844482422,30.766775131225586,83.72000122070312,62.41471862792969,63.67350387573242,34.80691146850586,32.76835250854492,118.81400299072266,76.1364517211914
2022-09-19,151.51962280273438,368.9109191894531,309.07000732421875,34.08250427246094,50.08270263671875,34.03938293457031,31.115724563598633,84.85623931884766,62.923683166503906,64.09668731689453,34.74074935913086,33.20737838745117,118.17381286621094,77.21369171142578
2022-09-20,153.8932342529297,364.67633056640625,308.7300109863281,33.43497848510742,49.307491302490234,33.802635192871094,30.657312393188477,83.80015563964844,62.554229736328125,63.746280670166016,33.82675552368164,32.72449493408203,116.78857421875,75.90457916259766
2022-09-21,150.77420043945312,358.3150329589844,300.79998779296875,32.70421600341797,48.101593017578125,33.307212829589844,30.021154403686523,82.68746185302734,61.577125549316406,63.50370407104492,33.33058547973633,32.27705764770508,114.85118103027344,74.1075668334961
2022-09-22,149.81297302246094,355.3052673339844,288.5899963378906,32.31107711791992,47.929325103759766,33.18883514404297,29.515968322753906,81.44275665283203,60.95003128051758,63.413856506347656,33.0172119140625,32.161888122558594,115.45952606201172,72.39750671386719
2022-09-23,147.54725646972656,349.3521728515625,275.3299865722656,31.649677276611328,47.000980377197266,30.900257110595703,29.048202514648438,79.91519165039062,60.15279006958008,62.3356819152832,32.608089447021484,31.789764404296875,114.86988830566406,70.73092651367188
2022-09-26,147.8807373046875,345.89617919921875,276.010009765625,31.136295318603516,46.2353401184082,30.141775131225586,28.589794158935547,79.07594299316406,59.73471450805664,62.3806266784668,31.728904724121094,31.023372650146484,113.77482604980469,70.57149505615234
2022-09-27,148.851806640625,345.01312255859375,282.94000244140625,31.205669403076172,45.98650360107422,30.4793643951416,28.468172073364258,78.81192016601562,59.81249237060547,61.30246353149414,31.31106948852539,30.500627517700195,113.42851257324219,70.79371643066406
2022-09-28,146.96856689453125,351.8017272949219,287.80999755859375,32.01044464111328,47.55607986450195,31.829715728759766,29.029495239257812,80.54694366455078,60.444454193115234,62.0391960144043,31.902999877929688,30.82844352722168,115.90879821777344,72.70665740966797
2022-09-29,139.74960327148438,344.4529724121094,268.2099914550781,31.538681030273438,46.398040771484375,31.829715728759766,28.664630889892578,79.15138244628906,58.86942672729492,61.01494598388672,31.01511573791504,29.59247398376465,114.93540954589844,70.19470977783203
2022-09-30,135.55162048339844,339.12646484375,265.25,31.455429077148438,45.83336639404297,31.57542610168457,28.402685165405273,78.11412811279297,57.741615295410156,59.95475387573242,31.34589385986328,29.0210018157959,113.3536376953125,68.8131332397461
2022-10-03,139.7201690673828,348.0798645019531,242.39999389648438,32.47758102416992,47.11582946777344,33.35982131958008,29.169824600219727,80.47152709960938,59.53054428100586,60.98797607421875,31.929122924804688,29.87156867980957,115.68417358398438,68.88075256347656
2022-10-04,143.3002471923828,358.8656921386719,249.44000244140625,33.670860290527344,48.56098175048828,34.79347610473633,30.25503921508789,83.2720718383789,61.52851104736328,61.91341781616211,32.43399429321289,30.505062103271484,118.37037658691406,71.28643798828125
2022-10-05,143.59446716308594,358.0301513671875,240.80999755859375,33.29159927368164,48.1877326965332,35.51249313354492,30.021154403686523,82.8194808959961,61.73268127441406,61.554019927978516,31.833356857299805,29.827266693115234,118.76346588134766,70.86618041992188
2022-10-06,142.64306640625,354.3367919921875,238.1300048828125,32.940093994140625,47.929325103759766,36.14383316040039,29.60016632080078,81.8670883178711,61.227115631103516,60.65556335449219,30.788785934448242,28.84380340576172,117.24720764160156,70.36377716064453
2022-10-07,137.4053955078125,344.4529724121094,223.07000732421875,32.126068115234375,46.63730239868164,35.86323547363281,28.89851188659668,80.30178833007812,58.709007263183594,59.74810791015625,30.057586669921875,28.24575424194336,114.76693725585938,67.94361114501953
2022-10-10,137.72909545898438,341.8229675292969,222.9600067138672,32.1954460144043,46.512882232666016,35.12668228149414,28.76754379272461,80.58467864990234,57.72217559814453,59.96372985839844,29.718103408813477,28.29448127746582,114.0462417602539,67.5233383178711
2022-10-11,136.31668090820312,339.6582336425781,216.5,31.945693969726562,45.64196014404297,34.846092224121094,28.402685165405273,80.56581115722656,56.83742904663086,60.45790100097656,29.996658325195312,28.192596435546875,114.65462493896484,66.97264862060547
2022-10-12,135.68896484375,338.53790283203125,217.24000549316406,31.705190658569336,45.58454132080078,35.12668228149414,28.337200164794922,79.93402862548828,56.66242599487305,60.781333923339844,29.596240997314453,27.253433227539062,114.09303283691406,67.14653778076172
2022-10-13,140.2498321533203,347.4723205566406,221.72000122070312,32.63483428955078,46.68514633178711,36.560333251953125,29.506610870361328,81.69733428955078,58.42219161987305,61.78763961791992,30.15334129333496,27.935653686523438,116.75115966796875,67.88081359863281
2022-10-14,135.7281494140625,339.5537414550781,204.99000549316406,31.5340518951416,45.91950607299805,35.19682312011719,29.010784149169922,79.9057388305664,56.77909851074219,60.673526763916016,29.396024703979492,27.53252601623535,115.9649429321289,65.3447036743164
2022-10-17,139.6809844970703,348.2792663574219,219.35000610351562,32.3203239440918,47.18282699584961,35.63525390625,29.740497589111328,81.65019989013672,58.50969314575195,61.329410552978516,30.49282455444336,28.108421325683594,117.82750701904297,67.99675750732422
2022-10-18,140.9952850341797,352.3713684082031,220.19000244140625,32.953975677490234,47.53693771362305,35.94654083251953,30.217613220214844,83.62097930908203,59.00553894042969,62.12904739379883,30.89324951171875,28.622304916381836,118.4826889038086,68.93389892578125
2022-10-19,141.1031494140625,349.87432861328125,222.0399932861328,32.56546401977539,47.57521057128906,37.00752639770508,29.721786499023438,83.02690887451172,58.83539581298828,61.84154510498047,30.118528366088867,28.25018310546875,116.82601928710938,68.1610107421875
2022-10-20,140.6421661376953,346.9405822753906,207.27999877929688,32.3295783996582,47.690067291259766,37.0426025390625,29.244667053222656,81.39559936523438,58.86942672729492,60.979007720947266,29.97054672241211,27.536951065063477,115.83390808105469,66.84222412109375
2022-10-21,144.44776916503906,355.3717041015625,214.44000244140625,33.448848724365234,47.99631881713867,38.11235809326172,30.114709854125977,83.63040161132812,60.444454193115234,61.91341781616211,30.179452896118164,28.046401977539062,118.43588256835938,68.78897857666016
2022-10-24,146.58604431152344,359.72021484375,211.25,33.25460433959961,48.33129119873047,38.2921142578125,30.516979217529297,84.74309539794922,61.28058624267578,63.02751541137695,30.162050247192383,28.28118896484375,120.71961975097656,69.07400512695312
2022-10-25,149.42063903808594,365.4644470214844,222.4199981689453,34.07787322998047,49.613746643066406,38.33157730102539,30.881839752197266,85.88407135009766,62.452144622802734,63.854095458984375,31.354602813720703,28.848237991333008,121.63684844970703,70.80338287353516
2022-10-26,146.48797607421875,362.7109680175781,224.63999938964844,34.31837844848633,48.04417419433594,38.853309631347656,30.95668601989746,86.18582153320312,61.061832427978516,64.2763671875,31.293672561645508,28.834943771362305,122.984619140625,70.23336791992188
2022-10-27,142.02517700195312,360.7740478515625,225.08999633789062,34.23050308227539,45.766380310058594,38.99359893798828,31.209278106689453,87.19476318359375,60.366676330566406,64.3302993774414,31.31106948852539,29.065305709838867,122.33881378173828,69.96283721923828
2022-10-28,152.75550842285156,369.35711669921875,228.52000427246094,34.57276153564453,46.9244270324707,39.1295051574707,31.985767364501953,89.22211456298828,62.99174499511719,65.74088287353516,32.05099105834961,29.862709045410156,124.35110473632812,70.02565002441406
2022-10-31,150.4014892578125,366.6891784667969,227.5399932861328,34.26287841796875,46.1396369934082,39.45833206176758,31.789302825927734,88.96751403808594,62.16047286987305,65.35453796386719,31.972639083862305,29.583620071411133,124.24813842773438,69.57636260986328
2022-11-01,147.76303100585938,365.0845642089844,227.82000732421875,34.35075759887695,45.84294891357422,39.839759826660156,31.873498916625977,88.88265228271484,61.640323638916016,65.14789581298828,31.9204158782959,29.69879913330078,124.32302856445312,68.87112426757812
2022-11-02,142.2506866455078,355.9223327636719,214.97999572753906,33.45810317993164,44.55091857910156,38.879608154296875,31.47122573852539,87.31733703613281,59.511104583740234,64.01583099365234,31.084753036499023,29.410846710205078,122.20779418945312,66.26736450195312
2022-11-03,136.21859741210938,352.2575378417969,215.30999755859375,33.71248245239258,43.45988082885742,39.5986328125,31.15314292907715,88.23200225830078,57.76106643676758,63.80018615722656,31.06734275817871,29.539316177368164,121.69300079345703,65.87125396728516
2022-11-04,135.95330810546875,357.32757568359375,207.47000122070312,34.88264083862305,43.756568908691406,40.08088302612305,31.723817825317383,89.64643096923828,58.815940856933594,64.5549087524414,31.50257682800293,29.720949172973633,122.43241119384766,66.42193603515625
2022-11-07,136.48387145996094,360.7456359863281,197.0800018310547,35.15552520751953,44.54135513305664,40.76921463012695,32.041893005371094,90.60824584960938,59.79791259765625,65.12992095947266,31.493879318237305,29.153902053833008,123.74273681640625,65.95819854736328
2022-11-08,137.0537109375,362.69195556640625,191.3000030517578,35.761417388916016,44.589202880859375,40.808677673339844,32.22900390625,91.40033721923828,60.37153625488281,65.318603515625,31.68538475036621,29.357688903808594,124.36046600341797,65.7939682006836
2022-11-09,132.5048828125,355.2197570800781,177.58999633789062,35.18327713012695,43.98625946044922,38.8138427734375,31.68639373779297,90.1273422241211,58.80135726928711,64.60881805419922,31.337186813354492,29.1273250579834,123.02205657958984,63.78438186645508
2022-11-10,144.29446411132812,374.7405700683594,190.72000122070312,37.13044357299805,46.646873474121094,39.67753982543945,33.28615188598633,93.9085693359375,63.63340759277344,66.12720489501953,33.73971939086914,30.500627517700195,126.1481704711914,68.44601440429688
2022-11-11,147.07484436035156,378.3675537109375,195.97000122070312,37.57908630371094,47.87190628051758,40.83060073852539,33.55744934082031,93.85199737548828,64.72234344482422,66.05535125732422,33.72229766845703,30.159517288208008,124.60382843017578,70.08843231201172
2022-11-14,145.6797332763672,375.1488037109375,190.9499969482422,37.5282096862793,47.68048858642578,40.817440032958984,33.0803337097168,93.27680206298828,64.16813659667969,65.53424072265625,32.825706481933594,29.80068588256836,124.71613311767578,68.97737884521484
2022-11-15,147.40882873535156,378.3484802246094,194.4199981689453,37.47270584106445,48.38871383666992,41.247100830078125,33.15517807006836,93.91800689697266,64.94596862792969,66.08230590820312,33.234832763671875,30.128507614135742,124.55703735351562,69.91936492919922
2022-11-16,146.1807861328125,375.4621887207031,186.9199981689453,37.10731887817383,47.910179138183594,40.40532302856445,32.99614334106445,93.23908996582031,64.05635833740234,66.40576171875,32.99979782104492,30.398738861083984,124.50086212158203,68.8517837524414
2022-11-17,148.07693481445312,374.3133544921875,183.1699981689453,36.75118637084961,47.546504974365234,40.493011474609375,32.818389892578125,93.07877349853516,64.13898468017578,66.38778686523438,32.7038459777832,29.867137908935547,124.4447250366211,68.01605987548828
2022-11-18,148.63693237304688,376.0128173828125,180.19000244140625,36.99631881713867,47.402950286865234,40.172969818115234,33.089691162109375,93.76715087890625,64.21190643310547,67.09757232666016,33.12166213989258,30.500627517700195,125.95160675048828,68.10785675048828
2022-11-21,145.41444396972656,374.6456604003906,167.8699951171875,37.12120056152344,47.010555267333984,39.62930679321289,33.192604064941406,94.06888580322266,63.52159881591797,67.7354965209961,33.35670471191406,30.637958526611328,126.00776672363281,67.12239074707031
2022-11-22,147.54640197753906,379.6872253417969,169.91000366210938,37.96296310424805,47.70919418334961,40.87006378173828,33.52939987182617,94.79492950439453,64.75151062011719,68.22965240478516,33.52208709716797,30.89932632446289,127.10283660888672,67.88081359863281
2022-11-23,148.42083740234375,382.0798645019531,183.1999969482422,38.11097717285156,48.31214141845703,40.42724609375,33.66972351074219,95.15328216552734,65.32513427734375,68.4632339477539,33.574317932128906,31.244873046875,127.60826110839844,68.86144256591797
2022-11-25,145.5126953125,381.9944763183594,182.86000061035156,38.09709930419922,48.04417419433594,40.27818298339844,33.781978607177734,95.52103424072266,64.94596862792969,68.50817108154297,33.774532318115234,31.426504135131836,128.3663787841797,68.90009307861328
2022-11-28,141.69094848632812,375.89892578125,182.9199981689453,37.24607849121094,47.278526306152344,39.17334747314453,33.20195388793945,93.78599548339844,63.55563735961914,68.24761199951172,32.825706481933594,31.10310935974121,127.40235137939453,68.47499084472656
2022-11-29,138.6944122314453,375.2532958984375,180.8300018310547,37.37095642089844,47.297672271728516,39.765220642089844,33.398414611816406,94.36119079589844,62.93341064453125,67.98705291748047,33.374107360839844,30.872745513916016,127.08411407470703,68.25759887695312
2022-11-30,145.4341278076172,387.07403564453125,194.6999969482422,38.272857666015625,49.297916412353516,39.9625129699707,33.969093322753906,95.91707611083984,66.09320068359375,69.35272979736328,34.15755081176758,31.64356803894043,130.1166229248047,70.61014556884766
2022-12-01,145.7091827392578,386.7891845703125,194.6999969482422,38.319095611572266,49.58502960205078,39.83099365234375,33.772621154785156,95.94535827636719,66.18556213378906,69.03826904296875,34.0879020690918,31.616992950439453,130.4910125732422,70.6004867553711
2022-12-02,145.2179718017578,386.3428649902344,194.86000061035156,38.739990234375,49.709449768066406,39.59423828125,33.613590240478516,96.49227905273438,65.80152130126953,69.35272979736328,33.92251205444336,31.466373443603516,130.82794189453125,70.50870513916016
2022-12-05,144.05865478515625,379.3929443359375,182.4499969482422,37.97222137451172,48.924659729003906,38.41925811767578,32.780967712402344,94.87983703613281,64.7077407836914,68.48120880126953,33.347999572753906,31.289175033569336,129.5737762451172,68.47499084472656
2022-12-06,140.40390014648438,373.924072265625,179.82000732421875,37.63459014892578,47.51779556274414,37.406490325927734,32.49094009399414,93.7577133178711,63.322303771972656,68.0589370727539,33.09555435180664,31.484092712402344,128.59100341796875,67.40740203857422
2022-12-07,138.46844482421875,373.2879333496094,174.0399932861328,37.55134201049805,47.278526306152344,37.31880569458008,32.35997772216797,93.63512420654297,63.00146484375,68.34644317626953,33.165199279785156,31.3378963470459,129.64865112304688,67.00162506103516
2022-12-08,140.14845275878906,376.2122497558594,173.44000244140625,37.82883834838867,47.18282699584961,37.1522102355957,32.38804244995117,94.19146728515625,64.03204345703125,68.7148208618164,33.4089241027832,31.54168128967285,130.81857299804688,67.6489486694336
2022-12-09,139.66708374023438,373.40185546875,179.0500030517578,37.45420837402344,47.31681442260742,36.249053955078125,32.30384826660156,93.41825103759766,63.6382942199707,68.1847152709961,33.339290618896484,31.377775192260742,129.1431884765625,67.3542709350586
2022-12-12,141.95620727539062,378.78533935546875,167.82000732421875,37.7779655456543,47.690067291259766,37.200435638427734,32.73419189453125,95.02125549316406,65.02860260009766,68.90348052978516,33.617835998535156,32.095428466796875,130.51904296875,67.5233383178711
2022-12-13,142.91900634765625,381.6526794433594,160.9499969482422,38.30060577392578,48.493988037109375,37.906307220458984,32.818389892578125,95.37960052490234,65.79666900634766,68.80465698242188,34.35775375366211,32.192893981933594,130.9215545654297,67.5233383178711
2022-12-14,140.69863891601562,379.2124938964844,156.8000030517578,37.888973236083984,47.86233139038086,37.67393493652344,32.40675735473633,95.20043182373047,65.24249267578125,68.75972747802734,34.0269660949707,32.153018951416016,131.12744140625,67.02094268798828
2022-12-15,134.10629272460938,369.93634033203125,157.6699981689453,36.73268508911133,45.996070861816406,37.445945739746094,31.77059555053711,92.89962768554688,62.80214309692383,67.59172821044922,33.63525390625,31.763181686401367,128.72206115722656,65.91954803466797
2022-12-16,132.15121459960938,365.56884765625,150.22999572753906,36.575439453125,45.98650360107422,36.9856071472168,31.527355194091797,92.50360107421875,61.97087860107422,67.25929260253906,32.64291000366211,31.222719192504883,126.85011291503906,64.68773651123047
2022-12-19,130.0487060546875,362.4688720703125,149.8699951171875,36.10015106201172,44.9100456237793,36.981170654296875,31.442630767822266,92.0166015625,61.144535064697266,67.21675872802734,32.25642395019531,31.098556518554688,126.3764419555664,63.649200439453125
2022-12-20,129.97991943359375,362.9649353027344,137.8000030517578,36.33755874633789,45.21706008911133,37.539276123046875,31.574426651000977,92.13027954101562,61.237159729003906,67.16248321533203,32.186004638671875,31.10749626159668,126.34825897216797,62.90805435180664
2022-12-21,133.07473754882812,368.3921203613281,137.57000732421875,36.65410232543945,45.811893463134766,38.252418518066406,32.0639533996582,93.86412048339844,62.25120162963867,67.83210754394531,32.51173400878906,31.540721893310547,128.01173400878906,63.9107551574707
2022-12-22,129.9111785888672,363.1365966796875,125.3499984741211,36.300323486328125,45.41853713989258,37.37096405029297,31.781524658203125,92.67033386230469,60.681396484375,67.67826843261719,32.353271484375,31.348670959472656,127.83316040039062,62.26866912841797
2022-12-23,129.54766845703125,365.2254638671875,123.1500015258789,36.55168914794922,45.859859466552734,38.562477111816406,31.960405349731445,93.21984100341797,60.744773864746094,68.03118133544922,32.64379119873047,31.67024040222168,127.90835571289062,62.69493865966797
2022-12-27,127.74978637695312,363.7851867675781,109.0999984741211,36.58428192138672,45.44731140136719,38.97440719604492,31.950986862182617,93.50409698486328,60.16950225830078,68.3569564819336,32.61737060546875,31.86674690246582,127.57941436767578,61.67771530151367
2022-12-28,123.8297348022461,359.26416015625,112.70999908447266,36.025672912597656,44.78532791137695,38.1018180847168,31.8380126953125,92.2818832397461,59.199337005615234,67.50634002685547,32.097965240478516,31.563053131103516,126.75238037109375,61.15940856933594
2022-12-29,127.33712005615234,365.7309875488281,121.81999969482422,36.41670227050781,46.0229606628418,38.500465393066406,32.280460357666016,93.41881561279297,60.74964904785156,67.79591369628906,32.811058044433594,31.790830612182617,128.1339111328125,62.73369598388672
2022-12-30,127.65150451660156,364.7675476074219,123.18000030517578,36.16067123413086,46.04215621948242,38.74408721923828,32.19574737548828,93.04931640625,60.666770935058594,67.46109771728516,32.51173400878906,31.487131118774414,127.67340850830078,62.564151763916016
2023-01-03,122.8767318725586,363.23199462890625,108.0999984741211,36.1234245300293,46.63698196411133,37.38426208496094,32.3087158203125,93.248291015625,60.09149932861328,67.20771789550781,32.63497543334961,31.487131118774414,127.30685424804688,62.19116973876953
2023-01-04,124.14411926269531,366.03619384765625,113.63999938964844,36.751861572265625,47.510047912597656,37.379825592041016,32.82648468017578,94.07257080078125,60.24750518798828,67.47013854980469,33.383296966552734,31.77295684814453,127.64523315429688,63.09214782714844
2023-01-05,122.82762145996094,361.85845947265625,110.33999633789062,36.169979095458984,47.577205657958984,38.061954498291016,32.58171463012695,93.05878448486328,59.07746124267578,66.79146575927734,32.40609359741211,31.08515739440918,126.33885192871094,62.506011962890625
2023-01-06,127.34696197509766,370.1567077636719,113.05999755859375,37.41288375854492,48.35433578491211,38.78394317626953,33.30659866333008,95.60742950439453,60.80815124511719,68.57413482666016,33.348079681396484,31.71043586730957,127.50424194335938,63.97372817993164
2023-01-09,127.86763763427734,369.9468078613281,119.7699966430664,37.65029525756836,48.43107604980469,38.64664077758789,33.184207916259766,95.18108367919922,61.51504898071289,67.90451049804688,33.330474853515625,31.92481803894043,125.37086486816406,64.36123657226562
2023-01-10,128.4374542236328,372.54119873046875,118.8499984741211,38.0273551940918,49.16023635864258,38.9212646484375,33.372493743896484,95.70217895507812,61.89530944824219,67.81401824951172,33.427310943603516,31.933748245239258,126.42345428466797,65.17018127441406
2023-01-11,131.14910888671875,377.2530822753906,123.22000122070312,38.623207092285156,49.51521682739258,39.040855407714844,33.68315887451172,96.62122344970703,62.967857360839844,67.85021209716797,34.642215728759766,32.19279479980469,127.13772583007812,66.92852783203125
2023-01-12,131.0704803466797,378.6265563964844,123.55999755859375,38.76750946044922,50.06208419799805,39.78499984741211,33.749046325683594,97.18968963623047,63.43588638305664,67.3163070678711,35.029571533203125,31.97394561767578,126.73358154296875,67.03992462158203
2023-01-13,132.39683532714844,380.0954284667969,122.4000015258789,39.004920959472656,50.225181579589844,39.84257125854492,34.003231048583984,97.07598876953125,63.61625671386719,67.63301849365234,34.827091217041016,31.857816696166992,127.29744720458984,67.66963958740234
2023-01-17,133.55613708496094,379.3991394042969,131.49000549316406,38.613895416259766,49.75506591796875,39.926734924316406,33.77729415893555,96.2516860961914,63.90388870239258,67.67826843261719,34.83588409423828,31.81315803527832,126.70537567138672,67.71810150146484
2023-01-18,132.8389129638672,373.4091796875,128.77999877929688,38.069244384765625,49.150634765625,39.19588851928711,33.14655685424805,94.44207000732422,63.079978942871094,65.83224487304688,34.298866271972656,31.04943084716797,124.91976928710938,66.83647918701172
2023-01-19,132.8979034423828,370.6907653808594,127.16999816894531,37.775970458984375,49.40008544921875,39.68312072753906,32.76059341430664,92.49979400634766,62.34382629394531,65.20785522460938,34.131591796875,30.736791610717773,125.22049713134766,65.72724151611328
2023-01-20,135.4522705078125,377.59649658203125,133.4199981689453,38.53475570678711,50.944740295410156,40.077335357666016,33.27834701538086,93.788330078125,64.0306396484375,65.71461486816406,34.52776336669922,30.91991424560547,125.85017395019531,67.32087707519531
2023-01-23,138.63546752929688,382.1269836425781,143.75,38.66044998168945,51.83699417114258,40.1304931640625,33.664329528808594,94.81156921386719,65.48833465576172,65.92273712158203,34.62460708618164,30.9288387298584,126.282470703125,68.37203979492188
2023-01-24,140.03054809570312,381.71697998046875,143.88999938964844,38.68372344970703,51.693084716796875,39.97545623779297,33.68315887451172,95.43689727783203,65.45909118652344,66.19422149658203,34.774261474609375,31.08515739440918,125.44607543945312,68.29451751708984
2023-01-25,139.372314453125,381.86004638671875,144.42999267578125,38.76285171508789,51.87537384033203,39.979896545410156,33.946746826171875,94.90631103515625,65.32254791259766,66.35710144042969,34.80947494506836,30.665332794189453,125.483642578125,68.64328002929688
2023-01-26,141.4354705810547,386.0567321777344,160.27000427246094,38.94906234741211,52.68128204345703,41.24227523803711,34.125606536865234,95.42742156982422,66.36585998535156,66.121826171875,35.20564270019531,30.768054962158203,125.7186050415039,70.04801177978516
2023-01-27,143.37095642089844,386.9437561035156,177.89999389648438,38.8233757019043,53.04584884643555,40.40953826904297,34.125606536865234,95.82536315917969,66.64375305175781,65.93180084228516,35.5225715637207,30.768054962158203,124.86334228515625,71.63682556152344
2023-01-30,140.49232482910156,382.08892822265625,166.66000366210938,38.55803298950195,52.21116256713867,39.483802795410156,33.95615768432617,94.88737487792969,65.37132263183594,66.01323699951172,35.0911865234375,30.629602432250977,123.73558807373047,70.41615295410156
2023-01-31,141.7597198486328,387.7068786621094,173.22000122070312,39.40525817871094,52.84437942504883,39.833717346191406,34.41744613647461,96.4980239868164,66.28297424316406,66.72810363769531,35.73385238647461,30.857378005981445,125.33329010009766,72.0291748046875
2023-02-01,142.8796844482422,391.8273620605469,181.41000366210938,39.66594314575195,53.46799087524414,39.049720764160156,34.41744613647461,97.19916534423828,67.8430404663086,67.26199340820312,35.99796676635742,30.91097640991211,125.92536926269531,73.39518737792969
2023-02-02,148.1751708984375,397.5311584472656,188.27000427246094,39.540260314941406,56.97944641113281,38.159400939941406,34.51158142089844,97.9571304321289,69.69563293457031,66.68286895751953,36.82550048828125,30.97797203063965,125.07012939453125,75.64276123046875
2023-02-03,151.7906494140625,393.3058166503906,189.97999572753906,38.82802963256836,55.837745666503906,38.07524490356445,34.445682525634766,97.44550323486328,69.115478515625,66.42045593261719,36.059593200683594,30.330358505249023,124.70361328125,73.31283569335938
2023-02-06,149.0692138671875,390.9022216796875,194.75999450683594,38.39976501464844,55.16615295410156,37.902496337890625,34.436275482177734,97.20862579345703,68.27203369140625,66.50189208984375,35.83069610595703,30.589399337768555,124.00814056396484,73.20626068115234
2023-02-07,151.93801879882812,396.01458740234375,196.80999755859375,38.91647720336914,56.192726135253906,39.13386917114258,34.83165740966797,97.51181030273438,69.97837829589844,66.22135925292969,35.68983840942383,30.576007843017578,124.80699157714844,73.37579345703125
2023-02-08,149.25587463378906,391.68426513671875,201.2899932861328,38.604576110839844,54.427406311035156,38.78394317626953,34.62454605102539,96.96228790283203,69.13495635986328,65.71461486816406,35.59299087524414,30.0623836517334,124.4404525756836,72.75093078613281
2023-02-09,148.22433471679688,388.28875732421875,207.32000732421875,38.04597854614258,53.23773193359375,38.45174789428711,34.23857879638672,96.09063720703125,68.75469207763672,65.4250259399414,35.24966049194336,29.651493072509766,123.35025787353516,72.61530303955078
2023-02-10,148.58834838867188,389.1948547363281,196.88999938964844,38.185630798339844,52.729251861572266,39.95774841308594,34.35154724121094,96.7728042602539,68.43781280517578,66.03132629394531,35.32008361816406,30.241037368774414,124.51566314697266,71.76277160644531
2023-02-13,151.3828125,393.7635803222656,194.63999938964844,38.38579177856445,53.477596282958984,39.85586166381836,34.74692916870117,97.6539306640625,69.62248229980469,66.78240203857422,35.645816802978516,30.424158096313477,125.54940795898438,72.81390380859375
2023-02-14,150.74325561523438,393.5823974609375,209.25,38.4742431640625,53.49677658081055,39.86914825439453,34.558650970458984,97.38863372802734,69.91985321044922,66.1761245727539,35.276065826416016,30.294633865356445,124.80699157714844,73.68582153320312
2023-02-15,152.83908081054688,394.86053466796875,214.24000549316406,38.641822814941406,53.9860725402832,39.19145584106445,34.596317291259766,97.9950180053711,70.24650573730469,66.30281829833984,35.37290573120117,30.491146087646484,124.18670654296875,74.54802703857422
2023-02-16,151.24508666992188,389.4237365722656,202.0399932861328,38.20423889160156,53.16098403930664,38.80609893798828,34.24799346923828,96.98125457763672,69.0277099609375,65.82320404052734,35.047176361083984,30.2589054107666,122.94615936279297,72.92047119140625
2023-02-17,150.1036834716797,388.4508972167969,208.30999755859375,37.84580612182617,53.10340881347656,37.42412185668945,34.25740432739258,97.61604309082031,68.16480255126953,66.67381286621094,34.87110137939453,30.58494758605957,124.04573059082031,72.93501281738281
2023-02-21,146.09896850585938,380.658203125,197.3699951171875,37.22201919555664,51.93294143676758,37.23808288574219,33.551353454589844,95.38005065917969,66.54623413085938,66.42045593261719,34.18442153930664,30.013254165649414,122.43862915039062,70.49848937988281
2023-02-22,146.52203369140625,380.1336364746094,200.86000061035156,37.5013313293457,52.03847122192383,36.99004364013672,33.51369857788086,95.14318084716797,66.44874572753906,66.3208999633789,33.876285552978516,29.897136688232422,122.02510070800781,70.85694885253906
2023-02-23,147.0041961669922,382.1556701660156,202.07000732421875,37.54323196411133,51.79861831665039,37.54814147949219,33.54194641113281,95.58848571777344,67.55052185058594,66.23947143554688,34.202030181884766,29.740814208984375,122.35407257080078,70.79883575439453
2023-02-24,144.3573455810547,378.0733642578125,196.8800048828125,37.79460906982422,51.079063415527344,37.49942398071289,33.5701904296875,95.0389633178711,66.34635162353516,65.79605102539062,33.56816864013672,29.7497501373291,120.77517700195312,69.68472290039062
2023-02-27,145.54795837402344,379.36102294921875,207.6300048828125,37.92029571533203,51.24216079711914,37.610164642333984,33.56077575683594,95.88219451904297,66.70226287841797,65.7236557006836,33.62099075317383,29.548768997192383,120.40864562988281,70.54693603515625
2023-02-28,145.04612731933594,377.95892333984375,205.7100067138672,38.092525482177734,51.32851028442383,37.06976318359375,33.62667465209961,95.66427612304688,66.55599212646484,65.18070983886719,33.63859558105469,29.030681610107422,119.51583099365234,70.49848937988281
2023-03-01,142.9797821044922,376.509033203125,202.77000427246094,38.39045333862305,50.93514633178711,37.80061721801758,33.51369857788086,96.04325866699219,66.06847381591797,64.70110321044922,33.11918640136719,28.552791595458984,119.31847381591797,69.61207580566406
2023-03-02,143.57015991210938,379.4372863769531,190.89999389648438,38.82802963256836,51.414852142333984,38.13282775878906,33.35365676879883,97.17073059082031,66.88262176513672,65.58792877197266,33.550559997558594,29.09320831298828,120.05152893066406,69.37955474853516
2023-03-03,148.60806274414062,385.5226745605469,197.7899932861328,39.38198471069336,52.53736114501953,38.651065826416016,33.8808479309082,98.222412109375,68.32080841064453,65.64221954345703,34.113990783691406,29.588966369628906,121.39546966552734,70.87149047851562
2023-03-06,151.3631591796875,385.78973388671875,193.80999755859375,38.744239807128906,52.53736114501953,38.668785095214844,33.90908432006836,98.04238891601562,68.64744567871094,65.81414031982422,33.98193359375,29.731884002685547,121.33905792236328,70.35318756103516
2023-03-07,149.16893005371094,379.87603759765625,187.7100067138672,37.980804443359375,52.000099182128906,37.995513916015625,33.033592224121094,96.78226470947266,67.79427337646484,65.1626205444336,33.12799072265625,29.245059967041016,119.38426208496094,69.3940658569336
2023-03-08,150.4185791015625,380.49609375,182.0,38.1670036315918,52.02888107299805,37.605735778808594,32.91120529174805,97.0096664428711,68.35493469238281,65.27120208740234,33.59457015991211,29.46837615966797,118.74517822265625,69.26815795898438
2023-03-09,148.17510986328125,373.47601318359375,172.9199981689453,37.184783935546875,50.858394622802734,37.07419204711914,31.574426651000977,95.57901763916016,67.37503051757812,64.66490173339844,32.82866668701172,29.231660842895508,117.54222106933594,67.61637115478516
2023-03-10,146.11865234375,368.0869445800781,173.44000244140625,36.3934211730957,50.138832092285156,36.60024642944336,31.000171661376953,93.79779815673828,66.19036102294922,64.34820556640625,31.781030654907227,28.771636962890625,116.67760467529297,66.94306945800781
2023-03-13,148.0570526123047,367.5622863769531,174.47999572753906,36.02101135253906,50.138832092285156,35.85610580444336,29.77635955810547,93.2672348022461,66.55109405517578,64.67395782470703,32.29164123535156,29.213796615600586,117.76776885986328,67.08353424072266
2023-03-14,150.1430206298828,373.63818359375,183.25999450683594,36.48186492919922,51.55876922607422,36.21046447753906,30.378849029541016,94.25257873535156,68.08680725097656,65.26215362548828,32.626182556152344,29.597896575927734,118.82038116455078,68.22185516357422
2023-03-15,150.53665161132812,371.30126953125,180.4499969482422,35.29948043823242,52.1152229309082,34.26594543457031,29.569257736206055,91.93132781982422,68.12579345703125,65.68746185302734,32.64379119873047,29.999855041503906,118.71698760986328,68.12013244628906
2023-03-16,153.35076904296875,377.81573486328125,184.1300048828125,35.704463958740234,53.28569793701172,34.63801574707031,30.134090423583984,93.11563873291016,70.03687286376953,65.73270416259766,32.64379119873047,30.200841903686523,119.82597351074219,69.35049438476562
2023-03-17,152.51438903808594,373.39813232421875,180.1300048828125,35.1505126953125,52.7772216796875,34.093204498291016,29.164453506469727,91.59025573730469,69.93938446044922,65.25311279296875,31.89548110961914,29.910537719726562,118.28468322753906,68.46405792236328
2023-03-20,154.87588500976562,376.98858642578125,183.25,35.8737907409668,53.17164611816406,34.7757453918457,29.48895263671875,92.80319213867188,70.12797546386719,66.1578140258789,32.23771667480469,30.144489288330078,119.78386688232422,68.76042938232422
2023-03-21,156.72573852539062,381.93865966796875,197.5800018310547,36.30859375,54.306854248046875,35.97968292236328,30.236347198486328,93.8781967163086,70.69474029541016,66.103271484375,32.0515251159668,29.5371036529541,120.51034545898438,70.6601791381836
2023-03-22,155.2989959716797,375.42791748046875,191.14999389648438,35.66340255737305,53.35443878173828,35.2143440246582,29.5362548828125,92.08018493652344,69.99114990234375,65.49405670166016,30.881181716918945,28.956707000732422,118.68941497802734,69.0859603881836
2023-03-23,156.38134765625,376.44281005859375,192.22000122070312,35.62132263183594,54.22026824951172,34.726497650146484,29.337581634521484,91.81379699707031,71.12959289550781,65.23947143554688,30.694988250732422,28.65976333618164,118.46299743652344,69.0130844116211
2023-03-24,157.6802215576172,378.9130554199219,190.41000366210938,35.911190032958984,54.499263763427734,34.860774993896484,29.31865692138672,92.19434356689453,71.31524658203125,66.34877014160156,31.484081268310547,29.555097579956055,120.10465240478516,68.78958892822266
2023-03-27,155.74179077148438,379.6216125488281,191.80999755859375,36.17768096923828,54.19141387939453,35.60373306274414,29.72547149658203,92.96492004394531,70.76313781738281,66.70337677001953,31.377689361572266,29.59109115600586,120.59525299072266,68.93046569824219
2023-03-28,155.12188720703125,378.7694091796875,189.19000244140625,36.350677490234375,53.74886703491211,36.154232025146484,29.716012954711914,93.44058990478516,70.43090057373047,66.82158660888672,31.27129554748535,29.672077178955078,119.8687744140625,68.84789276123047
2023-03-29,158.19186401367188,384.2748718261719,193.8800048828125,36.85560989379883,54.460792541503906,36.65550231933594,30.151201248168945,94.80099487304688,71.90644836425781,67.19438171386719,32.01605987548828,30.104001998901367,120.1989974975586,70.15489959716797
2023-03-30,159.75634765625,386.5248718261719,195.27999877929688,37.10807800292969,54.72053146362305,36.816627502441406,30.084976196289062,95.00080108642578,72.74195861816406,67.38533020019531,32.432777404785156,30.23447036743164,120.84998321533203,70.76707458496094
2023-03-31,162.255615234375,391.9727783203125,207.4600067138672,37.71120071411133,55.76914978027344,37.071739196777344,30.416099548339844,96.25655364990234,73.78263092041016,67.9308853149414,33.14207458496094,30.45494270324707,122.1425552368164,72.65711212158203
2023-04-03,163.50527954101562,393.46636962890625,194.77000427246094,37.94963836669922,56.000038146972656,38.75010299682617,30.472862243652344,96.42778778076172,73.66539764404297,68.2854995727539,32.831756591796875,30.24797248840332,123.5105972290039,71.99147033691406
2023-04-04,162.9739227294922,391.28338623046875,192.5800018310547,37.402618408203125,56.17319869995117,38.047428131103516,30.189043045043945,94.26826477050781,73.25984954833984,68.14910888671875,32.84062957763672,30.40094757080078,123.52947998046875,71.8748550415039
2023-04-05,161.13389587402344,390.2589111328125,185.52000427246094,37.31846237182617,55.990413665771484,38.62031555175781,30.151201248168945,93.04102325439453,72.42435455322266,68.46734619140625,32.67216110229492,31.188304901123047,125.6617202758789,70.40266418457031
2023-04-06,162.01950073242188,391.7812805175781,185.05999755859375,37.22963333129883,56.69269943237305,38.03400421142578,30.264728546142578,93.01248168945312,72.83477783203125,68.52190399169922,32.8938102722168,31.40876579284668,125.97308349609375,70.41725158691406
2023-04-10,159.43167114257812,392.1834411621094,184.50999450683594,37.40729904174805,56.56763458251953,38.338348388671875,30.330955505371094,93.85919189453125,72.79568481445312,68.52190399169922,33.062278747558594,31.345767974853516,125.88816833496094,70.72821807861328
2023-04-11,158.2213897705078,392.2886657714844,186.7899932861328,37.697166442871094,56.4233283996582,38.70087432861328,30.595853805541992,94.42047882080078,72.11165618896484,68.72193145751953,33.22187805175781,31.372760772705078,126.312744140625,70.83995819091797
2023-04-12,157.53260803222656,390.6897277832031,180.5399932861328,37.7252197265625,55.836490631103516,38.72772979736328,30.529626846313477,94.73442840576172,71.70124053955078,68.41279602050781,33.12434387207031,31.341272354125977,126.35044860839844,69.74188995361328
2023-04-13,162.90504455566406,395.87921142578125,185.89999389648438,38.1132698059082,57.000553131103516,38.96941375732422,30.803985595703125,95.08641815185547,73.03508758544922,68.79468536376953,33.017948150634766,31.345767974853516,127.99212646484375,71.28211212158203
2023-04-14,162.56068420410156,394.9121398925781,185.0,37.83742904663086,56.98130798339844,39.041019439697266,31.106731414794922,94.97225189208984,72.62957000732422,68.35824584960938,32.45051193237305,30.99483299255371,126.9637222290039,71.37442016601562
2023-04-17,162.5803680419922,396.3291931152344,187.0399932861328,38.057167053222656,56.654212951660156,38.58002853393555,31.466236114501953,95.72381591796875,72.8934097290039,68.79468536376953,33.186405181884766,31.165800094604492,126.85994720458984,71.87971496582031
2023-04-18,163.8004608154297,396.58770751953125,184.30999755859375,38.21612548828125,56.365604400634766,38.732200622558594,31.560842514038086,96.18046569824219,73.1181640625,69.00381469726562,33.13320541381836,31.003833770751953,125.99193572998047,71.99633026123047
2023-04-19,164.94183349609375,396.52069091796875,180.58999633789062,38.10859680175781,55.94230651855469,38.597930908203125,31.63652229309082,96.10433959960938,72.90807342529297,68.95833587646484,33.32827377319336,31.24229621887207,126.37876892089844,71.92829895019531
2023-04-20,163.9775390625,394.3568115234375,162.99000549316406,38.06651306152344,55.365089416503906,38.257789611816406,31.54191780090332,95.93309020996094,72.42924499511719,69.12201690673828,32.929290771484375,31.233293533325195,125.85986328125,70.82051849365234
2023-04-21,162.3737030029297,394.6632080078125,165.0800018310547,37.72989273071289,55.49977111816406,38.03400421142578,31.428388595581055,95.71430969238281,72.19470977783203,69.62210083007812,32.96474838256836,31.32328224182129,126.70899963378906,71.60277557373047
2023-04-24,162.67872619628906,395.074951171875,162.5500030517578,37.987037658691406,55.442054748535156,38.6158447265625,31.352705001831055,95.94261169433594,71.87714385986328,69.90397644042969,32.876094818115234,31.48074722290039,127.4166030883789,71.59307098388672
2023-04-25,161.14373779296875,388.8035888671875,160.6699981689453,37.164180755615234,54.576229095458984,37.89078903198242,30.813447952270508,94.1731185913086,70.34294891357422,69.81305694580078,32.57463836669922,31.44925308227539,126.05795288085938,70.17431640625
2023-04-26,161.13389587402344,387.15673828125,153.75,36.724700927734375,53.99899673461914,37.385032653808594,30.520164489746094,92.39412689208984,71.38854217529297,69.26748657226562,32.30864334106445,30.711389541625977,124.2654037475586,69.81476593017578
2023-04-27,165.7093505859375,394.8642578125,160.19000244140625,37.22496032714844,57.1352424621582,37.51930618286133,31.012115478515625,94.220703125,72.90318298339844,70.0403823852539,33.08887481689453,31.080318450927734,124.9163818359375,71.65620422363281
2023-04-28,166.95896911621094,398.2344970703125,164.30999755859375,37.659767150878906,57.62587356567383,38.101131439208984,31.381086349487305,95.13397216796875,73.69470977783203,70.41317749023438,33.470130920410156,31.035327911376953,125.98250579833984,71.84085083007812
2023-05-01,166.87042236328125,397.8323974609375,161.8300018310547,37.64106750488281,57.61625671386719,37.671478271484375,31.295940399169922,95.64768981933594,73.73868560791016,70.46771240234375,33.159812927246094,31.089313507080078,126.63353729248047,71.1314697265625
2023-05-02,165.83726501464844,393.361083984375,160.30999755859375,37.276390075683594,56.54838943481445,36.03339385986328,30.586395263671875,94.64879608154297,73.04976654052734,70.27677917480469,32.59236145019531,30.711389541625977,126.08631134033203,71.20436096191406
2023-05-03,164.76475524902344,390.6610412597656,160.61000061035156,36.86495590209961,56.327125549316406,35.353092193603516,30.236347198486328,94.28729248046875,72.43412780761719,69.70394897460938,32.3884391784668,30.625905990600586,125.91647338867188,70.64076232910156
2023-05-04,163.13131713867188,387.8939514160156,161.1999969482422,36.62651824951172,55.42280960083008,34.9592399597168,29.84845733642578,93.25984954833984,72.08722686767578,69.53118133544922,32.68989181518555,30.8598575592041,124.9163818359375,70.0965805053711
2023-05-05,170.78660583496094,395.074951171875,170.05999755859375,37.24365997314453,56.115474700927734,35.908077239990234,30.586395263671875,94.6678237915039,73.89503479003906,70.1767578125,33.195274353027344,31.057823181152344,126.03909301757812,71.51531219482422
2023-05-08,170.71771240234375,395.1802673339844,171.7899932861328,37.12210464477539,56.683074951171875,35.908077239990234,30.63369369506836,94.32532501220703,73.8559341430664,69.9676284790039,32.96474838256836,30.963342666625977,125.76551055908203,71.75825500488281
2023-05-09,169.01547241210938,393.447265625,169.14999389648438,36.785484313964844,56.327125549316406,35.92150115966797,30.520164489746094,94.5346450805664,73.2891616821289,69.74939727783203,32.85835647583008,30.922849655151367,124.92582702636719,71.73881530761719
2023-05-10,170.7767791748047,395.28558349609375,168.5399932861328,36.8088493347168,56.827392578125,35.51421356201172,30.349878311157227,94.19214630126953,74.18329620361328,69.6402816772461,33.168670654296875,31.206298828125,125.27490997314453,72.10323333740234
2023-05-11,170.96372985839844,394.5962219238281,172.0800018310547,36.4488525390625,57.39497756958008,35.08903121948242,30.302568435668945,93.621337890625,73.85105895996094,69.84941101074219,32.8228874206543,30.886852264404297,124.8880844116211,72.4384765625
2023-05-12,170.0375213623047,394.0791320800781,167.97999572753906,36.51431655883789,57.443084716796875,35.14272689819336,30.179584503173828,93.68795013427734,73.75334167480469,70.1222152709961,32.88496017456055,31.057823181152344,124.71826934814453,71.82627868652344
2023-05-15,169.5448455810547,395.4386901855469,166.35000610351562,36.82288360595703,57.712459564208984,35.32176208496094,30.42555809020996,94.14459228515625,74.36406707763672,69.94944763183594,32.8228874206543,30.66639518737793,124.50125122070312,71.91859436035156
2023-05-16,169.5448455810547,392.796142578125,166.52000427246094,36.215087890625,57.64511489868164,34.453495025634766,30.141738891601562,92.86978912353516,74.4422607421875,69.35841369628906,31.945131301879883,29.98702049255371,123.4634017944336,71.6270751953125
2023-05-17,170.15573120117188,397.56427001953125,173.86000061035156,36.453521728515625,58.34739685058594,35.11587905883789,30.747222900390625,94.46804809570312,75.4341049194336,69.32205963134766,32.361846923828125,29.87904167175293,123.61436462402344,73.11869049072266
2023-05-18,172.48109436035156,401.39410400390625,176.88999938964844,36.66858673095703,59.39601516723633,35.370994567871094,30.974281311035156,95.15298461914062,76.97806549072266,68.98563385009766,32.157920837402344,29.7890567779541,123.31245422363281,74.25562286376953
2023-05-19,172.5895233154297,400.81011962890625,180.13999938964844,36.76210021972656,59.07854461669922,35.644004821777344,30.841827392578125,94.92467498779297,76.94386291503906,69.03108978271484,32.1047248840332,29.744060516357422,123.8879623413086,73.63371276855469
2023-05-22,171.64358520507812,400.9728698730469,188.8699951171875,36.57040786743164,59.61728286743164,35.496307373046875,30.898597717285156,94.90567016601562,77.0904312133789,67.98544311523438,32.31752014160156,29.753063201904297,124.01063537597656,73.40536499023438
2023-05-23,169.04234313964844,396.4727783203125,185.77000427246094,36.004695892333984,58.87651443481445,35.876747131347656,30.539087295532227,93.76404571533203,75.9520034790039,67.48534393310547,31.91853141784668,29.649581909179688,122.65203857421875,72.73486328125
2023-05-24,169.31820678710938,393.6004333496094,182.89999389648438,35.593257904052734,58.60715103149414,36.03339385986328,30.141738891601562,92.55586242675781,75.39500427246094,67.04888916015625,31.218097686767578,29.456117630004883,121.81234741210938,72.46762084960938
2023-05-25,170.45132446289062,397.0089111328125,184.47000122070312,35.467037200927734,58.60715103149414,35.393375396728516,30.132278442382812,92.86028289794922,78.2874984741211,66.53970336914062,31.28902816772461,29.060190200805664,120.56694793701172,72.14210510253906
2023-05-26,172.8555450439453,402.1505126953125,193.1699981689453,35.64469528198242,59.80006790161133,35.25462341308594,30.378257751464844,93.55473327636719,80.51058197021484,66.76702880859375,31.652544021606445,29.060190200805664,120.32166290283203,73.83778381347656
2023-05-30,174.69810485839844,402.3037109375,201.16000366210938,35.45301818847656,59.896270751953125,34.89209747314453,30.368793487548828,93.41206359863281,80.94055938720703,66.00324249267578,31.750076293945312,28.947711944580078,119.57630157470703,74.33336639404297
2023-05-31,174.64881896972656,400.0727844238281,203.92999267578125,35.074310302734375,59.87703323364258,34.278934478759766,30.04713249206543,92.13726043701172,80.26631164550781,66.07598876953125,31.953998565673828,29.213163375854492,120.60468292236328,73.66287231445312
2023-06-01,177.44712829589844,403.8739929199219,207.52000427246094,35.541831970214844,60.685142517089844,34.704124450683594,30.368793487548828,93.31692504882812,81.08224487304688,66.02143859863281,31.962865829467773,28.997201919555664,121.39722442626953,74.53258514404297
2023-06-02,178.2945098876953,409.71441650390625,213.97000122070312,36.734046936035156,60.76210403442383,35.7603759765625,31.031038284301758,96.02823638916016,81.54641723632812,66.93069458007812,32.63670349121094,29.298648834228516,122.95394134521484,76.28170776367188
2023-06-05,176.94464111328125,408.9293212890625,217.61000061035156,36.705997467041016,60.916038513183594,35.523162841796875,30.870214462280273,95.3623046875,81.07736206054688,66.68519592285156,32.4859733581543,29.438119888305664,123.39737701416016,76.51007080078125
2023-06-06,176.5800323486328,409.8196716308594,221.30999755859375,36.939762115478516,61.16617202758789,35.809608459472656,31.258100509643555,95.9616470336914,81.05782318115234,66.34877014160156,32.6810417175293,29.41562271118164,122.36898040771484,77.30690002441406
2023-06-07,175.21044921875,408.4027099609375,224.57000732421875,37.37924575805664,60.483116149902344,36.75843811035156,31.381086349487305,97.50281524658203,79.84611511230469,66.13054656982422,33.283939361572266,29.915029525756836,121.88783264160156,76.78217315673828
2023-06-08,177.92007446289062,410.87298583984375,234.86000061035156,37.24365997314453,60.79096603393555,36.6017951965332,31.352705001831055,97.67405700683594,80.71092987060547,66.58516693115234,33.080013275146484,30.045507431030273,122.67090606689453,77.9190902709961
2023-06-09,178.30438232421875,411.6102294921875,244.39999389648438,36.93508529663086,60.810203552246094,36.400390625,31.362171173095703,97.41720581054688,81.111572265625,66.47606658935547,32.911556243896484,29.87004280090332,123.04830169677734,78.3223876953125
2023-06-12,181.09283447265625,415.3442687988281,249.8300018310547,37.103397369384766,61.53173828125,36.051292419433594,31.352705001831055,98.11168670654297,82.8753890991211,66.45787048339844,32.8938102722168,29.81605339050293,123.49175262451172,79.66822052001953
2023-06-13,180.619873046875,418.0826110839844,258.7099914550781,37.96364974975586,61.73375701904297,36.22136688232422,31.54191780090332,99.2532730102539,83.37864685058594,66.73065948486328,33.13320541381836,29.811555862426758,124.11443328857422,80.49421691894531
2023-06-14,181.25048828125,418.5804443359375,256.7900085449219,37.80470275878906,61.8395881652832,35.849884033203125,31.41893196105957,98.98689270019531,84.23856353759766,67.13982391357422,33.31053924560547,29.793556213378906,122.84071350097656,80.43590545654297
2023-06-15,183.28025817871094,423.7698974609375,255.89999389648438,38.12730026245117,62.82085418701172,36.24374771118164,31.835206985473633,100.48051452636719,85.3232421875,67.81268310546875,33.45240020751953,30.11749839782715,124.74659729003906,80.96064758300781
2023-06-16,182.2062530517578,422.3264465332031,260.5400085449219,38.22079849243164,62.301361083984375,36.19004440307617,31.76897621154785,100.31879425048828,84.61967468261719,67.89453125,33.41692352294922,30.27946662902832,124.73710632324219,80.83917999267578
2023-06-20,182.29495239257812,420.13531494140625,274.45001220703125,37.70352554321289,61.997825622558594,35.38003921508789,31.531394958496094,99.57377624511719,84.04779052734375,67.3780517578125,33.05797576904297,29.924352645874023,124.596923828125,81.44480895996094
2023-06-21,181.2603759765625,417.9826354980469,259.4599914550781,37.825679779052734,61.38113021850586,35.659976959228516,31.493385314941406,100.12774658203125,82.80416107177734,67.61613464355469,32.91474533081055,30.164722442626953,124.6158447265625,80.46624755859375
2023-06-22,184.2557373046875,419.4914855957031,264.6099853515625,37.73640823364258,61.8629264831543,35.181373596191406,31.24631118774414,99.40184783935547,83.4798583984375,68.00988006591797,32.44926834106445,29.933422088623047,125.4684829711914,81.49351501464844
2023-06-23,183.9404296875,416.320068359375,256.6000061035156,37.43102264404297,61.72801971435547,34.92852783203125,31.113265991210938,98.64727020263672,82.57405853271484,67.56119537353516,32.10015869140625,29.49349021911621,125.0516357421875,80.54901885986328
2023-06-26,182.5511474609375,414.6191711425781,241.0500030517578,37.820980072021484,61.1113166809082,35.556121826171875,31.046741485595703,99.46869659423828,81.98162841796875,67.65277099609375,32.816280364990234,29.783754348754883,124.34111785888672,79.51691436767578
2023-06-27,185.30015563964844,419.1647644042969,250.2100067138672,38.35658264160156,62.14236068725586,35.637393951416016,31.293821334838867,100.66262817382812,83.59735107421875,67.85421752929688,33.17434310913086,29.792823791503906,124.05690002441406,81.22572326660156
2023-06-28,186.4727325439453,419.3760681152344,256.239990234375,38.093482971191406,62.421810150146484,35.998600006103516,31.21779441833496,100.66262817382812,83.64630126953125,67.39635467529297,33.263858795166016,29.352895736694336,123.65902709960938,81.54705047607422
2023-06-29,186.80770874023438,421.0290222167969,257.5,38.57270050048828,62.084556579589844,36.413978576660156,31.75946807861328,101.63688659667969,83.79320526123047,67.33226013183594,33.56821823120117,29.352895736694336,124.46427917480469,81.63468170166016
2023-06-30,191.12344360351562,425.9974365234375,261.7699890136719,38.93447494506836,62.71089172363281,36.64876937866211,32.035064697265625,102.50605010986328,85.12493896484375,67.91832733154297,33.738285064697266,29.679439544677734,125.74320983886719,82.67167663574219
2023-07-03,189.6356201171875,426.4876708984375,279.82000732421875,39.08012390136719,62.922882080078125,36.734554290771484,32.21562576293945,102.52516174316406,84.9438247680664,68.44942474365234,34.00684356689453,29.90166664123535,124.71061706542969,83.66971588134766
2023-07-05,188.5221710205078,425.85333251953125,282.4800109863281,38.11697006225586,63.40468215942383,36.5313835144043,32.149105072021484,101.97118377685547,84.419921875,68.33038330078125,34.17691421508789,30.2418212890625,124.64427947998047,83.70378875732422
2023-07-06,188.99513244628906,422.51861572265625,276.5400085449219,37.839786529541016,62.903594970703125,35.709632873535156,31.87351417541504,101.20706176757812,84.19469451904297,68.1563949584961,33.98893356323242,29.87445831298828,123.64954376220703,82.355224609375
2023-07-07,187.8817596435547,421.4518737792969,274.42999267578125,38.16865539550781,62.68199157714844,36.47719955444336,31.9210262298584,101.43628692626953,83.82746887207031,67.2681655883789,33.82780075073242,29.656757354736328,122.2095718383789,82.45745086669922
2023-07-10,185.84214782714844,422.51861572265625,269.6099853515625,38.15924835205078,62.51816940307617,36.76164245605469,32.06357955932617,102.8785629272461,84.04779052734375,67.24983978271484,33.944175720214844,29.529773712158203,123.17587280273438,82.71062469482422
2023-07-11,185.31991577148438,425.2094421386719,269.7900085449219,38.53511047363281,63.60702896118164,37.569847106933594,32.44369888305664,104.09159851074219,84.22894287109375,67.3505859375,34.32908248901367,29.89713478088379,123.20429992675781,83.40194702148438
2023-07-12,186.98509216308594,428.630615234375,271.989990234375,39.04252624511719,64.3779067993164,37.91749954223633,32.65277099609375,103.91012573242188,85.1837158203125,67.5062484741211,34.490211486816406,30.332529067993164,122.87271118164062,84.15169525146484
2023-07-13,187.74378967285156,432.03271484375,277.8999938964844,39.34791564941406,65.32222747802734,37.77302551269531,32.76681137084961,104.0438461303711,86.29515075683594,67.79012298583984,34.72295379638672,30.436840057373047,122.92008972167969,84.94039154052734
2023-07-14,187.8916015625,431.76361083984375,281.3800048828125,39.11770248413086,64.70552825927734,36.77518844604492,32.54823684692383,103.73819732666016,86.1678466796875,68.01905822753906,34.72295379638672,30.318923950195312,124.7674331665039,85.15946960449219
2023-07-17,191.14317321777344,433.2627258300781,290.3800048828125,39.1552848815918,64.4742660522461,36.70294952392578,32.86184310913086,104.12980651855469,87.26949310302734,67.81759643554688,34.427555084228516,29.96969985961914,124.19900512695312,85.505126953125
2023-07-18,190.88697814941406,436.4821472167969,293.3399963378906,39.46066665649414,64.91751098632812,37.07318115234375,33.23246383666992,104.71244049072266,88.25851440429688,67.74433898925781,34.14110565185547,29.738399505615234,125.11797332763672,85.85565948486328
2023-07-19,192.2368621826172,437.4527282714844,291.260009765625,39.24925231933594,65.10060119628906,37.28990173339844,33.375003814697266,104.66468811035156,88.03819274902344,68.43112182617188,34.51707458496094,30.042266845703125,125.69583129882812,86.15750122070312
2023-07-20,190.2957763671875,434.55047607421875,262.8999938964844,39.343223571777344,63.80939483642578,37.72787094116211,33.62208938598633,105.13269805908203,86.28045654296875,69.0171890258789,34.40070724487305,30.59105110168457,127.78002166748047,83.22180938720703
2023-07-21,189.1232452392578,434.55047607421875,260.0199890136719,39.34791564941406,63.17341613769531,38.06199645996094,33.50804901123047,104.63603973388672,86.23638916015625,69.25525665283203,34.552879333496094,31.049116134643555,129.06845092773438,83.24127960205078
2023-07-24,189.9213409423828,436.49176025390625,269.05999755859375,39.47006607055664,63.289066314697266,38.67603302001953,33.831153869628906,104.87483215332031,86.38817596435547,69.52082061767578,34.88408660888672,30.967483520507812,128.78427124023438,83.78656005859375
2023-07-25,190.7786102294922,437.68341064453125,265.2799987792969,40.179500579833984,63.49140930175781,38.879215240478516,33.612579345703125,104.74110412597656,87.37721252441406,69.50250244140625,34.62449264526367,31.021907806396484,128.72740173339844,83.59182739257812
2023-07-26,191.64564514160156,437.75067138671875,264.3500061035156,40.043270111083984,64.48391723632812,38.89275360107422,33.81214904785156,105.47655487060547,86.2021255493164,69.58492279052734,34.74980926513672,31.021907806396484,128.64215087890625,83.57235717773438
2023-07-27,190.3844451904297,434.84844970703125,255.7100067138672,39.784854888916016,65.02352905273438,38.64442825317383,33.38450622558594,104.56917572021484,85.95242309570312,68.97138214111328,34.015785217285156,30.473125457763672,127.69477081298828,82.70574951171875
2023-07-28,192.9561767578125,439.105712890625,266.44000244140625,40.062049865722656,66.30512237548828,38.761817932128906,33.45103073120117,105.21867370605469,87.12259674072266,69.68563079833984,33.917320251464844,30.40510368347168,128.07373046875,84.1078872680664
2023-07-31,193.56707763671875,439.9417724609375,267.42999267578125,40.27347183227539,66.28583526611328,39.49776840209961,33.574581146240234,105.4670181274414,87.3233642578125,69.3651351928711,34.18586349487305,30.418699264526367,127.08844757080078,84.58500671386719
2023-08-01,192.73939514160156,438.682861328125,261.07000732421875,40.094940185546875,66.1990966796875,39.312652587890625,33.574581146240234,105.78219604492188,87.47021484375,68.98970031738281,34.12320327758789,30.046804428100586,126.42530822753906,83.62589263916016
2023-08-02,189.75384521484375,432.5804748535156,254.11000061035156,39.596920013427734,64.95608520507812,38.79793930053711,33.28947448730469,104.67424011230469,85.30611419677734,69.2369384765625,33.979976654052734,30.046804428100586,126.51056671142578,82.12639617919922
2023-08-03,188.36453247070312,431.3406982421875,259.32000732421875,39.352622985839844,64.79226684570312,39.19075393676758,33.3084831237793,104.01517486572266,84.95848846435547,69.04463195800781,33.514503479003906,29.361961364746094,125.8758316040039,82.32115173339844
2023-08-04,179.3192901611328,429.3898620605469,253.86000061035156,39.26333999633789,64.64769744873047,39.24491882324219,33.175437927246094,103.38479614257812,83.80300903320312,68.35786437988281,33.18329620361328,29.021812438964844,125.43058013916016,83.51880645751953
2023-08-07,176.22537231445312,433.1378173828125,251.4499969482422,39.521751403808594,65.64985656738281,39.29008102416992,33.64109802246094,104.65514373779297,84.03801727294922,68.91644287109375,33.60401916503906,29.017274856567383,126.88005065917969,84.37564849853516
2023-08-08,177.161376953125,431.2542724609375,249.6999969482422,39.103607177734375,65.4667739868164,39.48423385620117,33.33699417114258,104.17755889892578,83.39171600341797,68.42195892333984,33.43394088745117,29.153335571289062,127.85587310791016,83.70378875732422
2023-08-09,175.57504272460938,428.3712158203125,242.19000244140625,38.94386291503906,64.76335144042969,39.98088455200195,33.08991622924805,104.12024688720703,82.31455993652344,68.52268981933594,33.514503479003906,29.216829299926758,127.81796264648438,82.71062469482422
2023-08-10,175.35824584960938,428.52496337890625,245.33999633789062,38.97205352783203,64.98497009277344,39.97636413574219,33.11842346191406,103.83370208740234,82.32435607910156,68.38533020019531,33.407081604003906,29.12612533569336,127.7326431274414,82.91023254394531
2023-08-11,175.41744995117188,428.2750244140625,242.64999389648438,38.86399459838867,64.6766357421875,40.590423583984375,33.18494415283203,104.00562286376953,81.71722412109375,68.49523162841797,33.46974182128906,29.28485870361328,128.52847290039062,82.62786102294922
2023-08-14,177.06517028808594,430.63916015625,239.75999450683594,38.94856643676758,65.14878845214844,40.418846130371094,33.11842346191406,104.0438461303711,83.01959991455078,68.1563949584961,33.290714263916016,29.05355453491211,128.9168701171875,82.88102722167969
2023-08-15,175.0819854736328,425.6227111816406,232.9600067138672,38.314300537109375,64.57064056396484,39.57904815673828,32.51021957397461,102.7161865234375,82.20193481445312,67.423828125,32.950557708740234,28.581880569458008,128.44322204589844,81.75153350830078
2023-08-16,174.21376037597656,422.49945068359375,225.60000610351562,38.05589294433594,63.799739837646484,39.23590087890625,32.46270751953125,102.14309692382812,81.41854858398438,67.2681655883789,32.54773712158203,28.708866119384766,127.46741485595703,80.7388916015625
2023-08-17,171.6780548095703,419.280029296875,219.22000122070312,37.980716705322266,63.067405700683594,39.70547103881836,32.301151275634766,101.28348541259766,80.64495849609375,66.61801147460938,32.30604553222656,28.645374298095703,126.4537582397461,79.370849609375
2023-08-18,172.1614990234375,419.48187255859375,215.49000549316406,37.97602462768555,62.691612243652344,40.0982780456543,32.29165267944336,101.47449493408203,80.7673568725586,66.86524963378906,32.39556121826172,28.795040130615234,126.50110626220703,79.19072723388672
2023-08-21,173.49349975585938,422.21112060546875,231.27999877929688,37.980716705322266,63.14451217651367,39.84543228149414,32.25363540649414,101.35033416748047,82.3096694946289,66.41655731201172,32.118064880371094,28.61362648010254,126.63374328613281,80.10111236572266
2023-08-22,174.86492919921875,421.0675048828125,233.19000244140625,37.94783020019531,63.14451217651367,39.53840255737305,31.949533462524414,101.1115493774414,82.21662139892578,66.04113006591797,32.21653747558594,28.695262908935547,126.18849182128906,80.21796417236328
2023-08-23,178.70303344726562,425.7572937011719,236.86000061035156,38.0089111328125,64.1659164428711,39.43907165527344,32.263145446777344,102.15265655517578,83.70018005371094,66.48066711425781,32.69096374511719,28.80864715576172,126.56743621826172,80.86060333251953
2023-08-24,174.0262908935547,419.8566589355469,230.0399932861328,37.849178314208984,62.9325065612793,39.168174743652344,32.149105072021484,100.91098022460938,81.77107238769531,65.94953155517578,32.53878402709961,28.640836715698242,125.4684829711914,79.27833557128906
2023-08-25,176.22654724121094,422.8165588378906,238.58999633789062,37.9619255065918,62.99996566772461,39.54743576049805,32.301151275634766,101.76107025146484,82.60343170166016,66.3158187866211,32.62830352783203,28.858537673950195,126.38742065429688,80.16439056396484
2023-08-28,177.78546142578125,425.49774169921875,238.82000732421875,38.2391242980957,63.770851135253906,39.81382751464844,32.481712341308594,102.59203338623047,83.27911376953125,66.61801147460938,32.88789749145508,28.854001998901367,126.68109893798828,80.48571014404297
2023-08-29,181.66299438476562,431.6482238769531,257.17999267578125,38.873390197753906,65.18733978271484,39.92218780517578,32.77631378173828,103.375244140625,84.9487075805664,66.85608673095703,33.263858795166016,28.962852478027344,127.81796264648438,82.49639129638672
2023-08-30,185.1458740234375,433.4261169433594,256.8999938964844,38.96265411376953,65.19696044921875,40.120853424072266,32.795310974121094,103.84326934814453,85.59009552001953,66.96597290039062,33.38022994995117,28.831321716308594,127.72319030761719,82.85179901123047
2023-08-31,185.3629608154297,432.7918395996094,258.0799865722656,38.94386291503906,65.26441955566406,40.1479377746582,32.67177963256836,103.375244140625,86.00628662109375,66.6271743774414,33.13853454589844,28.554668426513672,126.19795989990234,83.10984802246094
2023-09-01,186.9317169189453,433.5990905761719,245.00999450683594,39.380802154541016,64.65735626220703,40.96968078613281,32.966373443603516,103.9196548461914,86.27067565917969,66.05941772460938,33.120635986328125,28.40953826904297,126.53901672363281,82.60350036621094
2023-09-05,187.1685028076172,431.72509765625,256.489990234375,38.65257263183594,64.64769744873047,41.186405181884766,32.63376235961914,102.1717529296875,86.57914733886719,65.4916763305664,32.789424896240234,27.974140167236328,125.2316665649414,82.66192626953125
2023-09-06,180.46914672851562,428.8228759765625,251.9199981689453,38.5680046081543,64.44536590576172,41.204471588134766,32.61476135253906,101.73238372802734,85.66354370117188,65.41842651367188,32.72677230834961,28.037633895874023,124.549560546875,81.92679595947266
2023-09-07,175.19052124023438,427.5063171386719,251.49000549316406,38.3941650390625,64.32974243164062,41.1638298034668,32.52922821044922,101.39807891845703,84.42481231689453,65.57411193847656,32.995323181152344,28.404998779296875,125.1084976196289,82.1556167602539
2023-09-08,175.80226135253906,428.150146484375,248.5,38.431758880615234,64.52245330810547,41.561161041259766,32.59574508666992,100.8918685913086,84.60107421875,65.65650939941406,32.78047561645508,28.654443740844727,125.1084976196289,82.1556167602539
2023-09-11,176.9665069580078,430.9659423828125,273.5799865722656,38.59618377685547,65.49571228027344,41.014835357666016,32.747802734375,100.92050170898438,85.04173278808594,66.22425079345703,32.798377990722656,28.77236557006836,125.97058868408203,84.36591339111328
2023-09-12,173.94735717773438,428.601806640625,267.4800109863281,38.50692367553711,64.8115234375,41.98106002807617,32.966373443603516,100.55757141113281,83.49942779541016,65.65650939941406,32.798377990722656,28.80864715576172,125.8095474243164,83.60154724121094
2023-09-13,171.88523864746094,429.1015930175781,271.29998779296875,38.28141784667969,65.02352905273438,41.66500473022461,32.966373443603516,99.88896942138672,83.7099609375,65.85797119140625,32.46717071533203,29.153335571289062,125.82849884033203,84.26366424560547
2023-09-14,173.3948211669922,432.8014221191406,276.0400085449219,38.82170486450195,65.92930603027344,42.152626037597656,33.270469665527344,100.87275695800781,84.31710052490234,66.52643585205078,33.05797576904297,29.57965850830078,126.22637939453125,85.09130859375
2023-09-15,172.67454528808594,427.5869445800781,274.3900146484375,38.38946533203125,65.05242919921875,41.5430908203125,33.09941864013672,100.29012298583984,82.69645690917969,65.97702026367188,32.93265914916992,29.452672958374023,125.2316665649414,83.63562774658203
2023-09-18,175.59506225585938,427.8376770019531,265.2799987792969,38.22990798950195,65.09880065917969,41.8951416015625,33.19009780883789,100.40137481689453,83.09390258789062,65.9539566040039,32.64482116699219,29.43072509765625,125.0413818359375,82.72604370117188
2023-09-19,176.68040466308594,426.9504089355469,266.5,38.19685745239258,65.1470947265625,41.50398254394531,33.151912689208984,99.97940826416016,83.04972076416016,65.79723358154297,32.473388671875,29.27069664001465,125.14604187011719,82.31149291992188
2023-09-20,173.14817810058594,423.02532958984375,262.5899963378906,37.79557800292969,64.25836181640625,41.11736297607422,32.922828674316406,99.58619689941406,81.74458312988281,65.86177825927734,32.536556243896484,29.298133850097656,125.15555572509766,81.49212646484375
2023-09-21,171.60897827148438,416.033447265625,255.6999969482422,37.03550720214844,63.46624755859375,40.55337142944336,32.37871551513672,97.95584106445312,80.498291015625,65.01361083984375,31.408695220947266,28.99180030822754,124.0616226196289,79.2681655883789
2023-09-22,172.45750427246094,415.09796142578125,244.8800048828125,36.997745513916016,63.38898849487305,40.62158966064453,32.13053512573242,97.62017822265625,80.6700210571289,64.66326904296875,31.192136764526367,28.936933517456055,123.80477905273438,78.4878158569336
2023-09-25,173.7303009033203,416.8434753417969,246.99000549316406,37.290443420410156,63.54353713989258,41.131019592285156,32.206905364990234,98.10929870605469,80.93006896972656,64.43280029296875,31.138002395629883,28.89578628540039,124.48014831542969,78.97064971923828
2023-09-26,169.66526794433594,410.71954345703125,244.1199951171875,36.752262115478516,62.83835983276367,40.894500732421875,31.777353286743164,96.61318969726562,79.4728012084961,63.95340347290039,30.587600708007812,28.031658172607422,123.4242935180664,77.53189086914062
2023-09-27,168.1556854248047,410.88348388671875,240.5,36.747535705566406,63.00257873535156,41.9133415222168,31.72962188720703,97.33246612548828,79.59547424316406,63.42791748046875,30.316917419433594,27.492145538330078,122.80596923828125,77.23438262939453
2023-09-28,168.41220092773438,413.2655334472656,246.3800048828125,37.14410400390625,63.698089599609375,41.95881652832031,31.95871925354004,97.74485778808594,80.15972900390625,63.62150573730469,30.63271713256836,26.897769927978516,123.395751953125,78.09764099121094
2023-09-29,168.92526245117188,412.2626037597656,250.22000122070312,37.082725524902344,63.34067153930664,41.112815856933594,31.66280174255371,97.22697448730469,80.43450164794922,63.437110900878906,30.74099349975586,26.943490982055664,122.46351623535156,78.51219940185547
2023-10-02,171.431396484375,412.0986328125,251.60000610351562,36.59174346923828,63.81401824951172,40.29410934448242,31.395532608032227,96.27752685546875,81.29808044433594,63.00381851196289,30.181577682495117,25.69072914123535,122.29228210449219,78.57559967041016
2023-10-03,170.09939575195312,406.582275390625,246.52999877929688,36.49261474609375,62.95427703857422,40.266822814941406,30.89915657043457,95.606201171875,79.9193115234375,62.552085876464844,29.631179809570312,25.987916946411133,121.20787048339844,76.66376495361328
2023-10-04,171.34259033203125,409.54296875,261.1600036621094,36.92221450805664,63.55320358276367,39.00237274169922,31.12824821472168,95.91310119628906,80.91534423828125,63.049930572509766,29.946977615356445,25.96048355102539,121.7215576171875,78.17567443847656
2023-10-05,172.5758819580078,409.3886413574219,260.04998779296875,36.473731994628906,63.46624755859375,38.76130294799805,31.27142906188965,95.34725189208984,81.02330780029297,61.80534362792969,30.16352653503418,25.809606552124023,122.38742065429688,77.78550720214844
2023-10-06,175.12147521972656,414.2492370605469,260.5299987792969,36.81835174560547,64.63510131835938,38.9932746887207,31.538711547851562,96.65155792236328,82.53944396972656,61.46421813964844,30.28082847595215,26.17537498474121,123.67159271240234,78.33174133300781
2023-10-09,176.60145568847656,416.9013671875,259.6700134277344,36.865562438964844,65.33063507080078,40.29410934448242,31.557804107666016,98.16682434082031,82.9663314819336,61.51954650878906,30.677831649780273,26.43598747253418,124.09966278076172,78.41466522216797
2023-10-10,176.0094451904297,419.0712890625,263.6199951171875,37.25739669799805,65.70738220214844,40.344139099121094,31.78689193725586,98.76142883300781,83.09390258789062,62.14643478393555,30.78610610961914,26.79718017578125,124.68942260742188,79.27301788330078
2023-10-11,177.40065002441406,420.7879333496094,262.989990234375,37.34709167480469,66.30628967285156,39.825626373291016,31.834623336791992,99.35603332519531,83.86425018310547,61.72236251831055,31.408695220947266,27.23153305053711,124.13771057128906,79.55591583251953
2023-10-12,178.29852294921875,418.2225341796875,258.8699951171875,36.7900276184082,65.52384185791016,39.871116638183594,31.63416290283203,98.45452117919922,83.9427490234375,61.04936981201172,30.993629455566406,26.810897827148438,123.07233428955078,78.6877670288086
2023-10-13,176.46331787109375,416.13946533203125,251.1199951171875,36.653114318847656,64.7896728515625,40.74894714355469,31.700986862182617,97.58181762695312,82.74060821533203,61.584075927734375,30.984607696533203,27.11265754699707,123.84282684326172,77.53189086914062
2023-10-16,176.3350372314453,420.5178527832031,253.9199981689453,37.01190948486328,65.83296203613281,41.02185821533203,32.03508377075195,98.61756896972656,83.53549194335938,62.22019958496094,31.300405502319336,27.391559600830078,124.77503204345703,78.78531646728516
2023-10-17,174.78598022460938,420.49859619140625,254.85000610351562,37.37541961669922,66.06480407714844,41.449398040771484,32.18781661987305,98.92446899414062,83.14788055419922,62.487548828125,31.138002395629883,27.318403244018555,124.60383605957031,78.97064971923828
2023-10-18,173.49349975585938,414.8953552246094,242.67999267578125,36.40763473510742,64.92491149902344,41.82691192626953,31.63416290283203,96.53648376464844,82.29412078857422,62.71803665161133,30.452259063720703,27.080652236938477,123.51940155029297,77.11734008789062
2023-10-19,173.11856079101562,411.25,220.11000061035156,35.98274612426758,64.85728454589844,41.75414276123047,31.21415901184082,95.6445541381836,81.82308197021484,62.257080078125,29.70335578918457,26.810897827148438,122.30179595947266,75.14698028564453
2023-10-20,170.57302856445312,406.19647216796875,211.99000549316406,35.54842758178711,64.25836181640625,41.05369186401367,30.73687744140625,94.65675354003906,80.43940734863281,62.017391204833984,29.549972534179688,26.531997680664062,121.81665802001953,73.98135375976562
2023-10-23,170.6913604736328,405.49249267578125,212.0800018310547,35.15187072753906,64.59648132324219,40.38962936401367,30.545963287353516,94.21559143066406,80.53263854980469,61.89753723144531,29.29732894897461,26.307968139648438,121.05567169189453,74.06912994384766
2023-10-24,171.12548828125,408.5496520996094,216.52000427246094,35.56730651855469,65.35961151123047,39.82107925415039,30.75597381591797,94.92528533935547,81.08708953857422,62.42302322387695,29.66727066040039,26.98464012145996,121.4266586303711,74.85922241210938
2023-10-25,168.81675720214844,402.68603515625,212.4199981689453,35.15187072753906,62.52923583984375,39.74830627441406,30.641420364379883,93.7072982788086,80.13027954101562,62.63505935668945,29.044689178466797,27.135520935058594,120.34223175048828,73.34730529785156
2023-10-26,164.66290283203125,397.864013671875,205.75999450683594,35.39735412597656,61.16717529296875,39.43901443481445,30.574600219726562,93.31411743164062,78.59941101074219,62.22941207885742,29.658245086669922,27.368698120117188,119.1531753540039,72.201171875
2023-10-27,165.97515869140625,396.06060791015625,207.3000030517578,35.38319778442383,60.94499588012695,38.492950439453125,30.02095603942871,92.48934173583984,79.05573272705078,61.381256103515625,29.189056396484375,26.852048873901367,117.13654327392578,72.95713806152344
2023-10-30,168.01751708984375,400.7958068847656,197.36000061035156,35.746707916259766,62.2007942199707,38.62031173706055,30.555509567260742,93.64018249511719,79.90458679199219,62.340049743652344,29.2792911529541,27.057796478271484,117.79288482666016,73.62530517578125
2023-10-31,168.4911346435547,403.3128967285156,200.83999633789062,35.90721893310547,62.519569396972656,38.747657775878906,30.88960838317871,94.33067321777344,80.47374725341797,62.561309814453125,29.865768432617188,27.290971755981445,118.46827697753906,74.18130493164062
2023-11-01,171.6484375,407.6141662597656,205.66000366210938,35.92610168457031,63.43727111816406,38.65669250488281,31.090063095092773,94.6375732421875,82.0291519165039,62.49677276611328,30.0191707611084,27.60187339782715,118.71560668945312,75.09821319580078
2023-11-02,175.20040893554688,415.4258117675781,218.50999450683594,36.62007522583008,64.27770233154297,39.825626373291016,31.82508087158203,96.58440399169922,83.41773223876953,63.30805587768555,30.948518753051758,28.118526458740234,120.59906768798828,77.05880737304688
2023-11-03,174.29270935058594,419.2159118652344,219.9600067138672,37.19602584838867,65.26302337646484,39.42536926269531,32.245079040527344,97.43795776367188,84.2763900756836,63.381813049316406,31.67937469482422,28.28312110900879,121.19837188720703,78.14154052734375
2023-11-06,176.83827209472656,420.1802978515625,219.27000427246094,37.01190948486328,65.08914184570312,38.97962951660156,32.14962387084961,97.17901611328125,84.83084106445312,63.483238220214844,31.246273040771484,28.2099666595459,122.00689697265625,78.23906707763672
2023-11-07,179.3936767578125,421.376220703125,222.17999267578125,36.294334411621094,65.4368896484375,38.11544418334961,32.101905822753906,96.93926239013672,85.75820922851562,63.639949798583984,30.984607696533203,28.004220962524414,122.092529296875,79.11209106445312
2023-11-08,180.4494171142578,421.684814453125,222.11000061035156,36.40763473510742,65.1277847290039,37.637847900390625,32.14007568359375,97.15982055664062,86.24396514892578,63.39103317260742,31.165067672729492,27.798473358154297,121.92129516601562,78.90237426757812
2023-11-09,179.97581481933594,418.39617919921875,209.97999572753906,36.0960578918457,65.10846710205078,37.52414321899414,32.006446838378906,96.94884490966797,85.84160614013672,63.13289260864258,30.686859130859375,27.432710647583008,119.40050506591797,77.4294662475586
2023-11-10,184.1548614501953,424.9251403808594,214.64999389648438,36.520931243896484,66.14207458496094,37.938045501708984,32.36918258666992,98.34903717041016,88.08395385742188,63.57541275024414,31.02972984313965,27.579015731811523,120.11394500732422,78.71703338623047
2023-11-13,182.57415771484375,424.5201416015625,223.7100067138672,36.4690055847168,65.99718475341797,38.2109489440918,32.32145309448242,98.43534851074219,87.56875610351562,63.77825164794922,30.768054962158203,27.249820709228516,120.80835723876953,79.05355834960938
2023-11-14,185.1823272705078,432.75616455078125,237.41000366210938,37.54537582397461,67.06944274902344,38.552085876464844,32.93236541748047,100.41097259521484,89.3204116821289,64.43280029296875,32.42827224731445,28.337984085083008,121.62641906738281,81.71648406982422
2023-11-15,185.7454376220703,433.67236328125,242.83999633789062,37.71059799194336,67.39787292480469,38.47930145263672,33.11373519897461,100.6219482421875,89.43327331542969,64.94905853271484,32.500457763671875,28.251113891601562,121.7215576171875,81.81401824951172
2023-11-16,187.4250030517578,434.2027282714844,233.58999633789062,37.82389831542969,67.69733428955078,37.72883224487305,33.24737548828125,100.6411361694336,89.87976837158203,64.14701080322266,32.491432189941406,28.40199851989746,122.2447280883789,80.97515869140625
2023-11-17,187.40524291992188,434.7427978515625,234.3000030517578,37.89471435546875,67.68769073486328,38.52023696899414,33.419193267822266,101.28369903564453,89.69330596923828,64.06402587890625,32.455345153808594,28.479726791381836,121.99739837646484,81.51651763916016
2023-11-20,189.14402770996094,438.0893249511719,235.60000610351562,37.960819244384766,68.45081329345703,38.574825286865234,33.55282974243164,101.590576171875,90.99359130859375,64.01793670654297,32.70798110961914,28.392852783203125,122.73938751220703,81.93594360351562
2023-11-21,188.34376525878906,437.1344909667969,241.1999969482422,38.1071662902832,68.2189712524414,38.4884033203125,33.53373718261719,101.51387023925781,90.2575912475586,64.2115478515625,32.545570373535156,28.452285766601562,123.48135375976562,81.72624206542969
2023-11-22,189.0056915283203,438.8222351074219,234.2100067138672,38.130760192871094,68.77925872802734,38.47020721435547,33.66737747192383,101.73443603515625,90.65994262695312,64.6725082397461,32.64482116699219,28.589452743530273,124.07112121582031,81.9749526977539
2023-11-24,187.68185424804688,439.09222412109375,235.4499969482422,38.295997619628906,68.54741668701172,38.62940216064453,33.77238464355469,101.9837875366211,90.4832992553711,64.91220092773438,32.77114486694336,28.662607192993164,124.73701477050781,82.05300903320312
2023-11-27,187.50399780273438,438.3014221191406,236.0800018310547,38.24878692626953,68.12236785888672,38.492950439453125,33.657833099365234,101.40837097167969,90.47840118408203,64.7278060913086,32.88844680786133,28.708330154418945,123.95697784423828,82.18466186523438
2023-11-28,188.10665893554688,438.7353820800781,246.72000122070312,38.32432174682617,68.28662109375,38.50204849243164,33.648284912109375,101.16860961914062,90.65011596679688,65.02283477783203,33.06889724731445,28.79977035522461,123.31963348388672,82.65777587890625
2023-11-29,187.0890655517578,438.4268493652344,244.13999938964844,38.522605895996094,67.7939453125,38.21549987792969,33.886932373046875,101.55221557617188,90.71881866455078,64.49734497070312,33.3215446472168,28.571165084838867,123.35768127441406,82.43344116210938
2023-11-30,187.66209411621094,440.1531066894531,240.0800018310547,38.904998779296875,67.39787292480469,38.47020721435547,34.26875686645508,102.6646957397461,90.85128021240234,65.14269256591797,33.59223175048828,28.694616317749023,124.9082260131836,82.31636810302734
2023-12-01,188.93655395507812,442.7569274902344,238.8300018310547,39.34876251220703,67.53311920166016,38.67034149169922,34.526485443115234,104.28546905517578,91.05738067626953,65.41002655029297,34.296016693115234,29.04666519165039,125.40289306640625,83.44297790527344
2023-12-04,187.14834594726562,440.4327697753906,235.5800018310547,38.89083480834961,66.85693359375,38.492950439453125,34.488311767578125,104.45808410644531,89.9484634399414,65.49300384521484,34.485496520996094,28.932361602783203,125.64068603515625,83.1259765625
2023-12-05,191.09030151367188,440.3459777832031,238.72000122070312,38.357364654541016,66.54780578613281,37.819793701171875,34.31647872924805,103.6141357421875,90.48818969726562,64.97673034667969,34.34113311767578,28.72661781311035,125.47895812988281,83.27228546142578
2023-12-06,190.00355529785156,438.5714111328125,239.3699951171875,38.27711486816406,66.37393188476562,37.255794525146484,34.14466094970703,104.0744857788086,89.72277069091797,64.81078338623047,34.22382736206055,29.110675811767578,125.57410430908203,83.39421844482422
2023-12-07,191.93006896972656,441.9179382324219,242.63999938964844,38.5367546081543,67.76495361328125,37.00107955932617,34.30693435668945,104.17037963867188,90.81204986572266,65.08736419677734,34.26893997192383,29.04666519165039,125.42190551757812,84.0818862915039
2023-12-08,193.35272216796875,443.8177795410156,243.83999633789062,38.67839050292969,68.083740234375,37.40134048461914,34.488311767578125,104.4964599609375,91.58728790283203,64.6356201171875,34.19676208496094,28.99180030822754,125.63117980957031,84.46719360351562
2023-12-11,190.8531951904297,445.5440979003906,239.74000549316406,38.952205657958984,67.56210327148438,37.44682312011719,34.69830322265625,105.49384307861328,92.3870620727539,65.25328826904297,34.314048767089844,29.179256439208984,126.4587631225586,84.69152069091797
2023-12-12,192.36476135253906,447.5790100097656,237.00999450683594,39.17880630493164,67.84224700927734,36.93285369873047,34.94649124145508,105.97335815429688,93.00038146972656,65.46534729003906,34.3050422668457,29.06038475036621,127.00093078613281,84.95490264892578
2023-12-13,195.57562255859375,453.7511901855469,239.2899932861328,39.65562438964844,68.47978973388672,37.44682312011719,35.50968933105469,107.15298461914062,93.8198013305664,66.65461730957031,35.550201416015625,30.157690048217773,129.3410186767578,86.06688690185547
2023-12-14,195.72381591796875,455.2074279785156,251.0500030517578,40.311824798583984,68.77925872802734,38.54752731323242,35.862876892089844,108.53398132324219,93.58919525146484,65.67738342285156,36.533695220947266,29.764484405517578,128.71319580078125,87.22276306152344
2023-12-15,195.19032287597656,454.4579162597656,253.5,40.20796203613281,68.60537719726562,38.342864990234375,35.652870178222656,108.39013671875,94.06021881103516,65.67738342285156,36.09156799316406,29.247838973999023,127.61927032470703,87.40322875976562
2023-12-18,193.53057861328125,457.0143127441406,252.0800018310547,40.27024459838867,69.45172882080078,38.65603256225586,35.77182388305664,108.38529968261719,94.34151458740234,66.36107635498047,35.9921760559082,29.181838989257812,127.82756805419922,87.94556427001953
2023-12-19,194.56788635253906,459.7933349609375,257.2200012207031,40.64104080200195,70.15863037109375,39.11983108520508,36.04042053222656,109.22422790527344,94.70049285888672,66.49110412597656,36.23837661743164,29.34798812866211,128.68751525878906,88.63446807861328
2023-12-20,192.48333740234375,453.42181396484375,247.13999938964844,40.018287658691406,69.6163558959961,38.75706100463867,35.397701263427734,107.45960235595703,93.26950073242188,65.19994354248047,35.78244400024414,28.752626419067383,126.82427215576172,87.0172348022461
2023-12-21,192.3351287841797,457.7211608886719,254.5,40.44137954711914,70.30390167236328,38.90859603881836,35.7430419921875,108.56851959228516,94.31692504882812,65.65509796142578,36.08335876464844,28.803396224975586,128.37222290039062,88.34131622314453
2023-12-22,191.26812744140625,458.6410217285156,252.5399932861328,40.69334030151367,70.31358337402344,39.02339172363281,35.81978988647461,109.0892333984375,94.43986511230469,66.15670013427734,36.22926330566406,28.900312423706055,129.01239013671875,87.69149017333984
2023-12-26,190.7247772216797,460.5776672363281,256.6099853515625,40.883487701416016,70.58472442626953,39.35862350463867,35.96367645263672,109.86067962646484,94.83325958251953,66.43537902832031,36.49370193481445,29.07569122314453,129.29908752441406,88.06282043457031
2023-12-27,190.82354736328125,461.4103698730469,261.44000244140625,40.98332214355469,70.59442138671875,39.18412780761719,36.07878875732422,110.02458953857422,94.8283462524414,66.74190521240234,36.70344543457031,29.05722999572754,129.8436737060547,88.36573791503906
2023-12-28,191.24839782714844,461.584716796875,253.17999267578125,40.82644271850586,70.78809356689453,38.587154388427734,36.1843147277832,110.05351257324219,94.94143676757812,66.76979064941406,36.93141555786133,29.26491355895996,130.17813110351562,87.9064712524414
2023-12-29,190.21099853515625,460.2484436035156,248.47999572753906,40.664817810058594,70.36203002929688,38.49991226196289,36.06919860839844,109.91851806640625,94.65131378173828,66.90912628173828,36.530189514160156,29.227989196777344,130.3118896484375,87.36414337158203
2024-01-02,183.40403747558594,457.6727600097656,248.4199981689453,40.593505859375,69.96497344970703,38.91318893432617,36.22268295288086,108.8095932006836,92.17292022705078,67.66152954101562,36.867584228515625,29.652589797973633,132.60511779785156,86.55308532714844
2024-01-03,182.03076171875,453.9350891113281,238.4499969482422,40.15614700317383,69.70350646972656,39.546897888183594,35.91571044921875,107.18960571289062,91.2336654663086,67.1320571899414,35.9921760559082,29.763355255126953,132.38531494140625,84.803955078125
2024-01-04,179.71896362304688,452.4728698730469,237.92999267578125,40.02778625488281,69.47108459472656,38.85348892211914,36.059600830078125,107.32461547851562,90.56490325927734,67.03915405273438,35.90098571777344,29.671049118041992,133.04464721679688,84.20787048339844
2024-01-05,178.9977264404297,453.0926208496094,237.49000549316406,40.094337463378906,69.7616195678711,38.88563919067383,36.21308898925781,107.449951171875,90.5403060913086,66.89053344726562,35.828025817871094,29.781814575195312,132.92996215820312,84.33978271484375
2024-01-08,183.32501220703125,459.56097412109375,240.4499969482422,40.265480041503906,70.84619140625,38.43561553955078,36.44332504272461,108.15389251708984,92.81218719482422,67.38286590576172,36.320457458496094,29.99873161315918,134.10523986816406,85.77622985839844
2024-01-09,182.91004943847656,458.86370849609375,234.9600067138672,39.80436706542969,70.7009506225586,37.820274353027344,36.21308898925781,107.81637573242188,92.95970916748047,67.5593490600586,36.065120697021484,29.75412368774414,134.08612060546875,85.45864868164062
2024-01-10,183.94740295410156,461.4588317871094,233.94000244140625,39.7520637512207,71.35942840576172,37.44831848144531,36.27065658569336,108.36602020263672,93.75141143798828,67.4200210571289,36.11983871459961,29.749509811401367,134.69764709472656,86.14266967773438
2024-01-11,183.35462951660156,461.2554931640625,227.22000122070312,39.633216857910156,71.12702941894531,37.54475784301758,36.1363410949707,108.11531066894531,94.2284164428711,67.41072845458984,35.78244400024414,29.05722999572754,134.60211181640625,86.03028869628906
2024-01-12,183.68063354492188,461.57501220703125,218.88999938964844,39.67124557495117,71.47563934326172,37.967227935791016,36.06919860839844,108.10568237304688,94.5333023071289,67.62437438964844,36.056007385253906,29.223377227783203,134.2677001953125,84.99449920654297
2024-01-16,181.41822814941406,459.8804626464844,219.91000366210938,39.21487808227539,71.06893920898438,37.06258773803711,35.81978988647461,107.01603698730469,94.76933288574219,67.25281524658203,35.83715057373047,28.904926300048828,133.46507263183594,84.89677429199219
2024-01-17,180.4796600341797,457.3241271972656,215.5500030517578,38.92963790893555,70.6331558227539,36.75492477416992,35.75263595581055,106.2928237915039,94.30216217041016,67.20636749267578,35.180599212646484,28.484947204589844,133.19752502441406,84.15413665771484
2024-01-18,186.35800170898438,461.39105224609375,211.8800048828125,39.05324172973633,71.49500274658203,36.69521713256836,35.81018829345703,107.7295913696289,96.21507263183594,67.12276458740234,34.95262908935547,28.180343627929688,133.1784210205078,84.63294982910156
2024-01-19,189.25271606445312,467.1427917480469,212.19000244140625,39.09127426147461,72.46337890625,36.81461715698242,36.385765075683594,108.43352508544922,98.4328384399414,66.92769622802734,35.29001998901367,28.143417358398438,133.25485229492188,85.44889068603516
2024-01-22,191.5546112060547,468.13055419921875,208.8000030517578,39.20536422729492,72.608642578125,36.95237731933594,36.55843734741211,109.27245330810547,98.8655776977539,66.60257720947266,35.454158782958984,28.000349044799805,133.83770751953125,85.07266998291016
2024-01-23,192.82911682128906,469.4958190917969,209.13999938964844,39.33372116088867,73.32522583007812,37.03043746948242,36.615989685058594,109.18566131591797,99.2638931274414,67.32713317871094,35.26266098022461,28.05111312866211,133.74215698242188,84.86746215820312
2024-01-24,192.15731811523438,470.0090637207031,207.8300018310547,38.80128479003906,73.7803726196289,37.558528900146484,36.7598876953125,108.51068115234375,99.9474105834961,66.5003890991211,34.779361724853516,27.668058395385742,132.5191192626953,84.54499053955078
2024-01-25,191.83126831054688,472.5653991699219,182.6300048828125,39.210121154785156,74.98114776611328,38.40346145629883,36.9421501159668,109.55208587646484,100.36540985107422,67.14134216308594,35.2535400390625,28.1664981842041,132.31845092773438,83.49939727783203
2024-01-26,190.10231018066406,471.96502685546875,183.25,39.22438430786133,75.22323608398438,38.68817138671875,37.076454162597656,109.37852478027344,99.20980072021484,67.46646118164062,35.09852600097656,28.24957275390625,133.07330322265625,83.88052368164062
2024-01-29,189.420654296875,475.7026672363281,190.92999267578125,39.41929244995117,75.85269165039062,38.63307189941406,37.1723747253418,110.09208679199219,100.11954498291016,67.85660552978516,35.353851318359375,28.429563522338867,134.0096893310547,85.10686492919922
2024-01-30,185.77511596679688,475.3347473144531,191.58999633789062,39.59994125366211,75.33943939208984,39.0325813293457,37.642433166503906,110.13066101074219,99.29339599609375,68.2374496459961,35.02556610107422,28.42033576965332,134.31546020507812,85.0580062866211
2024-01-31,182.17893981933594,467.5785827636719,187.2899932861328,39.081764221191406,73.48016357421875,38.30244445800781,37.18196487426758,108.85781860351562,97.20838928222656,67.73583221435547,34.77024459838867,28.36033821105957,134.13392639160156,83.50919342041016
2024-02-01,184.60928344726562,473.69830322265625,188.86000061035156,39.73305130004883,74.23550415039062,38.2978515625,37.23952865600586,110.709228515625,98.4328384399414,69.11992645263672,35.38120651245117,28.900312423706055,135.8729248046875,85.11666107177734
2024-02-02,183.6114959716797,478.68505859375,187.91000366210938,39.50010299682617,77.21810913085938,38.35295486450195,37.393009185791016,111.45174407958984,99.45076751708984,68.89697265625,34.934383392333984,28.378799438476562,135.6722869873047,86.63615417480469
2024-02-05,185.41941833496094,476.9421691894531,181.05999755859375,38.497039794921875,76.13351440429688,38.25652313232422,37.1723747253418,110.84423065185547,99.67696380615234,68.46967315673828,34.24134826660156,27.788055419921875,136.09268188476562,85.41468048095703
2024-02-06,187.01992797851562,478.32684326171875,185.10000610351562,39.17684555053711,75.9011001586914,38.38050842285156,37.24911880493164,111.83744812011719,99.21963500976562,68.62759399414062,34.76112365722656,27.889585494995117,137.57369995117188,85.93257904052734
2024-02-07,187.1286163330078,482.3162841796875,187.5800018310547,39.490596771240234,76.28843688964844,38.45857238769531,37.527313232421875,112.57994079589844,100.53260040283203,68.56256103515625,34.742889404296875,27.90804672241211,137.94638061523438,86.89510345458984
2024-02-08,186.05174255371094,482.5293273925781,189.55999755859375,39.43831253051758,76.57897186279297,38.85348892211914,37.383426666259766,112.5992202758789,100.8473129272461,68.54399108886719,34.934383392333984,27.7095947265625,137.70748901367188,87.27620697021484
2024-02-09,186.81344604492188,485.31805419921875,193.57000732421875,39.52387619018555,76.66613006591797,38.25652313232422,37.488948822021484,112.77278900146484,102.20452880859375,67.91233825683594,35.02556610107422,27.815744400024414,137.60240173339844,87.89669036865234
2024-02-12,185.13174438476562,485.1049499511719,188.1300048828125,39.837642669677734,76.908203125,38.678993225097656,37.66161346435547,112.93672943115234,101.42757415771484,68.39535522460938,34.91614532470703,28.13880729675293,137.783935546875,87.82340240478516
2024-02-13,183.0445098876953,478.42364501953125,184.02000427246094,39.276676177978516,75.82364654541016,38.28866958618164,37.1531982421875,111.77957916259766,99.70645904541016,67.66152954101562,34.27782440185547,27.672670364379883,136.5035858154297,86.07427978515625
2024-02-14,182.1641082763672,482.7713623046875,188.7100067138672,39.52863311767578,77.03410339355469,38.251930236816406,37.50812911987305,113.6502914428711,100.74897003173828,67.53148651123047,34.505794525146484,27.82497787475586,137.68836975097656,86.9830322265625
2024-02-15,181.87722778320312,486.1023864746094,200.4499969482422,40.27499008178711,77.66352844238281,39.317291259765625,38.15085983276367,114.49885559082031,100.53751373291016,67.96807861328125,35.33561706542969,28.291109085083008,138.69168090820312,87.98953247070312
2024-02-16,180.34396362304688,483.68157958984375,199.9499969482422,40.488914489746094,76.45306396484375,39.294334411621094,38.01655578613281,113.81421661376953,99.61302947998047,68.07025146484375,34.970855712890625,28.25880241394043,139.14073181152344,87.46675109863281
2024-02-20,179.60203552246094,481.01873779296875,193.75999450683594,40.403343200683594,76.33688354492188,38.9361457824707,37.91102600097656,113.45744323730469,98.60003662109375,68.78551483154297,34.91614532470703,28.240341186523438,138.6725616455078,86.64103698730469
2024-02-21,180.35385131835938,481.4544372558594,194.77000427246094,40.62678527832031,76.24972534179688,39.666290283203125,38.02614212036133,113.91064453125,97.98042297363281,69.03631591796875,35.17147445678711,28.614168167114258,138.97833251953125,87.28108215332031
2024-02-22,182.3817596435547,491.41845703125,197.41000366210938,41.03561782836914,77.39240264892578,39.73517608642578,38.46741485595703,115.31849670410156,101.18661499023438,69.24995422363281,35.26266098022461,28.392642974853516,140.61228942871094,88.97647094726562
2024-02-23,180.5516815185547,491.75732421875,191.97000122070312,41.27806091308594,77.19872283935547,39.473419189453125,38.659278869628906,115.9260025024414,100.9505844116211,69.46360778808594,35.30826187133789,28.59571075439453,141.28111267089844,88.5758285522461
2024-02-26,179.2063751220703,489.9562683105469,199.39999389648438,41.030860900878906,76.07540893554688,39.61118698120117,38.46741485595703,115.75243377685547,101.04894256591797,69.18494415283203,34.90702438354492,28.032657623291016,140.554931640625,88.84944915771484
2024-02-27,180.6605224609375,490.8664245605469,199.72999572753906,41.1829833984375,76.6951675415039,39.44127655029297,38.572940826416016,115.9260025024414,101.137451171875,69.1942138671875,34.934383392333984,28.563404083251953,140.21092224121094,89.14258575439453
2024-02-28,179.4635467529297,490.2176818847656,202.0399932861328,41.31134033203125,76.1722640991211,39.363216400146484,38.71683120727539,116.32136535644531,100.66045379638672,69.26853942871094,35.38120651245117,28.65109634399414,139.51341247558594,89.494384765625
2024-02-29,178.80078125,491.9800109863281,201.8800048828125,41.62509536743164,76.85010528564453,39.55607986450195,38.69764709472656,116.67813873291016,101.78162384033203,69.15706634521484,35.66389083862305,28.660324096679688,138.3763427734375,90.1002197265625
2024-03-01,177.72251892089844,496.598876953125,202.63999938964844,41.81525421142578,77.4892349243164,40.015281677246094,38.64968490600586,117.17955780029297,103.64043426513672,69.1663589477539,36.056007385253906,28.484947204589844,139.8287353515625,90.39826965332031
2024-03-04,173.21170043945312,496.0662536621094,188.13999938964844,42.119503021240234,76.47244262695312,39.588218688964844,38.745609283447266,117.6038589477539,103.64043426513672,69.22208404541016,36.46635818481445,28.964929580688477,139.6185302734375,89.17679595947266
2024-03-05,168.285400390625,491.1084899902344,180.74000549316406,41.89607238769531,75.85269165039062,39.882110595703125,38.75520706176758,116.63956451416016,101.09318542480469,69.38928985595703,36.001285552978516,28.881855010986328,138.57699584960938,88.06770324707031
2024-03-06,167.2961883544922,493.5971374511719,176.5399932861328,42.205078125,75.95919036865234,40.006103515625,38.95664978027344,117.2470703125,101.89472961425781,69.9745101928711,36.201900482177734,29.158761978149414,139.52296447753906,87.75501251220703
2024-03-07,167.17750549316406,498.4967346191406,178.64999389648438,42.72324752807617,77.18903350830078,40.34591293334961,38.89909744262695,118.19205474853516,103.50274658203125,70.37393951416016,36.201900482177734,29.34798812866211,140.17269897460938,88.42436981201172
2024-03-08,168.88882446289062,495.50469970703125,175.33999633789062,42.47604751586914,77.07282257080078,40.48826217651367,38.966243743896484,117.93170166015625,101.96356964111328,69.81659698486328,36.6304931640625,29.421831130981445,139.9147186279297,88.09703063964844
2024-03-11,170.88706970214844,495.0786437988281,177.77000427246094,42.95619201660156,76.92757415771484,40.90614700317383,39.03339767456055,117.32420349121094,101.68328094482422,70.19744873046875,36.448123931884766,29.56951332092285,139.83828735351562,87.85760498046875
2024-03-12,171.36184692382812,500.4043884277344,177.5399932861328,42.951438903808594,77.60543823242188,40.84185791015625,39.19648361206055,117.84492492675781,103.76830291748047,70.55972290039062,36.35692596435547,29.283370971679688,140.488037109375,88.61492919921875
2024-03-13,169.28451538085938,499.6199951171875,169.47999572753906,43.37453079223633,77.74101257324219,41.49393844604492,39.48426055908203,118.16313934326172,102.64710998535156,70.7362060546875,36.12895202636719,29.481828689575195,139.94342041015625,88.42926788330078
2024-03-14,171.1343536376953,498.6322937011719,162.5,43.14634704589844,77.5570297241211,41.920989990234375,39.167701721191406,117.66170501708984,102.6667709350586,70.18814849853516,35.61830520629883,29.24645233154297,139.44654846191406,87.86737823486328
2024-03-15,170.7584228515625,495.2084045410156,163.57000732421875,43.16536331176758,76.78233337402344,42.044979095458984,39.12932586669922,117.68098449707031,101.1177749633789,70.16028594970703,35.60005569458008,29.28799057006836,138.892333984375,86.9928207397461
2024-03-18,171.84657287597656,498.15155029296875,173.8000030517578,43.24408721923828,78.35921478271484,42.19034194946289,39.35367965698242,117.88990783691406,101.61477661132812,70.61132049560547,35.59455108642578,29.422935485839844,138.87600708007812,87.65727996826172
2024-03-19,174.18113708496094,500.9197998046875,171.32000732421875,43.24885559082031,78.33009338378906,42.67176818847656,39.546260833740234,118.90554809570312,102.14180755615234,70.87332916259766,35.59455108642578,29.683521270751953,139.796630859375,88.4162368774414
2024-03-20,176.74322509765625,505.5529479980469,175.66000366210938,43.683013916015625,79.2525405883789,42.61159133911133,40.018089294433594,120.33710479736328,103.28453826904297,71.08854675292969,35.74144744873047,29.720746994018555,139.4801788330078,89.73338317871094
2024-03-21,169.5219268798828,507.22369384765625,172.82000732421875,43.86431121826172,79.28167724609375,42.86619567871094,40.3454704284668,121.52684020996094,103.3584213256836,71.12596893310547,35.87915802001953,29.67421531677246,139.66236877441406,90.25731658935547
2024-03-22,170.42213439941406,506.2620849609375,170.8300018310547,43.592369079589844,79.44673919677734,42.77360916137695,39.883270263671875,121.11090850830078,103.39290618896484,70.77974700927734,35.45682907104492,29.71609878540039,139.4705810546875,89.46897888183594
2024-03-25,169.00753784179688,504.8633728027344,172.6300048828125,43.6066780090332,79.17485809326172,43.17171859741211,39.72920608520508,120.32743835449219,102.708251953125,70.58323669433594,35.31912612915039,29.855697631835938,139.27879333496094,89.1751937866211
2024-03-26,167.87982177734375,503.9308166503906,177.6699981689453,43.57327651977539,79.00978088378906,42.83842468261719,39.86402130126953,119.89216613769531,102.28463745117188,70.62068176269531,35.17223358154297,29.516000747680664,139.78704833984375,89.28781127929688
2024-03-27,171.44102478027344,508.16583251953125,179.8300018310547,44.198272705078125,79.4176025390625,43.23653030395508,40.33583450317383,121.81700897216797,102.80674743652344,71.35990905761719,36.06277847290039,30.33963394165039,141.6474151611328,90.32096862792969
2024-03-28,169.6307373046875,508.06878662109375,175.7899932861328,44.31755065917969,79.29137420654297,43.70407485961914,40.55730056762695,121.83634948730469,102.58511352539062,71.45347595214844,36.29229736328125,30.549041748046875,141.66656494140625,90.0418701171875
2024-04-01,168.19639587402344,507.184814453125,175.22000122070312,44.212589263916016,79.9030990600586,44.02812576293945,40.33583450317383,120.89810943603516,102.87079620361328,70.88268280029297,35.6588134765625,30.36290740966797,140.45831298828125,89.37104797363281
2024-04-02,167.01918029785156,503.9601135253906,166.6300048828125,44.050376892089844,79.77688598632812,44.643802642822266,40.12400436401367,120.33710479736328,101.88075256347656,70.51775360107422,35.2640380859375,30.414094924926758,138.2718963623047,88.05388641357422
2024-04-03,167.82049560546875,504.513671875,168.3800048828125,44.31277847290039,80.40801239013672,44.94932556152344,40.10474395751953,120.95614624023438,102.15166473388672,69.74107360839844,35.28240203857422,30.293106079101562,138.1184539794922,88.11753845214844
2024-04-04,166.99945068359375,498.35552978515625,171.11000061035156,43.86431121826172,79.32050323486328,44.92155075073242,39.65217590332031,119.89216613769531,100.53607940673828,69.441650390625,35.00697326660156,30.23261260986328,136.12380981445312,87.08438873291016
2024-04-05,167.751220703125,503.5617980957031,164.89999389648438,44.26029968261719,80.12642669677734,45.402984619140625,40.027713775634766,121.55583953857422,101.68865203857422,69.55391693115234,35.23649597167969,30.32102394104004,137.3416748046875,87.56912994384766
2024-04-08,166.6334228515625,503.8434143066406,172.97999572753906,44.293697357177734,80.1361312866211,45.1159782409668,40.2010383605957,121.34304809570312,101.57044219970703,69.45099639892578,35.539466857910156,30.5211181640625,136.9005584716797,88.40154266357422
2024-04-09,167.84024047851562,504.42620849609375,176.8800048828125,44.398658752441406,80.22352600097656,45.12986373901367,39.969940185546875,121.06255340576172,102.08270263671875,69.78785705566406,35.98933410644531,30.688634872436523,137.3896484375,88.81773376464844
2024-04-10,165.9706573486328,499.3753662109375,171.75999450683594,43.70686340332031,79.59237670898438,45.26873779296875,39.37293243408203,120.0275650024414,100.83159637451172,69.53520965576172,34.51119613647461,30.162813186645508,135.77859497070312,87.44670104980469
2024-04-11,173.15232849121094,503.1441650390625,174.60000610351562,43.67346954345703,80.29150390625,45.23633575439453,39.09369659423828,120.1629867553711,102.84615325927734,69.36678314208984,34.54792404174805,30.10232162475586,135.22238159179688,88.15180969238281
2024-04-12,174.6460723876953,496.1991882324219,171.0500030517578,42.900569915771484,78.97093963623047,44.50029373168945,38.573734283447266,118.87652587890625,101.18132019042969,68.66496276855469,34.18986892700195,29.87430763244629,133.20858764648438,86.72203826904297
2024-04-15,170.8276824951172,489.9827575683594,161.47999572753906,42.69541549682617,77.9708251953125,44.08367156982422,38.381160736083984,118.02532958984375,99.26034545898438,68.38423919677734,33.593101501464844,29.599763870239258,132.94009399414062,85.277587890625
2024-04-16,167.5534210205078,489.0890808105469,157.11000061035156,42.36623001098633,77.70865631103516,43.69944763183594,38.12117385864258,117.75450134277344,99.37855529785156,68.41231536865234,33.0789680480957,29.20888328552246,132.988037109375,84.79280853271484
2024-04-17,166.1882781982422,486.1946105957031,155.4499969482422,42.46165084838867,77.64068603515625,43.57445526123047,38.217464447021484,117.1451416015625,97.9452133178711,68.66496276855469,32.80354309082031,29.81846809387207,132.75790405273438,84.38151550292969
2024-04-18,165.2386016845703,485.1941223144531,149.92999267578125,42.4759521484375,78.01937103271484,43.440216064453125,38.352264404296875,116.7388687133789,96.82709503173828,68.98311614990234,32.81272506713867,29.985990524291992,132.74827575683594,83.85757446289062
2024-04-19,163.2206268310547,480.959228515625,147.0500030517578,42.44256591796875,77.16487884521484,43.963314056396484,38.881866455078125,116.52608489990234,94.83223724365234,69.65687561035156,32.941253662109375,30.44666862487793,133.2469482421875,83.12311553955078
2024-04-22,164.0515594482422,485.38836669921875,142.0500030517578,42.48550033569336,77.2717056274414,44.25032043457031,39.35367965698242,117.40628814697266,95.67943572998047,70.32124328613281,33.20750045776367,30.725862503051758,133.75521850585938,83.4903335571289
2024-04-23,165.1001434326172,491.1483154296875,144.67999267578125,42.118133544921875,78.44661712646484,44.49566650390625,39.60403823852539,119.04096221923828,97.09801483154297,70.51775360107422,33.51048278808594,30.870113372802734,135.5005340576172,84.48432922363281
2024-04-24,167.19728088378906,490.9151611328125,162.1300048828125,42.146751403808594,78.49517059326172,44.528076171875,39.59440231323242,118.09305572509766,97.54131317138672,71.05111694335938,33.639007568359375,31.056255340576172,135.0785675048828,85.29225158691406
2024-04-25,168.0579376220703,489.0502014160156,170.17999267578125,42.44733428955078,75.69869995117188,44.731754302978516,39.36330795288086,118.45093536376953,97.32951354980469,70.88268280029297,33.44620895385742,31.14000129699707,134.17713928222656,85.36570739746094
2024-04-26,167.47425842285156,493.6835021972656,168.2899932861328,42.70973205566406,77.78632354736328,44.31975555419922,39.30553436279297,118.6444091796875,98.42790985107422,70.73296356201172,33.4737434387207,30.800321578979492,134.2155303955078,86.13446044921875
2024-04-29,171.6289520263672,495.4317932128906,194.0500030517578,43.06755828857422,76.88330841064453,44.62065505981445,39.24776077270508,119.43754577636719,98.85152435302734,70.95755004882812,33.85017013549805,31.219120025634766,134.66619873046875,88.13713073730469
2024-04-30,168.49313354492188,487.5835876464844,183.27999877929688,42.28511428833008,75.60160064697266,43.29207992553711,38.862606048583984,117.54170989990234,96.67439270019531,70.64874267578125,33.225860595703125,31.056255340576172,134.57029724121094,85.9924545288086
2024-05-01,167.47425842285156,486.0003356933594,179.99000549316406,42.504581451416016,76.30072021484375,42.602325439453125,38.862606048583984,117.25154876708984,95.68435668945312,70.19959259033203,33.244232177734375,31.414552688598633,134.81005859375,85.45384216308594
2024-05-02,171.16403198242188,490.54608154296875,180.00999450683594,42.28511428833008,77.06777954101562,42.847679138183594,38.95888900756836,117.92861938476562,97.06352996826172,70.78910064697266,33.721641540527344,31.58207893371582,134.71417236328125,86.53106689453125
2024-05-03,181.40240478515625,496.6265869140625,181.19000244140625,42.714508056640625,77.8834228515625,42.8523063659668,39.045555114746094,118.75078582763672,99.76766967773438,71.00431060791016,33.98788070678711,31.83336067199707,135.0497589111328,87.11376190185547
2024-05-06,179.7504425048828,501.7550964355469,184.75999450683594,42.97214126586914,78.94181823730469,43.19023895263672,39.546260833740234,119.95020294189453,100.93994903564453,71.0417709350586,33.9970588684082,31.996219635009766,135.5963897705078,88.04410552978516
2024-05-07,180.4329833984375,502.30889892578125,177.80999755859375,43.48262405395508,79.02919006347656,43.14857482910156,39.68107223510742,120.27906799316406,100.60994720458984,71.81843566894531,34.35511779785156,32.35918045043945,136.7183837890625,87.41243743896484
2024-05-08,180.76931762695312,502.3572998046875,174.72000122070312,43.282249450683594,78.90296936035156,43.09765625,39.825504302978516,120.27906799316406,100.89562225341797,71.60321044921875,34.03379440307617,32.69886779785156,136.2484893798828,87.08438873291016
2024-05-09,182.57958984375,505.2519226074219,171.97000122070312,43.764122009277344,79.30107879638672,43.67629623413086,40.12400436401367,121.47846984863281,100.8660659790039,72.22079467773438,34.84171676635742,33.196773529052734,137.41842651367188,87.67684173583984
2024-05-10,181.3215789794922,505.9026184082031,168.47000122070312,43.81660079956055,79.4176025390625,43.43558120727539,40.27806854248047,121.5655288696289,101.24043273925781,72.63253021240234,34.71318435668945,33.16419982910156,137.6964874267578,87.206787109375
2024-05-13,184.52108764648438,505.97064208984375,171.88999938964844,43.78797912597656,79.27195739746094,43.319854736328125,40.11437225341797,121.05287170410156,101.71820068359375,72.42666625976562,34.804988861083984,33.16419982910156,137.56224060058594,87.09416961669922
2024-05-14,185.6602020263672,508.2921447753906,177.5500030517578,43.83091354370117,79.63121795654297,43.375396728515625,40.31658172607422,121.02384948730469,102.61958312988281,72.28630065917969,35.052879333496094,33.25262451171875,138.14723205566406,87.49079132080078
2024-05-15,187.92860412597656,514.5863647460938,173.99000549316406,43.90724563598633,80.1361312866211,43.47261428833008,40.615081787109375,121.81700897216797,104.9296875,72.33308410644531,35.64964294433594,33.750518798828125,140.1993865966797,87.62299346923828
2024-05-16,188.04745483398438,513.5275268554688,174.83999633789062,43.592369079589844,80.077880859375,43.35226058959961,40.615081787109375,121.09156036376953,104.56520080566406,73.36241149902344,35.58536911010742,33.634193420410156,140.03636169433594,87.05499267578125
2024-05-17,188.07716369628906,514.2656860351562,177.4600067138672,43.96450424194336,80.21381378173828,43.95867919921875,40.913578033447266,121.22696685791016,104.33369445800781,73.18462371826172,35.58536911010742,33.662105560302734,140.30487060546875,87.5005874633789
2024-05-20,189.2361297607422,514.858154296875,174.9499969482422,44.02652359008789,80.44685363769531,43.671669006347656,40.3551025390625,121.45912170410156,105.5601577758789,72.67931365966797,35.365028381347656,33.60627365112305,140.00759887695312,86.84935760498047
2024-05-21,190.5337677001953,516.1209106445312,186.60000610351562,44.02652359008789,80.34005737304688,43.4587287902832,40.615081787109375,121.06255340576172,105.73255157470703,73.1097640991211,35.337486267089844,33.90874481201172,140.24734497070312,87.40754699707031
2024-05-22,189.09744262695312,514.634765625,180.11000061035156,43.597129821777344,80.43714141845703,42.6254768371582,40.38398361206055,121.20762634277344,105.96898651123047,72.8196792602539,35.03451156616211,33.508544921875,140.4966583251953,86.49678802490234
2024-05-23,185.11541748046875,510.8758850097656,173.74000549316406,43.210693359375,79.5244140625,42.236629486083984,39.825504302978516,119.77609252929688,105.10700225830078,71.95879364013672,34.290855407714844,32.94084548950195,138.9623565673828,85.09638977050781
2024-05-24,188.18612670898438,514.256103515625,179.24000549316406,43.58759689331055,80.54395294189453,42.29680633544922,40.06623077392578,120.38545989990234,105.99362182617188,72.14593505859375,34.290855407714844,33.27123260498047,138.492431640625,85.95328521728516
2024-05-28,188.19606018066406,514.6153564453125,176.75,43.42060470581055,80.67987823486328,42.73194885253906,39.623291015625,118.91522216796875,106.44184112548828,71.5844955444336,34.08887481689453,33.2386589050293,136.8142852783203,85.74272918701172
2024-05-29,188.4932098388672,511.01177978515625,176.19000244140625,42.800384521484375,80.2526626586914,41.977394104003906,39.30553436279297,117.23219299316406,105.76702880859375,71.06982421875,33.767547607421875,32.81055450439453,135.74981689453125,85.17964172363281
2024-05-30,189.48377990722656,507.6219177246094,178.7899932861328,43.14866256713867,79.99048614501953,42.097747802734375,39.51737594604492,118.0350112915039,103.35350036621094,71.25698852539062,34.254127502441406,33.25262451171875,135.81695556640625,85.6839828491211
2024-05-31,190.43472290039062,512.2453002929688,178.0800018310547,43.668697357177734,80.844970703125,43.14394760131836,40.095115661621094,119.46654510498047,103.51604461669922,72.37051391601562,34.93351745605469,33.838932037353516,137.802001953125,86.16383361816406
2024-06-03,192.19789123535156,512.6630249023438,176.2899932861328,43.41107177734375,81.16537475585938,42.014427185058594,39.844764709472656,118.00598907470703,103.77709197998047,72.34243774414062,34.795814514160156,33.45271682739258,138.7705535888672,86.1246566772461
2024-06-04,192.51487731933594,513.2362060546875,174.77000427246094,42.92919921875,81.47610473632812,41.611690521240234,39.66180419921875,117.7158203125,103.99381256103516,72.96939086914062,35.12632751464844,33.43874740600586,139.17330932617188,86.21279907226562
2024-06-05,194.02052307128906,519.3359985351562,175.0,43.224998474121094,82.4665298461914,41.6070556640625,39.77736282348633,118.90554809570312,106.3039321899414,72.81031036376953,35.08041763305664,33.247962951660156,139.80621337890625,86.7171401977539
2024-06-06,192.64366149902344,519.3263549804688,177.94000244140625,43.272701263427734,82.51506805419922,41.82462692260742,39.75809860229492,118.19944763183594,105.94927215576172,73.034912109375,35.135501861572266,32.903621673583984,140.2665557861328,87.34878540039062
2024-06-07,195.03091430664062,518.6950073242188,177.47999572753906,42.83855438232422,81.95189666748047,41.65797424316406,39.9410514831543,118.32518005371094,106.19556427001953,72.66995239257812,34.860076904296875,32.545310974121094,140.41995239257812,86.99134826660156
2024-06-10,191.29647827148438,520.2975463867188,173.7899932861328,42.79560852050781,82.15579986572266,41.97276306152344,39.7869873046875,118.69275665283203,106.4664535522461,72.61380767822266,35.03451156616211,32.964111328125,140.9377899169922,87.27044677734375
2024-06-11,205.19403076171875,521.5506591796875,170.66000366210938,42.78129959106445,82.31116485595703,41.889434814453125,39.33442306518555,118.01567077636719,108.4465560913086,72.57637786865234,34.92434310913086,32.7640266418457,140.3528289794922,87.0403060913086
2024-06-12,211.05812072753906,525.8341064453125,177.2899932861328,42.862403869628906,82.13638305664062,41.440406799316406,39.29591369628906,119.1376953125,110.84529876708984,71.78099060058594,35.17223358154297,32.54996871948242,140.05551147460938,87.9461669921875
2024-06-13,212.2170867919922,526.8929443359375,182.47000122070312,42.84809112548828,81.42755889892578,41.060813903808594,39.267024993896484,118.3735580444336,111.7220687866211,71.87457275390625,35.34666061401367,32.624420166015625,139.94046020507812,88.01470947265625
2024-06-14,210.4835968017578,527.2135620117188,178.00999450683594,42.45210266113281,81.68972778320312,40.75529098510742,39.141841888427734,117.18380737304688,112.14073181152344,72.00555419921875,35.374210357666016,32.545310974121094,139.8925323486328,87.31941223144531
2024-06-17,214.62413024902344,531.4096069335938,187.44000244140625,42.766990661621094,82.07813262939453,40.86175537109375,39.48849105834961,118.47994232177734,113.84005737304688,72.68867492675781,35.19058609008789,32.18701171875,139.7486572265625,88.85203552246094
2024-06-18,212.26657104492188,532.7597045898438,184.86000061035156,42.719276428222656,81.59262084960938,41.03304672241211,39.73884201049805,119.11835479736328,113.98290252685547,72.78224182128906,35.328304290771484,32.200965881347656,139.93089294433594,88.5533447265625
2024-06-20,207.7001190185547,531.3123779296875,181.57000732421875,42.762210845947266,81.94218444824219,41.787593841552734,39.950679779052734,119.19573211669922,112.70223999023438,72.6231689453125,35.23649597167969,32.48017120361328,140.3911895751953,88.66595458984375
2024-06-21,205.5308074951172,530.6000366210938,183.00999450683594,42.766990661621094,82.47623443603516,41.546875,39.7966194152832,118.94424438476562,112.50524139404297,72.67931365966797,35.328304290771484,32.28937911987305,140.7843475341797,89.41512298583984
2024-06-24,206.1746826171875,528.8753051757812,182.5800018310547,43.04262924194336,82.75273132324219,42.5944709777832,40.20553970336914,119.44989776611328,109.74700164794922,73.45430755615234,35.566654205322266,32.713905334472656,141.60552978515625,89.03335571289062
2024-06-25,207.0959014892578,530.9119262695312,187.35000610351562,42.49614334106445,83.67759704589844,42.692466735839844,39.905853271484375,118.43077850341797,111.76016998291016,72.98289489746094,35.06584548950195,32.4043083190918,141.16270446777344,88.67514038085938
2024-06-26,211.23641967773438,531.5745849609375,196.3699951171875,42.467384338378906,83.68733215332031,42.27249526977539,39.65450668334961,118.11051177978516,111.63188171386719,72.83204650878906,35.01947021484375,32.268272399902344,140.662109375,89.96078491210938
2024-06-27,212.0784149169922,532.4124755859375,197.4199981689453,42.3475341796875,84.16438293457031,42.37049102783203,39.606170654296875,118.2366714477539,111.6861572265625,72.52091979980469,35.33479309082031,32.324562072753906,140.4310302734375,90.5103759765625
2024-06-28,208.63124084472656,530.3175048828125,197.8800048828125,42.33315658569336,83.39527130126953,42.5338134765625,39.74150848388672,118.28520965576172,111.62693786621094,72.20036315917969,35.62229919433594,31.963367462158203,140.31549072265625,89.5044174194336
2024-07-01,214.70335388183594,531.408935546875,209.86000061035156,41.68120574951172,83.04479217529297,42.55714416503906,39.828521728515625,117.01373291015625,112.47068786621094,71.69125366210938,35.279151916503906,31.742897033691406,139.5260772705078,89.80867004394531
2024-07-02,218.1901397705078,534.9851684570312,231.25999450683594,41.757911682128906,83.7846908569336,42.52447509765625,40.292537689208984,117.65433502197266,113.03319549560547,72.1909408569336,35.42753982543945,31.907073974609375,139.01585388183594,91.55558013916016
2024-07-03,219.45806884765625,537.3726196289062,246.38999938964844,42.06950378417969,83.81391906738281,42.71113204956055,40.166866302490234,118.08139038085938,114.55787658691406,72.0683822631836,35.390438079833984,32.09940719604492,137.9568634033203,92.13951873779297
2024-07-05,224.20278930664062,540.4713134765625,251.52000427246094,42.13661575317383,85.43975067138672,42.04383850097656,40.157203674316406,117.65433502197266,114.908203125,72.95462036132812,35.52027893066406,32.15569305419922,139.0254669189453,92.89027404785156
2024-07-08,225.66883850097656,541.0950317382812,252.94000244140625,42.26125717163086,84.67064666748047,41.787200927734375,40.05085754394531,117.7999267578125,115.69275665283203,72.84148406982422,35.60374069213867,32.188533782958984,138.87144470214844,92.93444061279297
2024-07-09,226.52072143554688,541.6211547851562,262.3299865722656,41.82981491088867,84.93350219726562,41.418556213378906,40.36021041870117,117.28549194335938,115.59899139404297,72.65290832519531,35.61302185058594,32.2823486328125,139.54534912109375,93.24359130859375
2024-07-10,230.78012084960938,546.980712890625,263.260009765625,42.39068603515625,85.46896362304688,41.69853210449219,40.51488494873047,118.33374786376953,117.27661895751953,72.97347259521484,35.86342239379883,32.587249755859375,140.86427307128906,93.94529724121094
2024-07-11,225.42120361328125,542.2642822265625,241.02999877929688,42.97071838378906,84.3006820678711,42.13250732421875,40.83389663696289,119.83815002441406,114.34075927734375,72.70005798339844,36.81866455078125,33.1829833984375,141.8558807373047,92.75288391113281
2024-07-12,228.36314392089844,545.6846923828125,248.22999572753906,43.382972717285156,84.02809143066406,42.23983383178711,40.969234466552734,120.52725219726562,115.36214447021484,73.02062225341797,37.08762741088867,33.42691421508789,142.7415313720703,93.96493530273438
2024-07-15,232.18670654296875,547.185302734375,252.63999938964844,43.27272033691406,84.32988739013672,42.87912368774414,41.56859588623047,121.39107513427734,115.56938171386719,72.59635162353516,37.24528884887695,32.615394592285156,142.24095153808594,93.85697174072266
2024-07-16,232.6027374267578,550.4303588867188,256.55999755859375,44.11162185668945,84.5538101196289,43.0704460144043,42.04228973388672,124.4193115234375,115.18450927734375,73.29402160644531,37.59770584106445,32.86870193481445,144.2722625732422,95.54008483886719
2024-07-17,226.71884155273438,542.7125854492188,248.5,44.020538330078125,83.2784423828125,43.499752044677734,42.36130142211914,122.82755279541016,110.70423889160156,74.23683166503906,37.931583404541016,32.8874626159668,144.9268798828125,93.94529724121094
2024-07-18,222.06320190429688,538.5418701171875,249.22999572753906,43.58431625366211,83.2297592163086,43.579078674316406,41.84893798828125,121.86665344238281,110.714111328125,73.86912536621094,37.61625671386719,32.859317779541016,141.63441467285156,92.9884262084961
2024-07-19,222.1919708251953,534.9656372070312,239.1999969482422,43.19602584838867,82.85981750488281,43.10310745239258,41.423587799072266,121.19696044921875,108.98218536376953,73.6240005493164,37.569881439208984,32.8968391418457,142.3564453125,92.15912628173828
2024-07-22,221.84527587890625,540.4810791015625,251.50999450683594,43.3398323059082,83.21029663085938,42.832462310791016,41.655601501464844,122.42960357666016,111.56278228759766,73.67115020751953,37.94084930419922,33.17359924316406,143.1747589111328,93.17488861083984
2024-07-23,222.88536071777344,539.6333618164062,246.3800048828125,43.51240539550781,83.09346008300781,42.15117645263672,41.73293685913086,122.19666290283203,111.11870574951172,73.40717315673828,37.87593460083008,32.96720886230469,143.08811950683594,92.7577896118164
2024-07-24,216.4764404296875,527.4039306640625,215.99000549316406,42.956336975097656,80.92242431640625,42.15583801269531,41.16258239746094,119.5663833618164,106.52002716064453,73.34117126464844,37.35657501220703,33.3377799987793,144.2819061279297,88.96464538574219
2024-07-25,215.43637084960938,524.6559448242188,220.25,43.07617950439453,79.9878158569336,42.8837890625,41.31725311279297,120.52725219726562,105.38021087646484,73.25631713867188,37.15254211425781,33.0610237121582,143.55984497070312,88.61624145507812
2024-07-26,215.90196228027344,530.5318603515625,219.8000030517578,43.780853271484375,81.4870834350586,43.01911926269531,41.96495056152344,122.58489990234375,106.7173843383789,74.00113677978516,37.77391815185547,33.38469314575195,144.36854553222656,89.60745239257812
2024-07-29,216.17929077148438,530.84375,232.10000610351562,43.85755920410156,82.20752716064453,42.650474548339844,41.90694808959961,122.37137603759766,106.24370574951172,74.02941131591797,38.01504898071289,33.53479766845703,144.45518493652344,91.10413360595703
2024-07-30,216.73402404785156,528.1541137695312,222.6199951171875,43.713741302490234,82.53853607177734,43.31309509277344,42.39030075073242,122.73047637939453,103.57427978515625,73.52973175048828,38.293277740478516,33.7083625793457,144.580322265625,90.59870147705078
2024-07-31,219.9830322265625,536.7391357421875,232.07000732421875,44.169151306152344,83.52183532714844,43.495086669921875,42.283966064453125,124.09901428222656,107.96080780029297,73.3977279663086,38.20052719116211,34.14460754394531,144.05084228515625,92.00211334228516
2024-08-01,216.2981719970703,529.138427734375,216.86000061035156,43.99177169799805,83.8625717163086,42.34249496459961,41.684600830078125,121.7987289428711,103.93448638916016,74.07655334472656,38.7940788269043,34.75910186767578,145.5238037109375,89.74488830566406
2024-08-02,217.78399658203125,519.2866821289062,207.6699981689453,43.1624641418457,82.49958801269531,41.25056457519531,40.659889221191406,119.11990356445312,101.01342010498047,74.72710418701172,38.821895599365234,34.81540298461914,145.23495483398438,86.44242858886719
2024-08-05,207.29400634765625,504.1631774902344,198.8800048828125,42.19893264770508,80.13384246826172,40.34062576293945,39.480499267578125,117.05257415771484,97.64828491210938,73.25631713867188,37.69972229003906,33.895992279052734,141.35525512695312,83.99872589111328
2024-08-06,205.2732696533203,508.8112487792969,200.63999938964844,42.414649963378906,81.07819366455078,40.587947845458984,40.1185302734375,118.45991516113281,98.9755859375,73.76542663574219,38.534400939941406,34.18213653564453,142.0098876953125,84.92615509033203
2024-08-07,207.8387908935547,505.41046142578125,191.75999450683594,41.83940124511719,80.64981842041016,40.75126647949219,40.166866302490234,117.88726806640625,97.3719482421875,73.84085083007812,38.25617599487305,34.37446212768555,140.56582641601562,83.44422912597656
2024-08-08,211.29583740234375,517.0941772460938,198.83999633789062,42.48655319213867,82.2562026977539,41.628536224365234,40.81456756591797,120.60491180419922,101.00849151611328,74.51025390625,38.58077621459961,34.411983489990234,143.67539978027344,85.26472473144531
2024-08-09,214.1981964111328,519.3744506835938,200.0,42.452999114990234,82.95718383789062,41.721866607666016,40.98856735229492,120.62432098388672,101.46244812011719,74.6233901977539,38.77553939819336,34.529258728027344,144.3877716064453,85.54935455322266
2024-08-12,215.72540283203125,519.6472778320312,197.49000549316406,42.26604461669922,82.38277435302734,41.92718505859375,40.77589416503906,120.01285552978516,102.29139709472656,74.24626922607422,38.54367446899414,34.59023666381836,143.8390655517578,85.21076202392578
2024-08-13,219.43438720703125,528.1932983398438,207.8300018310547,42.687889099121094,83.45368957519531,41.52122116088867,41.11423873901367,121.27461242675781,105.43450164794922,74.58568572998047,38.8126220703125,34.79193878173828,145.58155822753906,87.34532928466797
2024-08-14,219.8806610107422,529.8594970703125,201.3800048828125,42.687889099121094,82.97663879394531,41.76386642456055,41.6169319152832,121.76960754394531,106.01180267333984,74.92508697509766,38.95173645019531,34.768489837646484,146.10140991210938,86.87916564941406
2024-08-15,222.8557586669922,538.94140625,214.13999938964844,43.36379623413086,83.72628784179688,42.26316833496094,42.00362014770508,123.40989685058594,109.06114196777344,75.69819641113281,38.840450286865234,34.76380157470703,147.01600646972656,89.6516342163086
2024-08-16,224.1747283935547,540.1497192382812,216.1199951171875,43.41653060913086,83.97942352294922,42.21649932861328,42.31296157836914,123.23519897460938,109.24370574951172,75.90560150146484,38.821895599365234,34.91859436035156,147.17002868652344,89.86263275146484
2024-08-19,224.01605224609375,545.3143310546875,222.72000122070312,43.62266540527344,84.93350219726562,42.50115203857422,42.54497146606445,123.9825439453125,111.0447006225586,76.16017150878906,39.05376434326172,35.148441314697266,148.06536865234375,90.96672058105469
2024-08-20,224.63092041015625,544.4275512695312,221.10000610351562,43.46446990966797,84.87509155273438,41.3812255859375,42.409637451171875,123.64283752441406,110.65489196777344,76.53729248046875,39.090858459472656,35.07339096069336,148.66226196289062,90.88330841064453
2024-08-21,224.52183532714844,546.298583984375,223.27000427246094,43.9630126953125,85.23530578613281,41.45122146606445,42.34196472167969,124.39018249511719,111.30622863769531,77.05584716796875,39.2206916809082,35.32201385498047,148.91253662109375,92.03155517578125
2024-08-22,222.66734313964844,542.0108642578125,210.66000366210938,43.8719367980957,84.59275817871094,41.55854034423828,42.58363723754883,124.23489379882812,108.74535369873047,76.94270324707031,39.46182632446289,35.2797966003418,149.00881958007812,90.4416732788086
2024-08-23,224.9581756591797,547.7699584960938,220.32000732421875,44.45197296142578,85.18663024902344,42.179168701171875,42.95099639892578,125.47722625732422,110.50687408447266,77.15953063964844,40.222312927246094,35.3782958984375,149.65382385253906,92.18856048583984
2024-08-26,225.29534912109375,546.4641723632812,213.2100067138672,44.64851379394531,85.38133239746094,42.55714416503906,43.086334228515625,125.34135437011719,109.1203384399414,77.70636749267578,40.194488525390625,35.608154296875,149.5768280029297,91.4721450805664
2024-08-27,226.1383056640625,547.2145385742188,209.2100067138672,44.65331268310547,85.18663024902344,42.16050338745117,43.30868148803711,125.41899871826172,109.78154754638672,77.89495086669922,40.2965087890625,35.326698303222656,149.80784606933594,91.23170471191406
2024-08-28,224.611083984375,544.037841796875,205.75,44.46155548095703,84.62195587158203,41.88985061645508,43.41501235961914,125.36076354980469,108.26673889160156,77.56494903564453,40.15739440917969,35.326698303222656,149.9811248779297,90.34843444824219
2024-08-29,227.88369750976562,544.0866088867188,206.27999877929688,44.70603942871094,84.44671630859375,42.43581771850586,43.80170440673828,126.24401092529297,107.28976440429688,77.17842102050781,39.999732971191406,35.519020080566406,150.29885864257812,90.45639038085938
2024-08-30,227.10025024414062,549.2803344726562,214.11000061035156,45.19499206542969,85.01138305664062,42.5944709777832,44.21738815307617,127.59313201904297,108.71574401855469,77.79122924804688,40.38924789428711,35.78640365600586,151.33859252929688,91.82054138183594
2024-09-03,220.92193603515625,537.9767456054688,210.60000610351562,44.169151306152344,83.45368957519531,41.535221099853516,43.88871383666992,124.76873016357422,103.72232055664062,78.33806610107422,40.48198318481445,35.73480224609375,151.04977416992188,90.5594482421875
2024-09-04,219.01788330078125,536.87548828125,219.41000366210938,43.98698043823242,83.05453491210938,40.96125030517578,43.937034606933594,124.89488983154297,103.45585632324219,78.70575714111328,40.574729919433594,36.039703369140625,150.78985595703125,90.79497528076172
2024-09-05,220.53518676757812,535.56982421875,230.1699981689453,43.64183807373047,83.29791259765625,40.643943786621094,43.45368194580078,123.43901062011719,103.29796600341797,78.404052734375,40.46343994140625,35.95058059692383,148.7200164794922,91.82545471191406
2024-09-06,218.9881134033203,526.5560913085938,210.72999572753906,43.09055709838867,81.55523681640625,40.13530349731445,42.815650939941406,122.18695831298828,100.61869049072266,78.2437744140625,40.46343994140625,35.608154296875,148.2097625732422,89.5044174194336
2024-09-09,219.07740783691406,532.4515380859375,216.27000427246094,43.50761032104492,81.90573120117188,40.42461395263672,43.45368194580078,124.06019592285156,102.26671600341797,78.8471908569336,40.94569778442383,35.96934127807617,149.24949645996094,90.80970001220703
2024-09-10,218.2840118408203,534.770751953125,226.1699981689453,43.526790618896484,81.8862533569336,39.72933578491211,43.00900650024414,124.27371978759766,103.79633331298828,78.82832336425781,41.669090270996094,36.138214111328125,149.93304443359375,91.84999084472656
2024-09-11,220.81285095214844,540.2568969726562,228.1300048828125,43.63224411010742,82.22700500488281,39.360687255859375,42.80598449707031,124.49696350097656,107.3390884399414,78.09292602539062,41.557804107666016,36.250789642333984,149.49017333984375,92.7676010131836
2024-09-12,220.92193603515625,544.8077392578125,229.80999755859375,44.03491973876953,83.76522827148438,39.71533203125,42.90265655517578,125.45781707763672,108.22725677490234,78.57374572753906,41.631996154785156,36.330535888671875,150.02928161621094,93.81279754638672
2024-09-13,220.65415954589844,547.653076171875,230.2899932861328,44.432796478271484,84.57328796386719,39.9393196105957,43.0283317565918,126.72930145263672,108.77001953125,79.13002014160156,41.928768157958984,36.841835021972656,150.33737182617188,94.45072174072266
2024-09-16,214.52545166015625,548.4617919921875,226.77999877929688,44.84505081176758,85.45921325683594,40.396629333496094,43.58902359008789,127.37959289550781,108.35555267333984,79.4411392211914,42.06787872314453,37.123291015625,151.37709045410156,94.28878784179688
2024-09-17,214.9915771484375,548.6859130859375,227.8699951171875,44.93134307861328,85.45921325683594,40.94258499145508,43.82103729248047,128.07843017578125,108.14337921142578,78.6868896484375,41.7340087890625,37.09514617919922,149.81748962402344,94.76968383789062
2024-09-18,218.85919189453125,547.0586547851562,227.1999969482422,44.73959732055664,85.39106750488281,41.02191925048828,43.685691833496094,127.97166442871094,107.15652465820312,78.38520812988281,41.613441467285156,36.81369400024414,149.56719970703125,94.58322143554688
2024-09-19,226.97132873535156,556.3939208984375,243.9199981689453,45.415504455566406,86.54962158203125,41.511878967285156,44.16905212402344,130.1748809814453,110.339111328125,77.92322540283203,41.51142883300781,36.59791564941406,150.10629272460938,96.7374038696289
2024-09-20,226.3069305419922,555.4320678710938,238.25,45.094329833984375,86.54962158203125,41.418556213378906,44.14004898071289,129.2624969482422,109.80126953125,78.30035400390625,41.437232971191406,37.564231872558594,149.49017333984375,96.51658630371094
2024-09-23,224.5912322998047,556.820068359375,250.0,45.48820495605469,86.74393463134766,41.92998123168945,44.08668518066406,130.130126953125,109.781005859375,78.75435638427734,41.89579391479492,37.93684387207031,149.19737243652344,97.68932342529297
2024-09-24,225.48379516601562,558.4133911132812,254.27000427246094,46.10934829711914,87.15406799316406,41.82646942138672,43.71800994873047,131.06492614746094,110.5323715209961,78.5647964477539,41.89579391479492,37.66765213012695,148.89781188964844,98.544921875
2024-09-25,224.49208068847656,557.1815795898438,257.0199890136719,45.80118942260742,86.88066864013672,41.007816314697266,43.456050872802734,130.45147705078125,110.84871673583984,78.3657455444336,41.718345642089844,37.86600112915039,147.44837951660156,98.19087982177734
2024-09-26,225.63253784179688,559.3907470703125,254.22000122070312,46.749752044677734,87.36891174316406,40.203277587890625,43.679195404052734,131.10385131835938,112.31681823730469,78.54584503173828,41.30742263793945,37.606258392333984,147.9412078857422,98.60884857177734
2024-09-27,225.90028381347656,558.5794067382812,260.4599914550781,46.66790008544922,87.89623260498047,41.021934509277344,43.80532455444336,131.28887939453125,111.26889038085938,78.68799591064453,41.36345672607422,37.97935104370117,147.8638916015625,98.75636291503906
2024-09-30,231.06707763671875,560.8177490234375,261.6300048828125,46.40788269042969,88.2770767211914,41.30893325805664,43.97026062011719,131.88284301757812,111.59512329101562,78.6690444946289,41.718345642089844,38.14936065673828,148.83018493652344,98.52525329589844
2024-10-01,224.33340454101562,555.793701171875,258.0199890136719,46.29232406616211,88.34541320800781,42.24991226196289,43.73740768432617,131.95101928710938,108.87641906738281,78.40365600585938,41.4661865234375,38.45632553100586,148.04747009277344,98.12696075439453
2024-10-02,224.898681640625,556.0283813476562,249.02000427246094,46.114166259765625,88.07201385498047,42.68275833129883,43.78592300415039,131.70758056640625,109.68214416503906,77.74018096923828,41.3167610168457,38.475223541259766,147.74795532226562,97.29595947265625
2024-10-03,223.79786682128906,555.0117797851562,240.66000366210938,45.603763580322266,87.76929473876953,43.435546875,43.55306625366211,131.0356903076172,110.13690948486328,76.96297454833984,40.91517639160156,38.4610595703125,146.41444396972656,96.16992950439453
2024-10-04,224.9185333251953,560.0553588867188,250.0800018310547,45.825260162353516,88.74579620361328,43.84016418457031,44.290435791015625,131.95101928710938,111.36279296875,77.21887969970703,40.64434051513672,38.399662017822266,146.53038024902344,97.44346618652344
2024-10-07,219.85092163085938,554.9923095703125,240.8300018310547,45.690433502197266,87.55445098876953,43.99542999267578,43.74711227416992,131.62966918945312,110.59663391113281,76.45115661621094,40.34547805786133,37.51652908325195,145.88296508789062,95.92898559570312
2024-10-08,223.8970489501953,560.2410888671875,244.5,45.47857666015625,88.32589721679688,42.84743118286133,43.999366760253906,131.92181396484375,112.66282653808594,76.83028411865234,40.466888427734375,37.535423278808594,146.6753387451172,96.86325073242188
2024-10-09,227.63577270507812,564.1214599609375,241.0500030517578,45.76748275756836,88.35518646240234,43.106201171875,44.4068603515625,133.10000610351562,113.92332458496094,77.29471588134766,40.485565185546875,37.21428298950195,148.17311096191406,97.55657196044922
2024-10-10,227.1399383544922,563.1343383789062,238.77000427246094,45.87340545654297,87.700927734375,43.39790725708008,44.271026611328125,132.4184112548828,113.8936538696289,76.95350646972656,40.149356842041016,37.10093688964844,147.62232971191406,97.0746841430664
2024-10-11,225.66232299804688,566.5065307617188,217.8000030517578,46.17194366455078,88.30636596679688,43.666080474853516,45.124820709228516,134.7845916748047,114.09138488769531,77.3800277709961,40.560279846191406,37.42680358886719,148.70457458496094,96.6616439819336
2024-10-14,229.38119506835938,571.1395263671875,219.16000366210938,46.4367790222168,88.71649932861328,43.64726257324219,45.40618133544922,135.59278869628906,115.57926177978516,77.69280242919922,40.840457916259766,37.89906692504883,149.52593994140625,97.08451080322266
2024-10-15,231.91004943847656,566.7020263671875,219.57000732421875,46.38862609863281,88.91180419921875,42.240501403808594,45.50320816040039,134.5509033203125,113.03849029541016,78.18566131591797,41.3541145324707,38.06907653808594,147.69961547851562,97.29595947265625
2024-10-16,229.85720825195312,569.1651000976562,221.3300018310547,46.749752044677734,88.85320281982422,42.442813873291016,46.06593322753906,135.59278869628906,113.38945770263672,78.1287841796875,41.76504135131836,38.82469940185547,148.1151580810547,97.8073501586914
2024-10-17,230.22412109375,569.2140502929688,220.88999938964844,46.82197952270508,88.43331146240234,42.645118713378906,46.19205856323242,135.20327758789062,113.73548126220703,77.77809143066406,41.49420928955078,38.47994613647461,147.255126953125,97.71884155273438
2024-10-18,233.0504913330078,571.403564453125,220.6999969482422,47.00977325439453,89.08757781982422,42.50397491455078,46.201759338378906,135.61227416992188,114.14081573486328,77.94869995117188,41.783721923828125,38.701908111572266,147.9701690673828,98.10237884521484
2024-10-21,234.51820373535156,570.4651489257812,218.85000610351562,46.64863586425781,88.73604583740234,42.37693786621094,45.83308029174805,135.1351318359375,114.67467498779297,77.29471588134766,40.92450714111328,38.55078887939453,146.23085021972656,97.34021759033203
2024-10-22,233.90335083007812,570.162109375,217.97000122070312,46.2200927734375,88.86297607421875,42.475738525390625,45.745758056640625,133.4992218017578,114.55603790283203,77.730712890625,40.98988342285156,38.41382598876953,146.0182342529297,96.94684600830078
2024-10-23,228.84567260742188,564.952392578125,213.64999389648438,46.094905853271484,88.1891860961914,42.25461959838867,45.70695114135742,133.10975646972656,112.9149169921875,77.57904815673828,41.39147186279297,38.782196044921875,145.3321533203125,95.42252349853516
2024-10-24,228.6572265625,566.1741333007812,260.4800109863281,45.53153610229492,88.49190521240234,42.24991226196289,45.745758056640625,132.19444274902344,113.2461166381836,77.47480010986328,41.48486328125,38.531890869140625,144.3755340576172,98.43181610107422
2024-10-25,229.49026489257812,565.9785766601562,269.19000244140625,45.24263381958008,88.71649932861328,42.23578643798828,45.241241455078125,131.84388732910156,113.83434295654297,76.83028411865234,41.15799331665039,37.9604606628418,143.5831298828125,98.74160766601562
2024-10-28,231.46376037597656,567.7283935546875,262.510009765625,45.61820983886719,89.28289031982422,41.96760940551758,45.803977966308594,132.23338317871094,113.79975128173828,76.97244262695312,41.28874206542969,38.25798416137695,143.79574584960938,98.97270965576172
2024-10-29,231.73153686523438,568.6471557617188,259.5199890136719,45.324485778808594,90.12268829345703,41.3277473449707,45.522613525390625,132.05812072753906,115.33209991455078,76.21420288085938,40.91517639160156,37.440975189208984,143.39955139160156,98.45640563964844
2024-10-30,228.191162109375,566.9268188476562,257.54998779296875,45.57006072998047,90.6695327758789,41.421852111816406,45.72636032104492,131.8341522216797,113.49819946289062,76.09098052978516,41.06460189819336,37.35123825073242,143.12899780273438,98.31873321533203
2024-10-31,224.03590393066406,555.8133544921875,249.85000610351562,44.96817398071289,89.8785629272461,41.68061447143555,45.09571075439453,130.31515502929688,109.85516357421875,75.9393310546875,40.34547805786133,37.73849868774414,141.9210968017578,96.8140640258789
2024-11-01,221.06080627441406,558.1591186523438,248.97999572753906,44.842979431152344,90.23011016845703,41.417144775390625,45.250946044921875,130.4904022216797,110.6806411743164,75.96776580810547,39.91587448120117,36.89786148071289,142.76182556152344,98.3875732421875
2024-11-04,220.16822814941406,556.9569091796875,242.83999633789062,45.04039764404297,89.92738342285156,42.141700744628906,44.901668548583984,130.34434509277344,110.59663391113281,76.17628479003906,40.36416244506836,36.45866012573242,141.824462890625,98.04827880859375
2024-11-05,221.59629821777344,563.6914672851562,251.44000244140625,45.10780715942383,90.92342376708984,42.42399215698242,45.3188591003418,132.52552795410156,112.1536865234375,76.65966796875,40.91517639160156,37.00648880004883,142.86810302734375,99.78404235839844
2024-11-06,220.8723602294922,577.7080078125,288.5299987792969,45.72895431518555,93.15965270996094,44.018943786621094,48.07427978515625,137.71551513671875,115.346923828125,75.40855407714844,39.822479248046875,36.62395477294922,143.05169677734375,102.97528839111328
2024-11-07,225.59288024902344,582.1748657226562,296.9100036621094,45.9071159362793,94.38030242919922,43.8166389465332,47.2981071472168,136.8878631591797,117.35875701904297,75.68341827392578,40.31745529174805,36.6900749206543,144.08563232421875,104.29801177978516
2024-11-08,225.3248291015625,584.6968383789062,321.2200012207031,45.48820495605469,93.92133331298828,44.108341217041016,47.72500228881836,138.35821533203125,117.2302474975586,76.60279846191406,41.00856018066406,37.393741607666016,145.11956787109375,105.77806091308594
2024-11-11,222.61448669433594,585.2539672851562,350.0,45.2907829284668,94.44865417480469,44.35770034790039,48.40415573120117,139.42930603027344,116.58269500732422,76.3374252319336,40.6536750793457,37.49763870239258,144.26925659179688,107.91212463378906
2024-11-12,222.61448669433594,583.4359130859375,328.489990234375,44.52037048339844,94.8783187866211,44.12245559692383,48.25862503051758,138.2316131591797,116.73099517822266,76.42271423339844,40.140018463134766,37.06787872314453,142.2593231201172,106.47138977050781
2024-11-13,223.49806213378906,583.7192993164062,330.239990234375,44.62630081176758,94.91737365722656,44.465911865234375,48.28772735595703,138.52369689941406,116.32566833496094,76.65019989013672,40.457550048828125,37.00176239013672,141.88246154785156,107.38106536865234
2024-11-14,226.57574462890625,579.9658813476562,311.17999267578125,44.260353088378906,94.80996704101562,44.63529586791992,48.16160202026367,136.186767578125,115.93021392822266,76.46062469482422,40.09332275390625,36.87425231933594,139.65028381347656,105.85675048828125
2024-11-15,223.37892150878906,572.537353515625,320.7200012207031,43.952186584472656,92.91552734375,44.56942367553711,48.3847541809082,135.45648193359375,113.05333709716797,75.78768920898438,40.140018463134766,37.42680358886719,137.06060791015625,104.95198059082031
2024-11-18,226.37718200683594,574.88330078125,338.739990234375,44.294063568115234,93.83343505859375,45.1622314453125,48.5302848815918,135.2714385986328,113.41911315917969,76.31845092773438,40.494903564453125,37.75266647338867,137.15724182128906,105.92066955566406
2024-11-19,226.63531494140625,576.9846801757812,346.0,44.149600982666016,94.44865417480469,44.875240325927734,48.21010971069336,135.15460205078125,114.34841918945312,76.42271423339844,40.66301727294922,37.99351501464844,136.45181274414062,105.99934387207031
2024-11-20,227.35011291503906,577.18017578125,342.0299987792969,44.510738372802734,95.0541000366211,45.326900482177734,48.06458282470703,135.3006591796875,114.24955749511719,76.03411865234375,40.59763717651367,38.01240539550781,138.06556701660156,105.53221130371094
2024-11-21,226.87356567382812,580.2786865234375,339.6400146484375,45.054847717285156,94.80996704101562,45.69388961791992,48.675819396972656,136.99497985839844,115.41117858886719,76.85871887207031,40.86847686767578,38.67357635498047,139.17681884765625,105.71907043457031
2024-11-22,228.21383666992188,582.0772094726562,352.55999755859375,45.30522918701172,94.60489654541016,45.764461517333984,49.219139099121094,138.9034881591797,115.47051239013672,77.56956481933594,41.17667007446289,38.46577835083008,139.30242919921875,107.2433853149414
2024-11-25,231.19224548339844,584.0516357421875,338.5899963378906,45.77229309082031,95.0931625366211,44.86111831665039,49.53931427001953,139.77012634277344,115.46556091308594,77.99610900878906,41.72768020629883,38.536617279052734,140.49098205566406,108.33992004394531
2024-11-26,233.36643981933594,587.1012573242188,338.2300109863281,45.430423736572266,95.44469451904297,44.799957275390625,49.63633346557617,139.93565368652344,116.04390716552734,78.318359375,41.93315124511719,39.15055847167969,141.2447052001953,108.73328399658203
2024-11-27,233.23741149902344,585.3222045898438,332.8900146484375,45.40634536743164,95.57164764404297,44.75291061401367,49.73335266113281,139.4195556640625,114.47200012207031,78.4794921875,42.222660064697266,39.15055847167969,141.99839782714844,108.19730377197266
2024-11-29,235.62010192871094,588.9583740234375,345.1600036621094,45.637474060058594,96.08919525146484,44.9458122253418,49.81096649169922,140.2082977294922,115.53475952148438,78.87757110595703,42.02654266357422,39.16472625732422,142.4429168701172,109.30859375
2024-12-02,237.8638153076172,590.013916015625,357.0899963378906,45.608577728271484,96.88017272949219,44.47061538696289,49.316162109375,139.17613220214844,116.63213348388672,78.78279113769531,41.39147186279297,38.324100494384766,142.19168090820312,110.26251983642578
2024-12-03,240.90174865722656,590.2877197265625,351.4200134277344,45.46412658691406,97.6613998413086,44.465911865234375,48.947479248046875,138.29977416992188,117.05229187011719,78.37522888183594,41.14864730834961,37.99351501464844,141.87278747558594,110.17893981933594
2024-12-04,241.25918579101562,593.953125,357.92999267578125,45.021141052246094,97.88599395751953,43.3931999206543,48.76313018798828,138.9034881591797,119.1926498413086,78.1572265625,41.03657531738281,37.988792419433594,141.79550170898438,111.20170593261719
2024-12-05,241.28897094726562,592.9757080078125,369.489990234375,44.42888259887695,97.6613998413086,43.56257247924805,48.908668518066406,137.2189178466797,118.58959197998047,78.47000885009766,40.9338493347168,38.10686111450195,140.21075439453125,112.11138916015625
2024-12-06,241.0903778076172,594.0997314453125,389.2200012207031,44.25553894042969,98.55978393554688,42.82390594482422,48.89896774291992,136.86837768554688,119.04930114746094,78.08140563964844,40.8778190612793,37.63459777832031,139.41836547851562,114.47162628173828
2024-12-09,244.9722442626953,591.0404052734375,389.7900085449219,44.24591064453125,96.46027374267578,42.75333023071289,48.229515075683594,135.68040466308594,118.27323150634766,77.95819091796875,40.96186828613281,37.16233444213867,139.82424926757812,114.10773468017578
2024-12-10,245.98487854003906,589.2027587890625,400.989990234375,43.79329299926758,97.973876953125,42.46162796020508,48.21981430053711,135.349365234375,116.63213348388672,78.32783508300781,40.29878616333008,36.89314270019531,139.24444580078125,114.29460144042969
2024-12-11,244.71409606933594,593.7577514648438,424.7699890136719,43.63920593261719,99.57537078857422,42.53221130371094,48.316837310791016,135.03775024414062,118.32266235351562,77.730712890625,40.196048736572266,36.66173553466797,137.35049438476562,116.30081176757812
2024-12-12,246.17352294921875,590.6981811523438,418.1000061035156,43.335853576660156,99.76091766357422,42.18874740600586,48.103389739990234,134.17112731933594,117.66029357910156,77.95819091796875,40.168025970458984,36.642845153808594,136.25856018066406,115.33704376220703
2024-12-13,246.34228515625,590.5809326171875,436.2300109863281,42.965091705322266,98.5695571899414,41.97703170776367,48.06458282470703,133.82057189941406,118.16449737548828,77.75914001464844,39.99993133544922,36.66645812988281,136.23924255371094,115.79434204101562
2024-12-16,249.23130798339844,593.102783203125,463.0199890136719,42.5847053527832,98.95039367675781,41.054866790771484,47.97726058959961,133.9374542236328,119.34587860107422,77.3515853881836,39.794464111328125,36.373653411865234,134.61582946777344,117.36289978027344
2024-12-17,251.6537322998047,590.6591186523438,479.8599853515625,42.34876251220703,98.20823669433594,40.74905014038086,47.63768005371094,132.7105255126953,118.62420654296875,77.21887969970703,39.61701583862305,36.22252655029297,134.5192413330078,117.73169708251953
2024-12-18,246.26287841796875,573.0554809570312,440.1300048828125,41.14498519897461,95.40564727783203,39.54460144042969,46.211463928222656,128.96165466308594,114.79825592041016,76.04358673095703,38.06670379638672,35.367740631103516,132.69290161132812,112.42607879638672
2024-12-19,247.99032592773438,572.8793334960938,436.1700134277344,40.701995849609375,95.1419906616211,39.201133728027344,46.37640380859375,128.79611206054688,114.92182922363281,75.5033187866211,37.4129638671875,35.5283088684082,131.6879425048828,112.27364349365234
2024-12-20,252.656494140625,579.76025390625,421.05999755859375,41.20759201049805,95.65953063964844,39.586944580078125,47.06525802612305,130.30538940429688,116.63707733154297,75.76873016357422,38.094722747802734,36.09502029418945,133.34999084472656,112.55884552001953
2024-12-23,253.43087768554688,583.2320556640625,430.6000061035156,41.17564010620117,96.18235778808594,39.81941604614258,47.178279876708984,130.27603149414062,117.87289428710938,75.36952209472656,38.26841735839844,36.21786880493164,134.6817626953125,112.9002456665039
2024-12-24,256.3397521972656,589.7147216796875,462.2799987792969,41.398284912109375,97.0928726196289,40.15626907348633,47.733665466308594,131.2938232421875,119.09086608886719,75.86613464355469,38.523284912109375,36.41786575317383,135.23504638671875,115.51128387451172
2024-12-26,257.1538391113281,589.75390625,454.1300048828125,41.33536148071289,96.9655990600586,40.123050689697266,47.850589752197266,131.39166259765625,119.17010498046875,76.10488891601562,38.579917907714844,36.332157135009766,135.50686645507812,115.08268737792969
2024-12-27,253.74853515625,583.5459594726562,431.6600036621094,41.11271667480469,96.10403442382812,40.11831283569336,47.499813079833984,130.4130401611328,117.5857162475586,75.73242950439453,38.26841735839844,36.22739791870117,134.8759002685547,113.18106079101562
2024-12-30,250.38296508789062,576.88671875,417.4100036621094,40.560935974121094,95.09561157226562,40.11357116699219,47.0418701171875,129.10165405273438,116.09046936035156,74.84426879882812,38.08905792236328,36.075016021728516,133.21603393554688,111.36317443847656
